ERROR - 2026-08-29 18:02:59 --> Table 'gbinsura_crm.messages' doesn't exist
in SYSTEMPATH\Database\MySQLi\Connection.php on line 300.
 1 SYSTEMPATH\Database\MySQLi\Connection.php(300): mysqli->query('SELECT e.employeeId, e.name, e.email, e.profilePhoto, e.jobTitle, e.gender,
                       m.messageId  AS lastMessageId,
                       m.messageText AS lastMessage,
                       m.createdAt   AS lastMessageAt,
                       CASE WHEN m.senderId = \'207c49c0f2fc6493\' THEN \'sent\' ELSE \'received\' END AS lastDirection
                FROM (
                    SELECT CASE WHEN senderId = \'207c49c0f2fc6493\' THEN receiverId ELSE senderId END AS otherId,
                           MAX(messageId) AS lastMid
                    FROM messages
                    WHERE senderId = \'207c49c0f2fc6493\' OR receiverId = \'207c49c0f2fc6493\'
                    GROUP BY otherId
                ) t
                JOIN messages m ON m.messageId = t.lastMid
                JOIN employee e ON e.employeeId = t.otherId
                ORDER BY m.messageId DESC
                LIMIT 50', 0)
 2 SYSTEMPATH\Database\BaseConnection.php(908): CodeIgniter\Database\MySQLi\Connection->execute('SELECT e.employeeId, e.name, e.email, e.profilePhoto, e.jobTitle, e.gender,
                       m.messageId  AS lastMessageId,
                       m.messageText AS lastMessage,
                       m.createdAt   AS lastMessageAt,
                       CASE WHEN m.senderId = \'207c49c0f2fc6493\' THEN \'sent\' ELSE \'received\' END AS lastDirection
                FROM (
                    SELECT CASE WHEN senderId = \'207c49c0f2fc6493\' THEN receiverId ELSE senderId END AS otherId,
                           MAX(messageId) AS lastMid
                    FROM messages
                    WHERE senderId = \'207c49c0f2fc6493\' OR receiverId = \'207c49c0f2fc6493\'
                    GROUP BY otherId
                ) t
                JOIN messages m ON m.messageId = t.lastMid
                JOIN employee e ON e.employeeId = t.otherId
                ORDER BY m.messageId DESC
                LIMIT 50')
 3 SYSTEMPATH\Database\BaseConnection.php(825): CodeIgniter\Database\BaseConnection->simpleQuery('SELECT e.employeeId, e.name, e.email, e.profilePhoto, e.jobTitle, e.gender,
                       m.messageId  AS lastMessageId,
                       m.messageText AS lastMessage,
                       m.createdAt   AS lastMessageAt,
                       CASE WHEN m.senderId = \'207c49c0f2fc6493\' THEN \'sent\' ELSE \'received\' END AS lastDirection
                FROM (
                    SELECT CASE WHEN senderId = \'207c49c0f2fc6493\' THEN receiverId ELSE senderId END AS otherId,
                           MAX(messageId) AS lastMid
                    FROM messages
                    WHERE senderId = \'207c49c0f2fc6493\' OR receiverId = \'207c49c0f2fc6493\'
                    GROUP BY otherId
                ) t
                JOIN messages m ON m.messageId = t.lastMid
                JOIN employee e ON e.employeeId = t.otherId
                ORDER BY m.messageId DESC
                LIMIT 50')
 4 APPPATH\Models\MessageModel.php(147): CodeIgniter\Database\BaseConnection->query('SELECT e.employeeId, e.name, e.email, e.profilePhoto, e.jobTitle, e.gender,
                       m.messageId  AS lastMessageId,
                       m.messageText AS lastMessage,
                       m.createdAt   AS lastMessageAt,
                       CASE WHEN m.senderId = ? THEN \'sent\' ELSE \'received\' END AS lastDirection
                FROM (
                    SELECT CASE WHEN senderId = ? THEN receiverId ELSE senderId END AS otherId,
                           MAX(messageId) AS lastMid
                    FROM messages
                    WHERE senderId = ? OR receiverId = ?
                    GROUP BY otherId
                ) t
                JOIN messages m ON m.messageId = t.lastMid
                JOIN employee e ON e.employeeId = t.otherId
                ORDER BY m.messageId DESC
                LIMIT 50', [...])
 5 APPPATH\Controllers\Chat.php(217): App\Models\MessageModel->getRecentConversations('207c49c0f2fc6493', 50)
 6 SYSTEMPATH\CodeIgniter.php(974): App\Controllers\Chat->recentConversations()
 7 SYSTEMPATH\CodeIgniter.php(520): CodeIgniter\CodeIgniter->runController(Object(App\Controllers\Chat))
 8 SYSTEMPATH\CodeIgniter.php(363): CodeIgniter\CodeIgniter->handleRequest(null, Object(Config\Cache), false)
 9 SYSTEMPATH\Boot.php(417): CodeIgniter\CodeIgniter->run()
10 SYSTEMPATH\Boot.php(68): CodeIgniter\Boot::runCodeIgniter(Object(CodeIgniter\CodeIgniter))
11 FCPATH\index.php(59): CodeIgniter\Boot::bootWeb(Object(Config\Paths))
CRITICAL - 2026-08-29 18:02:59 --> CodeIgniter\Database\Exceptions\DatabaseException: Table 'gbinsura_crm.messages' doesn't exist
[Method: GET, Route: employee/chat/recent]
in SYSTEMPATH\Database\BaseConnection.php on line 863.
 1 APPPATH\Models\MessageModel.php(147): CodeIgniter\Database\BaseConnection->query('SELECT e.employeeId, e.name, e.email, e.profilePhoto, e.jobTitle, e.gender,
                       m.messageId  AS lastMessageId,
                       m.messageText AS lastMessage,
                       m.createdAt   AS lastMessageAt,
                       CASE WHEN m.senderId = ? THEN \'sent\' ELSE \'received\' END AS lastDirection
                FROM (
                    SELECT CASE WHEN senderId = ? THEN receiverId ELSE senderId END AS otherId,
                           MAX(messageId) AS lastMid
                    FROM messages
                    WHERE senderId = ? OR receiverId = ?
                    GROUP BY otherId
                ) t
                JOIN messages m ON m.messageId = t.lastMid
                JOIN employee e ON e.employeeId = t.otherId
                ORDER BY m.messageId DESC
                LIMIT 50', [...])
 2 APPPATH\Controllers\Chat.php(217): App\Models\MessageModel->getRecentConversations('207c49c0f2fc6493', 50)
 3 SYSTEMPATH\CodeIgniter.php(974): App\Controllers\Chat->recentConversations()
 4 SYSTEMPATH\CodeIgniter.php(520): CodeIgniter\CodeIgniter->runController(Object(App\Controllers\Chat))
 5 SYSTEMPATH\CodeIgniter.php(363): CodeIgniter\CodeIgniter->handleRequest(null, Object(Config\Cache), false)
 6 SYSTEMPATH\Boot.php(417): CodeIgniter\CodeIgniter->run()
 7 SYSTEMPATH\Boot.php(68): CodeIgniter\Boot::runCodeIgniter(Object(CodeIgniter\CodeIgniter))
 8 FCPATH\index.php(59): CodeIgniter\Boot::bootWeb(Object(Config\Paths))
CRITICAL - 2026-08-29 18:02:59 --> [Caused by] CodeIgniter\Database\Exceptions\DatabaseException: Table 'gbinsura_crm.messages' doesn't exist
in SYSTEMPATH\Database\MySQLi\Connection.php on line 310.
 1 SYSTEMPATH\Database\BaseConnection.php(908): CodeIgniter\Database\MySQLi\Connection->execute('SELECT e.employeeId, e.name, e.email, e.profilePhoto, e.jobTitle, e.gender,
                       m.messageId  AS lastMessageId,
                       m.messageText AS lastMessage,
                       m.createdAt   AS lastMessageAt,
                       CASE WHEN m.senderId = \'207c49c0f2fc6493\' THEN \'sent\' ELSE \'received\' END AS lastDirection
                FROM (
                    SELECT CASE WHEN senderId = \'207c49c0f2fc6493\' THEN receiverId ELSE senderId END AS otherId,
                           MAX(messageId) AS lastMid
                    FROM messages
                    WHERE senderId = \'207c49c0f2fc6493\' OR receiverId = \'207c49c0f2fc6493\'
                    GROUP BY otherId
                ) t
                JOIN messages m ON m.messageId = t.lastMid
                JOIN employee e ON e.employeeId = t.otherId
                ORDER BY m.messageId DESC
                LIMIT 50')
 2 SYSTEMPATH\Database\BaseConnection.php(825): CodeIgniter\Database\BaseConnection->simpleQuery('SELECT e.employeeId, e.name, e.email, e.profilePhoto, e.jobTitle, e.gender,
                       m.messageId  AS lastMessageId,
                       m.messageText AS lastMessage,
                       m.createdAt   AS lastMessageAt,
                       CASE WHEN m.senderId = \'207c49c0f2fc6493\' THEN \'sent\' ELSE \'received\' END AS lastDirection
                FROM (
                    SELECT CASE WHEN senderId = \'207c49c0f2fc6493\' THEN receiverId ELSE senderId END AS otherId,
                           MAX(messageId) AS lastMid
                    FROM messages
                    WHERE senderId = \'207c49c0f2fc6493\' OR receiverId = \'207c49c0f2fc6493\'
                    GROUP BY otherId
                ) t
                JOIN messages m ON m.messageId = t.lastMid
                JOIN employee e ON e.employeeId = t.otherId
                ORDER BY m.messageId DESC
                LIMIT 50')
 3 APPPATH\Models\MessageModel.php(147): CodeIgniter\Database\BaseConnection->query('SELECT e.employeeId, e.name, e.email, e.profilePhoto, e.jobTitle, e.gender,
                       m.messageId  AS lastMessageId,
                       m.messageText AS lastMessage,
                       m.createdAt   AS lastMessageAt,
                       CASE WHEN m.senderId = ? THEN \'sent\' ELSE \'received\' END AS lastDirection
                FROM (
                    SELECT CASE WHEN senderId = ? THEN receiverId ELSE senderId END AS otherId,
                           MAX(messageId) AS lastMid
                    FROM messages
                    WHERE senderId = ? OR receiverId = ?
                    GROUP BY otherId
                ) t
                JOIN messages m ON m.messageId = t.lastMid
                JOIN employee e ON e.employeeId = t.otherId
                ORDER BY m.messageId DESC
                LIMIT 50', [...])
 4 APPPATH\Controllers\Chat.php(217): App\Models\MessageModel->getRecentConversations('207c49c0f2fc6493', 50)
 5 SYSTEMPATH\CodeIgniter.php(974): App\Controllers\Chat->recentConversations()
 6 SYSTEMPATH\CodeIgniter.php(520): CodeIgniter\CodeIgniter->runController(Object(App\Controllers\Chat))
 7 SYSTEMPATH\CodeIgniter.php(363): CodeIgniter\CodeIgniter->handleRequest(null, Object(Config\Cache), false)
 8 SYSTEMPATH\Boot.php(417): CodeIgniter\CodeIgniter->run()
 9 SYSTEMPATH\Boot.php(68): CodeIgniter\Boot::runCodeIgniter(Object(CodeIgniter\CodeIgniter))
10 FCPATH\index.php(59): CodeIgniter\Boot::bootWeb(Object(Config\Paths))
CRITICAL - 2026-08-29 18:02:59 --> [Caused by] mysqli_sql_exception: Table 'gbinsura_crm.messages' doesn't exist
in SYSTEMPATH\Database\MySQLi\Connection.php on line 300.
 1 SYSTEMPATH\Database\MySQLi\Connection.php(300): mysqli->query('SELECT e.employeeId, e.name, e.email, e.profilePhoto, e.jobTitle, e.gender,
                       m.messageId  AS lastMessageId,
                       m.messageText AS lastMessage,
                       m.createdAt   AS lastMessageAt,
                       CASE WHEN m.senderId = \'207c49c0f2fc6493\' THEN \'sent\' ELSE \'received\' END AS lastDirection
                FROM (
                    SELECT CASE WHEN senderId = \'207c49c0f2fc6493\' THEN receiverId ELSE senderId END AS otherId,
                           MAX(messageId) AS lastMid
                    FROM messages
                    WHERE senderId = \'207c49c0f2fc6493\' OR receiverId = \'207c49c0f2fc6493\'
                    GROUP BY otherId
                ) t
                JOIN messages m ON m.messageId = t.lastMid
                JOIN employee e ON e.employeeId = t.otherId
                ORDER BY m.messageId DESC
                LIMIT 50', 0)
 2 SYSTEMPATH\Database\BaseConnection.php(908): CodeIgniter\Database\MySQLi\Connection->execute('SELECT e.employeeId, e.name, e.email, e.profilePhoto, e.jobTitle, e.gender,
                       m.messageId  AS lastMessageId,
                       m.messageText AS lastMessage,
                       m.createdAt   AS lastMessageAt,
                       CASE WHEN m.senderId = \'207c49c0f2fc6493\' THEN \'sent\' ELSE \'received\' END AS lastDirection
                FROM (
                    SELECT CASE WHEN senderId = \'207c49c0f2fc6493\' THEN receiverId ELSE senderId END AS otherId,
                           MAX(messageId) AS lastMid
                    FROM messages
                    WHERE senderId = \'207c49c0f2fc6493\' OR receiverId = \'207c49c0f2fc6493\'
                    GROUP BY otherId
                ) t
                JOIN messages m ON m.messageId = t.lastMid
                JOIN employee e ON e.employeeId = t.otherId
                ORDER BY m.messageId DESC
                LIMIT 50')
 3 SYSTEMPATH\Database\BaseConnection.php(825): CodeIgniter\Database\BaseConnection->simpleQuery('SELECT e.employeeId, e.name, e.email, e.profilePhoto, e.jobTitle, e.gender,
                       m.messageId  AS lastMessageId,
                       m.messageText AS lastMessage,
                       m.createdAt   AS lastMessageAt,
                       CASE WHEN m.senderId = \'207c49c0f2fc6493\' THEN \'sent\' ELSE \'received\' END AS lastDirection
                FROM (
                    SELECT CASE WHEN senderId = \'207c49c0f2fc6493\' THEN receiverId ELSE senderId END AS otherId,
                           MAX(messageId) AS lastMid
                    FROM messages
                    WHERE senderId = \'207c49c0f2fc6493\' OR receiverId = \'207c49c0f2fc6493\'
                    GROUP BY otherId
                ) t
                JOIN messages m ON m.messageId = t.lastMid
                JOIN employee e ON e.employeeId = t.otherId
                ORDER BY m.messageId DESC
                LIMIT 50')
 4 APPPATH\Models\MessageModel.php(147): CodeIgniter\Database\BaseConnection->query('SELECT e.employeeId, e.name, e.email, e.profilePhoto, e.jobTitle, e.gender,
                       m.messageId  AS lastMessageId,
                       m.messageText AS lastMessage,
                       m.createdAt   AS lastMessageAt,
                       CASE WHEN m.senderId = ? THEN \'sent\' ELSE \'received\' END AS lastDirection
                FROM (
                    SELECT CASE WHEN senderId = ? THEN receiverId ELSE senderId END AS otherId,
                           MAX(messageId) AS lastMid
                    FROM messages
                    WHERE senderId = ? OR receiverId = ?
                    GROUP BY otherId
                ) t
                JOIN messages m ON m.messageId = t.lastMid
                JOIN employee e ON e.employeeId = t.otherId
                ORDER BY m.messageId DESC
                LIMIT 50', [...])
 5 APPPATH\Controllers\Chat.php(217): App\Models\MessageModel->getRecentConversations('207c49c0f2fc6493', 50)
 6 SYSTEMPATH\CodeIgniter.php(974): App\Controllers\Chat->recentConversations()
 7 SYSTEMPATH\CodeIgniter.php(520): CodeIgniter\CodeIgniter->runController(Object(App\Controllers\Chat))
 8 SYSTEMPATH\CodeIgniter.php(363): CodeIgniter\CodeIgniter->handleRequest(null, Object(Config\Cache), false)
 9 SYSTEMPATH\Boot.php(417): CodeIgniter\CodeIgniter->run()
10 SYSTEMPATH\Boot.php(68): CodeIgniter\Boot::runCodeIgniter(Object(CodeIgniter\CodeIgniter))
11 FCPATH\index.php(59): CodeIgniter\Boot::bootWeb(Object(Config\Paths))
ERROR - 2026-08-29 18:03:13 --> Table 'gbinsura_crm.messages' doesn't exist
in SYSTEMPATH\Database\MySQLi\Connection.php on line 300.
 1 SYSTEMPATH\Database\MySQLi\Connection.php(300): mysqli->query('SELECT COUNT(*) AS `numrows`
FROM `messages`
WHERE   (
`senderId` = \'207c49c0f2fc6493\'
AND `receiverId` = \'07e2387e15819080\'
 )
OR   (
`senderId` = \'07e2387e15819080\'
AND `receiverId` = \'207c49c0f2fc6493\'
 )', 0)
 2 SYSTEMPATH\Database\BaseConnection.php(908): CodeIgniter\Database\MySQLi\Connection->execute('SELECT COUNT(*) AS `numrows`
FROM `messages`
WHERE   (
`senderId` = \'207c49c0f2fc6493\'
AND `receiverId` = \'07e2387e15819080\'
 )
OR   (
`senderId` = \'07e2387e15819080\'
AND `receiverId` = \'207c49c0f2fc6493\'
 )')
 3 SYSTEMPATH\Database\BaseConnection.php(825): CodeIgniter\Database\BaseConnection->simpleQuery('SELECT COUNT(*) AS `numrows`
FROM `messages`
WHERE   (
`senderId` = \'207c49c0f2fc6493\'
AND `receiverId` = \'07e2387e15819080\'
 )
OR   (
`senderId` = \'07e2387e15819080\'
AND `receiverId` = \'207c49c0f2fc6493\'
 )')
 4 SYSTEMPATH\Database\BaseBuilder.php(1731): CodeIgniter\Database\BaseConnection->query('SELECT COUNT(*) AS `numrows`
FROM `messages`
WHERE   (
`senderId` = :senderId:
AND `receiverId` = :receiverId:
 )
OR   (
`senderId` = :senderId.1:
AND `receiverId` = :receiverId.1:
 )', [...], false)
 5 APPPATH\Models\MessageModel.php(89): CodeIgniter\Database\BaseBuilder->countAllResults()
 6 APPPATH\Controllers\Chat.php(176): App\Models\MessageModel->getConversationCount('207c49c0f2fc6493', '07e2387e15819080')
 7 SYSTEMPATH\CodeIgniter.php(974): App\Controllers\Chat->getMessages('07e2387e15819080')
 8 SYSTEMPATH\CodeIgniter.php(520): CodeIgniter\CodeIgniter->runController(Object(App\Controllers\Chat))
 9 SYSTEMPATH\CodeIgniter.php(363): CodeIgniter\CodeIgniter->handleRequest(null, Object(Config\Cache), false)
10 SYSTEMPATH\Boot.php(417): CodeIgniter\CodeIgniter->run()
11 SYSTEMPATH\Boot.php(68): CodeIgniter\Boot::runCodeIgniter(Object(CodeIgniter\CodeIgniter))
12 FCPATH\index.php(59): CodeIgniter\Boot::bootWeb(Object(Config\Paths))
CRITICAL - 2026-08-29 18:03:13 --> CodeIgniter\Database\Exceptions\DatabaseException: Table 'gbinsura_crm.messages' doesn't exist
[Method: GET, Route: employee/chat/messages/07e2387e15819080]
in SYSTEMPATH\Database\BaseConnection.php on line 863.
 1 SYSTEMPATH\Database\BaseBuilder.php(1731): CodeIgniter\Database\BaseConnection->query('SELECT COUNT(*) AS `numrows`
FROM `messages`
WHERE   (
`senderId` = :senderId:
AND `receiverId` = :receiverId:
 )
OR   (
`senderId` = :senderId.1:
AND `receiverId` = :receiverId.1:
 )', [...], false)
 2 APPPATH\Models\MessageModel.php(89): CodeIgniter\Database\BaseBuilder->countAllResults()
 3 APPPATH\Controllers\Chat.php(176): App\Models\MessageModel->getConversationCount('207c49c0f2fc6493', '07e2387e15819080')
 4 SYSTEMPATH\CodeIgniter.php(974): App\Controllers\Chat->getMessages('07e2387e15819080')
 5 SYSTEMPATH\CodeIgniter.php(520): CodeIgniter\CodeIgniter->runController(Object(App\Controllers\Chat))
 6 SYSTEMPATH\CodeIgniter.php(363): CodeIgniter\CodeIgniter->handleRequest(null, Object(Config\Cache), false)
 7 SYSTEMPATH\Boot.php(417): CodeIgniter\CodeIgniter->run()
 8 SYSTEMPATH\Boot.php(68): CodeIgniter\Boot::runCodeIgniter(Object(CodeIgniter\CodeIgniter))
 9 FCPATH\index.php(59): CodeIgniter\Boot::bootWeb(Object(Config\Paths))
CRITICAL - 2026-08-29 18:03:13 --> [Caused by] CodeIgniter\Database\Exceptions\DatabaseException: Table 'gbinsura_crm.messages' doesn't exist
in SYSTEMPATH\Database\MySQLi\Connection.php on line 310.
 1 SYSTEMPATH\Database\BaseConnection.php(908): CodeIgniter\Database\MySQLi\Connection->execute('SELECT COUNT(*) AS `numrows`
FROM `messages`
WHERE   (
`senderId` = \'207c49c0f2fc6493\'
AND `receiverId` = \'07e2387e15819080\'
 )
OR   (
`senderId` = \'07e2387e15819080\'
AND `receiverId` = \'207c49c0f2fc6493\'
 )')
 2 SYSTEMPATH\Database\BaseConnection.php(825): CodeIgniter\Database\BaseConnection->simpleQuery('SELECT COUNT(*) AS `numrows`
FROM `messages`
WHERE   (
`senderId` = \'207c49c0f2fc6493\'
AND `receiverId` = \'07e2387e15819080\'
 )
OR   (
`senderId` = \'07e2387e15819080\'
AND `receiverId` = \'207c49c0f2fc6493\'
 )')
 3 SYSTEMPATH\Database\BaseBuilder.php(1731): CodeIgniter\Database\BaseConnection->query('SELECT COUNT(*) AS `numrows`
FROM `messages`
WHERE   (
`senderId` = :senderId:
AND `receiverId` = :receiverId:
 )
OR   (
`senderId` = :senderId.1:
AND `receiverId` = :receiverId.1:
 )', [...], false)
 4 APPPATH\Models\MessageModel.php(89): CodeIgniter\Database\BaseBuilder->countAllResults()
 5 APPPATH\Controllers\Chat.php(176): App\Models\MessageModel->getConversationCount('207c49c0f2fc6493', '07e2387e15819080')
 6 SYSTEMPATH\CodeIgniter.php(974): App\Controllers\Chat->getMessages('07e2387e15819080')
 7 SYSTEMPATH\CodeIgniter.php(520): CodeIgniter\CodeIgniter->runController(Object(App\Controllers\Chat))
 8 SYSTEMPATH\CodeIgniter.php(363): CodeIgniter\CodeIgniter->handleRequest(null, Object(Config\Cache), false)
 9 SYSTEMPATH\Boot.php(417): CodeIgniter\CodeIgniter->run()
10 SYSTEMPATH\Boot.php(68): CodeIgniter\Boot::runCodeIgniter(Object(CodeIgniter\CodeIgniter))
11 FCPATH\index.php(59): CodeIgniter\Boot::bootWeb(Object(Config\Paths))
CRITICAL - 2026-08-29 18:03:13 --> [Caused by] mysqli_sql_exception: Table 'gbinsura_crm.messages' doesn't exist
in SYSTEMPATH\Database\MySQLi\Connection.php on line 300.
 1 SYSTEMPATH\Database\MySQLi\Connection.php(300): mysqli->query('SELECT COUNT(*) AS `numrows`
FROM `messages`
WHERE   (
`senderId` = \'207c49c0f2fc6493\'
AND `receiverId` = \'07e2387e15819080\'
 )
OR   (
`senderId` = \'07e2387e15819080\'
AND `receiverId` = \'207c49c0f2fc6493\'
 )', 0)
 2 SYSTEMPATH\Database\BaseConnection.php(908): CodeIgniter\Database\MySQLi\Connection->execute('SELECT COUNT(*) AS `numrows`
FROM `messages`
WHERE   (
`senderId` = \'207c49c0f2fc6493\'
AND `receiverId` = \'07e2387e15819080\'
 )
OR   (
`senderId` = \'07e2387e15819080\'
AND `receiverId` = \'207c49c0f2fc6493\'
 )')
 3 SYSTEMPATH\Database\BaseConnection.php(825): CodeIgniter\Database\BaseConnection->simpleQuery('SELECT COUNT(*) AS `numrows`
FROM `messages`
WHERE   (
`senderId` = \'207c49c0f2fc6493\'
AND `receiverId` = \'07e2387e15819080\'
 )
OR   (
`senderId` = \'07e2387e15819080\'
AND `receiverId` = \'207c49c0f2fc6493\'
 )')
 4 SYSTEMPATH\Database\BaseBuilder.php(1731): CodeIgniter\Database\BaseConnection->query('SELECT COUNT(*) AS `numrows`
FROM `messages`
WHERE   (
`senderId` = :senderId:
AND `receiverId` = :receiverId:
 )
OR   (
`senderId` = :senderId.1:
AND `receiverId` = :receiverId.1:
 )', [...], false)
 5 APPPATH\Models\MessageModel.php(89): CodeIgniter\Database\BaseBuilder->countAllResults()
 6 APPPATH\Controllers\Chat.php(176): App\Models\MessageModel->getConversationCount('207c49c0f2fc6493', '07e2387e15819080')
 7 SYSTEMPATH\CodeIgniter.php(974): App\Controllers\Chat->getMessages('07e2387e15819080')
 8 SYSTEMPATH\CodeIgniter.php(520): CodeIgniter\CodeIgniter->runController(Object(App\Controllers\Chat))
 9 SYSTEMPATH\CodeIgniter.php(363): CodeIgniter\CodeIgniter->handleRequest(null, Object(Config\Cache), false)
10 SYSTEMPATH\Boot.php(417): CodeIgniter\CodeIgniter->run()
11 SYSTEMPATH\Boot.php(68): CodeIgniter\Boot::runCodeIgniter(Object(CodeIgniter\CodeIgniter))
12 FCPATH\index.php(59): CodeIgniter\Boot::bootWeb(Object(Config\Paths))
ERROR - 2026-08-29 18:03:15 --> Table 'gbinsura_crm.messages' doesn't exist
in SYSTEMPATH\Database\MySQLi\Connection.php on line 300.
 1 SYSTEMPATH\Database\MySQLi\Connection.php(300): mysqli->query('SELECT COUNT(*) AS `numrows`
FROM `messages`
WHERE   (
`senderId` = \'207c49c0f2fc6493\'
AND `receiverId` = \'56dc273f11b04003\'
 )
OR   (
`senderId` = \'56dc273f11b04003\'
AND `receiverId` = \'207c49c0f2fc6493\'
 )', 0)
 2 SYSTEMPATH\Database\BaseConnection.php(908): CodeIgniter\Database\MySQLi\Connection->execute('SELECT COUNT(*) AS `numrows`
FROM `messages`
WHERE   (
`senderId` = \'207c49c0f2fc6493\'
AND `receiverId` = \'56dc273f11b04003\'
 )
OR   (
`senderId` = \'56dc273f11b04003\'
AND `receiverId` = \'207c49c0f2fc6493\'
 )')
 3 SYSTEMPATH\Database\BaseConnection.php(825): CodeIgniter\Database\BaseConnection->simpleQuery('SELECT COUNT(*) AS `numrows`
FROM `messages`
WHERE   (
`senderId` = \'207c49c0f2fc6493\'
AND `receiverId` = \'56dc273f11b04003\'
 )
OR   (
`senderId` = \'56dc273f11b04003\'
AND `receiverId` = \'207c49c0f2fc6493\'
 )')
 4 SYSTEMPATH\Database\BaseBuilder.php(1731): CodeIgniter\Database\BaseConnection->query('SELECT COUNT(*) AS `numrows`
FROM `messages`
WHERE   (
`senderId` = :senderId:
AND `receiverId` = :receiverId:
 )
OR   (
`senderId` = :senderId.1:
AND `receiverId` = :receiverId.1:
 )', [...], false)
 5 APPPATH\Models\MessageModel.php(89): CodeIgniter\Database\BaseBuilder->countAllResults()
 6 APPPATH\Controllers\Chat.php(176): App\Models\MessageModel->getConversationCount('207c49c0f2fc6493', '56dc273f11b04003')
 7 SYSTEMPATH\CodeIgniter.php(974): App\Controllers\Chat->getMessages('56dc273f11b04003')
 8 SYSTEMPATH\CodeIgniter.php(520): CodeIgniter\CodeIgniter->runController(Object(App\Controllers\Chat))
 9 SYSTEMPATH\CodeIgniter.php(363): CodeIgniter\CodeIgniter->handleRequest(null, Object(Config\Cache), false)
10 SYSTEMPATH\Boot.php(417): CodeIgniter\CodeIgniter->run()
11 SYSTEMPATH\Boot.php(68): CodeIgniter\Boot::runCodeIgniter(Object(CodeIgniter\CodeIgniter))
12 FCPATH\index.php(59): CodeIgniter\Boot::bootWeb(Object(Config\Paths))
CRITICAL - 2026-08-29 18:03:15 --> CodeIgniter\Database\Exceptions\DatabaseException: Table 'gbinsura_crm.messages' doesn't exist
[Method: GET, Route: employee/chat/messages/56dc273f11b04003]
in SYSTEMPATH\Database\BaseConnection.php on line 863.
 1 SYSTEMPATH\Database\BaseBuilder.php(1731): CodeIgniter\Database\BaseConnection->query('SELECT COUNT(*) AS `numrows`
FROM `messages`
WHERE   (
`senderId` = :senderId:
AND `receiverId` = :receiverId:
 )
OR   (
`senderId` = :senderId.1:
AND `receiverId` = :receiverId.1:
 )', [...], false)
 2 APPPATH\Models\MessageModel.php(89): CodeIgniter\Database\BaseBuilder->countAllResults()
 3 APPPATH\Controllers\Chat.php(176): App\Models\MessageModel->getConversationCount('207c49c0f2fc6493', '56dc273f11b04003')
 4 SYSTEMPATH\CodeIgniter.php(974): App\Controllers\Chat->getMessages('56dc273f11b04003')
 5 SYSTEMPATH\CodeIgniter.php(520): CodeIgniter\CodeIgniter->runController(Object(App\Controllers\Chat))
 6 SYSTEMPATH\CodeIgniter.php(363): CodeIgniter\CodeIgniter->handleRequest(null, Object(Config\Cache), false)
 7 SYSTEMPATH\Boot.php(417): CodeIgniter\CodeIgniter->run()
 8 SYSTEMPATH\Boot.php(68): CodeIgniter\Boot::runCodeIgniter(Object(CodeIgniter\CodeIgniter))
 9 FCPATH\index.php(59): CodeIgniter\Boot::bootWeb(Object(Config\Paths))
CRITICAL - 2026-08-29 18:03:15 --> [Caused by] CodeIgniter\Database\Exceptions\DatabaseException: Table 'gbinsura_crm.messages' doesn't exist
in SYSTEMPATH\Database\MySQLi\Connection.php on line 310.
 1 SYSTEMPATH\Database\BaseConnection.php(908): CodeIgniter\Database\MySQLi\Connection->execute('SELECT COUNT(*) AS `numrows`
FROM `messages`
WHERE   (
`senderId` = \'207c49c0f2fc6493\'
AND `receiverId` = \'56dc273f11b04003\'
 )
OR   (
`senderId` = \'56dc273f11b04003\'
AND `receiverId` = \'207c49c0f2fc6493\'
 )')
 2 SYSTEMPATH\Database\BaseConnection.php(825): CodeIgniter\Database\BaseConnection->simpleQuery('SELECT COUNT(*) AS `numrows`
FROM `messages`
WHERE   (
`senderId` = \'207c49c0f2fc6493\'
AND `receiverId` = \'56dc273f11b04003\'
 )
OR   (
`senderId` = \'56dc273f11b04003\'
AND `receiverId` = \'207c49c0f2fc6493\'
 )')
 3 SYSTEMPATH\Database\BaseBuilder.php(1731): CodeIgniter\Database\BaseConnection->query('SELECT COUNT(*) AS `numrows`
FROM `messages`
WHERE   (
`senderId` = :senderId:
AND `receiverId` = :receiverId:
 )
OR   (
`senderId` = :senderId.1:
AND `receiverId` = :receiverId.1:
 )', [...], false)
 4 APPPATH\Models\MessageModel.php(89): CodeIgniter\Database\BaseBuilder->countAllResults()
 5 APPPATH\Controllers\Chat.php(176): App\Models\MessageModel->getConversationCount('207c49c0f2fc6493', '56dc273f11b04003')
 6 SYSTEMPATH\CodeIgniter.php(974): App\Controllers\Chat->getMessages('56dc273f11b04003')
 7 SYSTEMPATH\CodeIgniter.php(520): CodeIgniter\CodeIgniter->runController(Object(App\Controllers\Chat))
 8 SYSTEMPATH\CodeIgniter.php(363): CodeIgniter\CodeIgniter->handleRequest(null, Object(Config\Cache), false)
 9 SYSTEMPATH\Boot.php(417): CodeIgniter\CodeIgniter->run()
10 SYSTEMPATH\Boot.php(68): CodeIgniter\Boot::runCodeIgniter(Object(CodeIgniter\CodeIgniter))
11 FCPATH\index.php(59): CodeIgniter\Boot::bootWeb(Object(Config\Paths))
CRITICAL - 2026-08-29 18:03:15 --> [Caused by] mysqli_sql_exception: Table 'gbinsura_crm.messages' doesn't exist
in SYSTEMPATH\Database\MySQLi\Connection.php on line 300.
 1 SYSTEMPATH\Database\MySQLi\Connection.php(300): mysqli->query('SELECT COUNT(*) AS `numrows`
FROM `messages`
WHERE   (
`senderId` = \'207c49c0f2fc6493\'
AND `receiverId` = \'56dc273f11b04003\'
 )
OR   (
`senderId` = \'56dc273f11b04003\'
AND `receiverId` = \'207c49c0f2fc6493\'
 )', 0)
 2 SYSTEMPATH\Database\BaseConnection.php(908): CodeIgniter\Database\MySQLi\Connection->execute('SELECT COUNT(*) AS `numrows`
FROM `messages`
WHERE   (
`senderId` = \'207c49c0f2fc6493\'
AND `receiverId` = \'56dc273f11b04003\'
 )
OR   (
`senderId` = \'56dc273f11b04003\'
AND `receiverId` = \'207c49c0f2fc6493\'
 )')
 3 SYSTEMPATH\Database\BaseConnection.php(825): CodeIgniter\Database\BaseConnection->simpleQuery('SELECT COUNT(*) AS `numrows`
FROM `messages`
WHERE   (
`senderId` = \'207c49c0f2fc6493\'
AND `receiverId` = \'56dc273f11b04003\'
 )
OR   (
`senderId` = \'56dc273f11b04003\'
AND `receiverId` = \'207c49c0f2fc6493\'
 )')
 4 SYSTEMPATH\Database\BaseBuilder.php(1731): CodeIgniter\Database\BaseConnection->query('SELECT COUNT(*) AS `numrows`
FROM `messages`
WHERE   (
`senderId` = :senderId:
AND `receiverId` = :receiverId:
 )
OR   (
`senderId` = :senderId.1:
AND `receiverId` = :receiverId.1:
 )', [...], false)
 5 APPPATH\Models\MessageModel.php(89): CodeIgniter\Database\BaseBuilder->countAllResults()
 6 APPPATH\Controllers\Chat.php(176): App\Models\MessageModel->getConversationCount('207c49c0f2fc6493', '56dc273f11b04003')
 7 SYSTEMPATH\CodeIgniter.php(974): App\Controllers\Chat->getMessages('56dc273f11b04003')
 8 SYSTEMPATH\CodeIgniter.php(520): CodeIgniter\CodeIgniter->runController(Object(App\Controllers\Chat))
 9 SYSTEMPATH\CodeIgniter.php(363): CodeIgniter\CodeIgniter->handleRequest(null, Object(Config\Cache), false)
10 SYSTEMPATH\Boot.php(417): CodeIgniter\CodeIgniter->run()
11 SYSTEMPATH\Boot.php(68): CodeIgniter\Boot::runCodeIgniter(Object(CodeIgniter\CodeIgniter))
12 FCPATH\index.php(59): CodeIgniter\Boot::bootWeb(Object(Config\Paths))
ERROR - 2026-08-29 18:03:16 --> Table 'gbinsura_crm.messages' doesn't exist
in SYSTEMPATH\Database\MySQLi\Connection.php on line 300.
 1 SYSTEMPATH\Database\MySQLi\Connection.php(300): mysqli->query('SELECT COUNT(*) AS `numrows`
FROM `messages`
WHERE   (
`senderId` = \'207c49c0f2fc6493\'
AND `receiverId` = \'5349b44df9bf8543\'
 )
OR   (
`senderId` = \'5349b44df9bf8543\'
AND `receiverId` = \'207c49c0f2fc6493\'
 )', 0)
 2 SYSTEMPATH\Database\BaseConnection.php(908): CodeIgniter\Database\MySQLi\Connection->execute('SELECT COUNT(*) AS `numrows`
FROM `messages`
WHERE   (
`senderId` = \'207c49c0f2fc6493\'
AND `receiverId` = \'5349b44df9bf8543\'
 )
OR   (
`senderId` = \'5349b44df9bf8543\'
AND `receiverId` = \'207c49c0f2fc6493\'
 )')
 3 SYSTEMPATH\Database\BaseConnection.php(825): CodeIgniter\Database\BaseConnection->simpleQuery('SELECT COUNT(*) AS `numrows`
FROM `messages`
WHERE   (
`senderId` = \'207c49c0f2fc6493\'
AND `receiverId` = \'5349b44df9bf8543\'
 )
OR   (
`senderId` = \'5349b44df9bf8543\'
AND `receiverId` = \'207c49c0f2fc6493\'
 )')
 4 SYSTEMPATH\Database\BaseBuilder.php(1731): CodeIgniter\Database\BaseConnection->query('SELECT COUNT(*) AS `numrows`
FROM `messages`
WHERE   (
`senderId` = :senderId:
AND `receiverId` = :receiverId:
 )
OR   (
`senderId` = :senderId.1:
AND `receiverId` = :receiverId.1:
 )', [...], false)
 5 APPPATH\Models\MessageModel.php(89): CodeIgniter\Database\BaseBuilder->countAllResults()
 6 APPPATH\Controllers\Chat.php(176): App\Models\MessageModel->getConversationCount('207c49c0f2fc6493', '5349b44df9bf8543')
 7 SYSTEMPATH\CodeIgniter.php(974): App\Controllers\Chat->getMessages('5349b44df9bf8543')
 8 SYSTEMPATH\CodeIgniter.php(520): CodeIgniter\CodeIgniter->runController(Object(App\Controllers\Chat))
 9 SYSTEMPATH\CodeIgniter.php(363): CodeIgniter\CodeIgniter->handleRequest(null, Object(Config\Cache), false)
10 SYSTEMPATH\Boot.php(417): CodeIgniter\CodeIgniter->run()
11 SYSTEMPATH\Boot.php(68): CodeIgniter\Boot::runCodeIgniter(Object(CodeIgniter\CodeIgniter))
12 FCPATH\index.php(59): CodeIgniter\Boot::bootWeb(Object(Config\Paths))
CRITICAL - 2026-08-29 18:03:16 --> CodeIgniter\Database\Exceptions\DatabaseException: Table 'gbinsura_crm.messages' doesn't exist
[Method: GET, Route: employee/chat/messages/5349b44df9bf8543]
in SYSTEMPATH\Database\BaseConnection.php on line 863.
 1 SYSTEMPATH\Database\BaseBuilder.php(1731): CodeIgniter\Database\BaseConnection->query('SELECT COUNT(*) AS `numrows`
FROM `messages`
WHERE   (
`senderId` = :senderId:
AND `receiverId` = :receiverId:
 )
OR   (
`senderId` = :senderId.1:
AND `receiverId` = :receiverId.1:
 )', [...], false)
 2 APPPATH\Models\MessageModel.php(89): CodeIgniter\Database\BaseBuilder->countAllResults()
 3 APPPATH\Controllers\Chat.php(176): App\Models\MessageModel->getConversationCount('207c49c0f2fc6493', '5349b44df9bf8543')
 4 SYSTEMPATH\CodeIgniter.php(974): App\Controllers\Chat->getMessages('5349b44df9bf8543')
 5 SYSTEMPATH\CodeIgniter.php(520): CodeIgniter\CodeIgniter->runController(Object(App\Controllers\Chat))
 6 SYSTEMPATH\CodeIgniter.php(363): CodeIgniter\CodeIgniter->handleRequest(null, Object(Config\Cache), false)
 7 SYSTEMPATH\Boot.php(417): CodeIgniter\CodeIgniter->run()
 8 SYSTEMPATH\Boot.php(68): CodeIgniter\Boot::runCodeIgniter(Object(CodeIgniter\CodeIgniter))
 9 FCPATH\index.php(59): CodeIgniter\Boot::bootWeb(Object(Config\Paths))
CRITICAL - 2026-08-29 18:03:16 --> [Caused by] CodeIgniter\Database\Exceptions\DatabaseException: Table 'gbinsura_crm.messages' doesn't exist
in SYSTEMPATH\Database\MySQLi\Connection.php on line 310.
 1 SYSTEMPATH\Database\BaseConnection.php(908): CodeIgniter\Database\MySQLi\Connection->execute('SELECT COUNT(*) AS `numrows`
FROM `messages`
WHERE   (
`senderId` = \'207c49c0f2fc6493\'
AND `receiverId` = \'5349b44df9bf8543\'
 )
OR   (
`senderId` = \'5349b44df9bf8543\'
AND `receiverId` = \'207c49c0f2fc6493\'
 )')
 2 SYSTEMPATH\Database\BaseConnection.php(825): CodeIgniter\Database\BaseConnection->simpleQuery('SELECT COUNT(*) AS `numrows`
FROM `messages`
WHERE   (
`senderId` = \'207c49c0f2fc6493\'
AND `receiverId` = \'5349b44df9bf8543\'
 )
OR   (
`senderId` = \'5349b44df9bf8543\'
AND `receiverId` = \'207c49c0f2fc6493\'
 )')
 3 SYSTEMPATH\Database\BaseBuilder.php(1731): CodeIgniter\Database\BaseConnection->query('SELECT COUNT(*) AS `numrows`
FROM `messages`
WHERE   (
`senderId` = :senderId:
AND `receiverId` = :receiverId:
 )
OR   (
`senderId` = :senderId.1:
AND `receiverId` = :receiverId.1:
 )', [...], false)
 4 APPPATH\Models\MessageModel.php(89): CodeIgniter\Database\BaseBuilder->countAllResults()
 5 APPPATH\Controllers\Chat.php(176): App\Models\MessageModel->getConversationCount('207c49c0f2fc6493', '5349b44df9bf8543')
 6 SYSTEMPATH\CodeIgniter.php(974): App\Controllers\Chat->getMessages('5349b44df9bf8543')
 7 SYSTEMPATH\CodeIgniter.php(520): CodeIgniter\CodeIgniter->runController(Object(App\Controllers\Chat))
 8 SYSTEMPATH\CodeIgniter.php(363): CodeIgniter\CodeIgniter->handleRequest(null, Object(Config\Cache), false)
 9 SYSTEMPATH\Boot.php(417): CodeIgniter\CodeIgniter->run()
10 SYSTEMPATH\Boot.php(68): CodeIgniter\Boot::runCodeIgniter(Object(CodeIgniter\CodeIgniter))
11 FCPATH\index.php(59): CodeIgniter\Boot::bootWeb(Object(Config\Paths))
CRITICAL - 2026-08-29 18:03:16 --> [Caused by] mysqli_sql_exception: Table 'gbinsura_crm.messages' doesn't exist
in SYSTEMPATH\Database\MySQLi\Connection.php on line 300.
 1 SYSTEMPATH\Database\MySQLi\Connection.php(300): mysqli->query('SELECT COUNT(*) AS `numrows`
FROM `messages`
WHERE   (
`senderId` = \'207c49c0f2fc6493\'
AND `receiverId` = \'5349b44df9bf8543\'
 )
OR   (
`senderId` = \'5349b44df9bf8543\'
AND `receiverId` = \'207c49c0f2fc6493\'
 )', 0)
 2 SYSTEMPATH\Database\BaseConnection.php(908): CodeIgniter\Database\MySQLi\Connection->execute('SELECT COUNT(*) AS `numrows`
FROM `messages`
WHERE   (
`senderId` = \'207c49c0f2fc6493\'
AND `receiverId` = \'5349b44df9bf8543\'
 )
OR   (
`senderId` = \'5349b44df9bf8543\'
AND `receiverId` = \'207c49c0f2fc6493\'
 )')
 3 SYSTEMPATH\Database\BaseConnection.php(825): CodeIgniter\Database\BaseConnection->simpleQuery('SELECT COUNT(*) AS `numrows`
FROM `messages`
WHERE   (
`senderId` = \'207c49c0f2fc6493\'
AND `receiverId` = \'5349b44df9bf8543\'
 )
OR   (
`senderId` = \'5349b44df9bf8543\'
AND `receiverId` = \'207c49c0f2fc6493\'
 )')
 4 SYSTEMPATH\Database\BaseBuilder.php(1731): CodeIgniter\Database\BaseConnection->query('SELECT COUNT(*) AS `numrows`
FROM `messages`
WHERE   (
`senderId` = :senderId:
AND `receiverId` = :receiverId:
 )
OR   (
`senderId` = :senderId.1:
AND `receiverId` = :receiverId.1:
 )', [...], false)
 5 APPPATH\Models\MessageModel.php(89): CodeIgniter\Database\BaseBuilder->countAllResults()
 6 APPPATH\Controllers\Chat.php(176): App\Models\MessageModel->getConversationCount('207c49c0f2fc6493', '5349b44df9bf8543')
 7 SYSTEMPATH\CodeIgniter.php(974): App\Controllers\Chat->getMessages('5349b44df9bf8543')
 8 SYSTEMPATH\CodeIgniter.php(520): CodeIgniter\CodeIgniter->runController(Object(App\Controllers\Chat))
 9 SYSTEMPATH\CodeIgniter.php(363): CodeIgniter\CodeIgniter->handleRequest(null, Object(Config\Cache), false)
10 SYSTEMPATH\Boot.php(417): CodeIgniter\CodeIgniter->run()
11 SYSTEMPATH\Boot.php(68): CodeIgniter\Boot::runCodeIgniter(Object(CodeIgniter\CodeIgniter))
12 FCPATH\index.php(59): CodeIgniter\Boot::bootWeb(Object(Config\Paths))
ERROR - 2026-08-29 18:03:26 --> Table 'gbinsura_crm.messages' doesn't exist
in SYSTEMPATH\Database\MySQLi\Connection.php on line 300.
 1 SYSTEMPATH\Database\MySQLi\Connection.php(300): mysqli->query('SELECT COUNT(*) AS `numrows`
FROM `messages`
WHERE   (
`senderId` = \'207c49c0f2fc6493\'
AND `receiverId` = \'1f4c280d781e9380\'
 )
OR   (
`senderId` = \'1f4c280d781e9380\'
AND `receiverId` = \'207c49c0f2fc6493\'
 )', 0)
 2 SYSTEMPATH\Database\BaseConnection.php(908): CodeIgniter\Database\MySQLi\Connection->execute('SELECT COUNT(*) AS `numrows`
FROM `messages`
WHERE   (
`senderId` = \'207c49c0f2fc6493\'
AND `receiverId` = \'1f4c280d781e9380\'
 )
OR   (
`senderId` = \'1f4c280d781e9380\'
AND `receiverId` = \'207c49c0f2fc6493\'
 )')
 3 SYSTEMPATH\Database\BaseConnection.php(825): CodeIgniter\Database\BaseConnection->simpleQuery('SELECT COUNT(*) AS `numrows`
FROM `messages`
WHERE   (
`senderId` = \'207c49c0f2fc6493\'
AND `receiverId` = \'1f4c280d781e9380\'
 )
OR   (
`senderId` = \'1f4c280d781e9380\'
AND `receiverId` = \'207c49c0f2fc6493\'
 )')
 4 SYSTEMPATH\Database\BaseBuilder.php(1731): CodeIgniter\Database\BaseConnection->query('SELECT COUNT(*) AS `numrows`
FROM `messages`
WHERE   (
`senderId` = :senderId:
AND `receiverId` = :receiverId:
 )
OR   (
`senderId` = :senderId.1:
AND `receiverId` = :receiverId.1:
 )', [...], false)
 5 APPPATH\Models\MessageModel.php(89): CodeIgniter\Database\BaseBuilder->countAllResults()
 6 APPPATH\Controllers\Chat.php(176): App\Models\MessageModel->getConversationCount('207c49c0f2fc6493', '1f4c280d781e9380')
 7 SYSTEMPATH\CodeIgniter.php(974): App\Controllers\Chat->getMessages('1f4c280d781e9380')
 8 SYSTEMPATH\CodeIgniter.php(520): CodeIgniter\CodeIgniter->runController(Object(App\Controllers\Chat))
 9 SYSTEMPATH\CodeIgniter.php(363): CodeIgniter\CodeIgniter->handleRequest(null, Object(Config\Cache), false)
10 SYSTEMPATH\Boot.php(417): CodeIgniter\CodeIgniter->run()
11 SYSTEMPATH\Boot.php(68): CodeIgniter\Boot::runCodeIgniter(Object(CodeIgniter\CodeIgniter))
12 FCPATH\index.php(59): CodeIgniter\Boot::bootWeb(Object(Config\Paths))
CRITICAL - 2026-08-29 18:03:26 --> CodeIgniter\Database\Exceptions\DatabaseException: Table 'gbinsura_crm.messages' doesn't exist
[Method: GET, Route: employee/chat/messages/1f4c280d781e9380]
in SYSTEMPATH\Database\BaseConnection.php on line 863.
 1 SYSTEMPATH\Database\BaseBuilder.php(1731): CodeIgniter\Database\BaseConnection->query('SELECT COUNT(*) AS `numrows`
FROM `messages`
WHERE   (
`senderId` = :senderId:
AND `receiverId` = :receiverId:
 )
OR   (
`senderId` = :senderId.1:
AND `receiverId` = :receiverId.1:
 )', [...], false)
 2 APPPATH\Models\MessageModel.php(89): CodeIgniter\Database\BaseBuilder->countAllResults()
 3 APPPATH\Controllers\Chat.php(176): App\Models\MessageModel->getConversationCount('207c49c0f2fc6493', '1f4c280d781e9380')
 4 SYSTEMPATH\CodeIgniter.php(974): App\Controllers\Chat->getMessages('1f4c280d781e9380')
 5 SYSTEMPATH\CodeIgniter.php(520): CodeIgniter\CodeIgniter->runController(Object(App\Controllers\Chat))
 6 SYSTEMPATH\CodeIgniter.php(363): CodeIgniter\CodeIgniter->handleRequest(null, Object(Config\Cache), false)
 7 SYSTEMPATH\Boot.php(417): CodeIgniter\CodeIgniter->run()
 8 SYSTEMPATH\Boot.php(68): CodeIgniter\Boot::runCodeIgniter(Object(CodeIgniter\CodeIgniter))
 9 FCPATH\index.php(59): CodeIgniter\Boot::bootWeb(Object(Config\Paths))
CRITICAL - 2026-08-29 18:03:26 --> [Caused by] CodeIgniter\Database\Exceptions\DatabaseException: Table 'gbinsura_crm.messages' doesn't exist
in SYSTEMPATH\Database\MySQLi\Connection.php on line 310.
 1 SYSTEMPATH\Database\BaseConnection.php(908): CodeIgniter\Database\MySQLi\Connection->execute('SELECT COUNT(*) AS `numrows`
FROM `messages`
WHERE   (
`senderId` = \'207c49c0f2fc6493\'
AND `receiverId` = \'1f4c280d781e9380\'
 )
OR   (
`senderId` = \'1f4c280d781e9380\'
AND `receiverId` = \'207c49c0f2fc6493\'
 )')
 2 SYSTEMPATH\Database\BaseConnection.php(825): CodeIgniter\Database\BaseConnection->simpleQuery('SELECT COUNT(*) AS `numrows`
FROM `messages`
WHERE   (
`senderId` = \'207c49c0f2fc6493\'
AND `receiverId` = \'1f4c280d781e9380\'
 )
OR   (
`senderId` = \'1f4c280d781e9380\'
AND `receiverId` = \'207c49c0f2fc6493\'
 )')
 3 SYSTEMPATH\Database\BaseBuilder.php(1731): CodeIgniter\Database\BaseConnection->query('SELECT COUNT(*) AS `numrows`
FROM `messages`
WHERE   (
`senderId` = :senderId:
AND `receiverId` = :receiverId:
 )
OR   (
`senderId` = :senderId.1:
AND `receiverId` = :receiverId.1:
 )', [...], false)
 4 APPPATH\Models\MessageModel.php(89): CodeIgniter\Database\BaseBuilder->countAllResults()
 5 APPPATH\Controllers\Chat.php(176): App\Models\MessageModel->getConversationCount('207c49c0f2fc6493', '1f4c280d781e9380')
 6 SYSTEMPATH\CodeIgniter.php(974): App\Controllers\Chat->getMessages('1f4c280d781e9380')
 7 SYSTEMPATH\CodeIgniter.php(520): CodeIgniter\CodeIgniter->runController(Object(App\Controllers\Chat))
 8 SYSTEMPATH\CodeIgniter.php(363): CodeIgniter\CodeIgniter->handleRequest(null, Object(Config\Cache), false)
 9 SYSTEMPATH\Boot.php(417): CodeIgniter\CodeIgniter->run()
10 SYSTEMPATH\Boot.php(68): CodeIgniter\Boot::runCodeIgniter(Object(CodeIgniter\CodeIgniter))
11 FCPATH\index.php(59): CodeIgniter\Boot::bootWeb(Object(Config\Paths))
CRITICAL - 2026-08-29 18:03:26 --> [Caused by] mysqli_sql_exception: Table 'gbinsura_crm.messages' doesn't exist
in SYSTEMPATH\Database\MySQLi\Connection.php on line 300.
 1 SYSTEMPATH\Database\MySQLi\Connection.php(300): mysqli->query('SELECT COUNT(*) AS `numrows`
FROM `messages`
WHERE   (
`senderId` = \'207c49c0f2fc6493\'
AND `receiverId` = \'1f4c280d781e9380\'
 )
OR   (
`senderId` = \'1f4c280d781e9380\'
AND `receiverId` = \'207c49c0f2fc6493\'
 )', 0)
 2 SYSTEMPATH\Database\BaseConnection.php(908): CodeIgniter\Database\MySQLi\Connection->execute('SELECT COUNT(*) AS `numrows`
FROM `messages`
WHERE   (
`senderId` = \'207c49c0f2fc6493\'
AND `receiverId` = \'1f4c280d781e9380\'
 )
OR   (
`senderId` = \'1f4c280d781e9380\'
AND `receiverId` = \'207c49c0f2fc6493\'
 )')
 3 SYSTEMPATH\Database\BaseConnection.php(825): CodeIgniter\Database\BaseConnection->simpleQuery('SELECT COUNT(*) AS `numrows`
FROM `messages`
WHERE   (
`senderId` = \'207c49c0f2fc6493\'
AND `receiverId` = \'1f4c280d781e9380\'
 )
OR   (
`senderId` = \'1f4c280d781e9380\'
AND `receiverId` = \'207c49c0f2fc6493\'
 )')
 4 SYSTEMPATH\Database\BaseBuilder.php(1731): CodeIgniter\Database\BaseConnection->query('SELECT COUNT(*) AS `numrows`
FROM `messages`
WHERE   (
`senderId` = :senderId:
AND `receiverId` = :receiverId:
 )
OR   (
`senderId` = :senderId.1:
AND `receiverId` = :receiverId.1:
 )', [...], false)
 5 APPPATH\Models\MessageModel.php(89): CodeIgniter\Database\BaseBuilder->countAllResults()
 6 APPPATH\Controllers\Chat.php(176): App\Models\MessageModel->getConversationCount('207c49c0f2fc6493', '1f4c280d781e9380')
 7 SYSTEMPATH\CodeIgniter.php(974): App\Controllers\Chat->getMessages('1f4c280d781e9380')
 8 SYSTEMPATH\CodeIgniter.php(520): CodeIgniter\CodeIgniter->runController(Object(App\Controllers\Chat))
 9 SYSTEMPATH\CodeIgniter.php(363): CodeIgniter\CodeIgniter->handleRequest(null, Object(Config\Cache), false)
10 SYSTEMPATH\Boot.php(417): CodeIgniter\CodeIgniter->run()
11 SYSTEMPATH\Boot.php(68): CodeIgniter\Boot::runCodeIgniter(Object(CodeIgniter\CodeIgniter))
12 FCPATH\index.php(59): CodeIgniter\Boot::bootWeb(Object(Config\Paths))
ERROR - 2026-08-29 18:03:27 --> Table 'gbinsura_crm.messages' doesn't exist
in SYSTEMPATH\Database\MySQLi\Connection.php on line 300.
 1 SYSTEMPATH\Database\MySQLi\Connection.php(300): mysqli->query('SELECT COUNT(*) AS `numrows`
FROM `messages`
WHERE   (
`senderId` = \'207c49c0f2fc6493\'
AND `receiverId` = \'aa45faf35b6e4746\'
 )
OR   (
`senderId` = \'aa45faf35b6e4746\'
AND `receiverId` = \'207c49c0f2fc6493\'
 )', 0)
 2 SYSTEMPATH\Database\BaseConnection.php(908): CodeIgniter\Database\MySQLi\Connection->execute('SELECT COUNT(*) AS `numrows`
FROM `messages`
WHERE   (
`senderId` = \'207c49c0f2fc6493\'
AND `receiverId` = \'aa45faf35b6e4746\'
 )
OR   (
`senderId` = \'aa45faf35b6e4746\'
AND `receiverId` = \'207c49c0f2fc6493\'
 )')
 3 SYSTEMPATH\Database\BaseConnection.php(825): CodeIgniter\Database\BaseConnection->simpleQuery('SELECT COUNT(*) AS `numrows`
FROM `messages`
WHERE   (
`senderId` = \'207c49c0f2fc6493\'
AND `receiverId` = \'aa45faf35b6e4746\'
 )
OR   (
`senderId` = \'aa45faf35b6e4746\'
AND `receiverId` = \'207c49c0f2fc6493\'
 )')
 4 SYSTEMPATH\Database\BaseBuilder.php(1731): CodeIgniter\Database\BaseConnection->query('SELECT COUNT(*) AS `numrows`
FROM `messages`
WHERE   (
`senderId` = :senderId:
AND `receiverId` = :receiverId:
 )
OR   (
`senderId` = :senderId.1:
AND `receiverId` = :receiverId.1:
 )', [...], false)
 5 APPPATH\Models\MessageModel.php(89): CodeIgniter\Database\BaseBuilder->countAllResults()
 6 APPPATH\Controllers\Chat.php(176): App\Models\MessageModel->getConversationCount('207c49c0f2fc6493', 'aa45faf35b6e4746')
 7 SYSTEMPATH\CodeIgniter.php(974): App\Controllers\Chat->getMessages('aa45faf35b6e4746')
 8 SYSTEMPATH\CodeIgniter.php(520): CodeIgniter\CodeIgniter->runController(Object(App\Controllers\Chat))
 9 SYSTEMPATH\CodeIgniter.php(363): CodeIgniter\CodeIgniter->handleRequest(null, Object(Config\Cache), false)
10 SYSTEMPATH\Boot.php(417): CodeIgniter\CodeIgniter->run()
11 SYSTEMPATH\Boot.php(68): CodeIgniter\Boot::runCodeIgniter(Object(CodeIgniter\CodeIgniter))
12 FCPATH\index.php(59): CodeIgniter\Boot::bootWeb(Object(Config\Paths))
CRITICAL - 2026-08-29 18:03:27 --> CodeIgniter\Database\Exceptions\DatabaseException: Table 'gbinsura_crm.messages' doesn't exist
[Method: GET, Route: employee/chat/messages/aa45faf35b6e4746]
in SYSTEMPATH\Database\BaseConnection.php on line 863.
 1 SYSTEMPATH\Database\BaseBuilder.php(1731): CodeIgniter\Database\BaseConnection->query('SELECT COUNT(*) AS `numrows`
FROM `messages`
WHERE   (
`senderId` = :senderId:
AND `receiverId` = :receiverId:
 )
OR   (
`senderId` = :senderId.1:
AND `receiverId` = :receiverId.1:
 )', [...], false)
 2 APPPATH\Models\MessageModel.php(89): CodeIgniter\Database\BaseBuilder->countAllResults()
 3 APPPATH\Controllers\Chat.php(176): App\Models\MessageModel->getConversationCount('207c49c0f2fc6493', 'aa45faf35b6e4746')
 4 SYSTEMPATH\CodeIgniter.php(974): App\Controllers\Chat->getMessages('aa45faf35b6e4746')
 5 SYSTEMPATH\CodeIgniter.php(520): CodeIgniter\CodeIgniter->runController(Object(App\Controllers\Chat))
 6 SYSTEMPATH\CodeIgniter.php(363): CodeIgniter\CodeIgniter->handleRequest(null, Object(Config\Cache), false)
 7 SYSTEMPATH\Boot.php(417): CodeIgniter\CodeIgniter->run()
 8 SYSTEMPATH\Boot.php(68): CodeIgniter\Boot::runCodeIgniter(Object(CodeIgniter\CodeIgniter))
 9 FCPATH\index.php(59): CodeIgniter\Boot::bootWeb(Object(Config\Paths))
CRITICAL - 2026-08-29 18:03:27 --> [Caused by] CodeIgniter\Database\Exceptions\DatabaseException: Table 'gbinsura_crm.messages' doesn't exist
in SYSTEMPATH\Database\MySQLi\Connection.php on line 310.
 1 SYSTEMPATH\Database\BaseConnection.php(908): CodeIgniter\Database\MySQLi\Connection->execute('SELECT COUNT(*) AS `numrows`
FROM `messages`
WHERE   (
`senderId` = \'207c49c0f2fc6493\'
AND `receiverId` = \'aa45faf35b6e4746\'
 )
OR   (
`senderId` = \'aa45faf35b6e4746\'
AND `receiverId` = \'207c49c0f2fc6493\'
 )')
 2 SYSTEMPATH\Database\BaseConnection.php(825): CodeIgniter\Database\BaseConnection->simpleQuery('SELECT COUNT(*) AS `numrows`
FROM `messages`
WHERE   (
`senderId` = \'207c49c0f2fc6493\'
AND `receiverId` = \'aa45faf35b6e4746\'
 )
OR   (
`senderId` = \'aa45faf35b6e4746\'
AND `receiverId` = \'207c49c0f2fc6493\'
 )')
 3 SYSTEMPATH\Database\BaseBuilder.php(1731): CodeIgniter\Database\BaseConnection->query('SELECT COUNT(*) AS `numrows`
FROM `messages`
WHERE   (
`senderId` = :senderId:
AND `receiverId` = :receiverId:
 )
OR   (
`senderId` = :senderId.1:
AND `receiverId` = :receiverId.1:
 )', [...], false)
 4 APPPATH\Models\MessageModel.php(89): CodeIgniter\Database\BaseBuilder->countAllResults()
 5 APPPATH\Controllers\Chat.php(176): App\Models\MessageModel->getConversationCount('207c49c0f2fc6493', 'aa45faf35b6e4746')
 6 SYSTEMPATH\CodeIgniter.php(974): App\Controllers\Chat->getMessages('aa45faf35b6e4746')
 7 SYSTEMPATH\CodeIgniter.php(520): CodeIgniter\CodeIgniter->runController(Object(App\Controllers\Chat))
 8 SYSTEMPATH\CodeIgniter.php(363): CodeIgniter\CodeIgniter->handleRequest(null, Object(Config\Cache), false)
 9 SYSTEMPATH\Boot.php(417): CodeIgniter\CodeIgniter->run()
10 SYSTEMPATH\Boot.php(68): CodeIgniter\Boot::runCodeIgniter(Object(CodeIgniter\CodeIgniter))
11 FCPATH\index.php(59): CodeIgniter\Boot::bootWeb(Object(Config\Paths))
CRITICAL - 2026-08-29 18:03:27 --> [Caused by] mysqli_sql_exception: Table 'gbinsura_crm.messages' doesn't exist
in SYSTEMPATH\Database\MySQLi\Connection.php on line 300.
 1 SYSTEMPATH\Database\MySQLi\Connection.php(300): mysqli->query('SELECT COUNT(*) AS `numrows`
FROM `messages`
WHERE   (
`senderId` = \'207c49c0f2fc6493\'
AND `receiverId` = \'aa45faf35b6e4746\'
 )
OR   (
`senderId` = \'aa45faf35b6e4746\'
AND `receiverId` = \'207c49c0f2fc6493\'
 )', 0)
 2 SYSTEMPATH\Database\BaseConnection.php(908): CodeIgniter\Database\MySQLi\Connection->execute('SELECT COUNT(*) AS `numrows`
FROM `messages`
WHERE   (
`senderId` = \'207c49c0f2fc6493\'
AND `receiverId` = \'aa45faf35b6e4746\'
 )
OR   (
`senderId` = \'aa45faf35b6e4746\'
AND `receiverId` = \'207c49c0f2fc6493\'
 )')
 3 SYSTEMPATH\Database\BaseConnection.php(825): CodeIgniter\Database\BaseConnection->simpleQuery('SELECT COUNT(*) AS `numrows`
FROM `messages`
WHERE   (
`senderId` = \'207c49c0f2fc6493\'
AND `receiverId` = \'aa45faf35b6e4746\'
 )
OR   (
`senderId` = \'aa45faf35b6e4746\'
AND `receiverId` = \'207c49c0f2fc6493\'
 )')
 4 SYSTEMPATH\Database\BaseBuilder.php(1731): CodeIgniter\Database\BaseConnection->query('SELECT COUNT(*) AS `numrows`
FROM `messages`
WHERE   (
`senderId` = :senderId:
AND `receiverId` = :receiverId:
 )
OR   (
`senderId` = :senderId.1:
AND `receiverId` = :receiverId.1:
 )', [...], false)
 5 APPPATH\Models\MessageModel.php(89): CodeIgniter\Database\BaseBuilder->countAllResults()
 6 APPPATH\Controllers\Chat.php(176): App\Models\MessageModel->getConversationCount('207c49c0f2fc6493', 'aa45faf35b6e4746')
 7 SYSTEMPATH\CodeIgniter.php(974): App\Controllers\Chat->getMessages('aa45faf35b6e4746')
 8 SYSTEMPATH\CodeIgniter.php(520): CodeIgniter\CodeIgniter->runController(Object(App\Controllers\Chat))
 9 SYSTEMPATH\CodeIgniter.php(363): CodeIgniter\CodeIgniter->handleRequest(null, Object(Config\Cache), false)
10 SYSTEMPATH\Boot.php(417): CodeIgniter\CodeIgniter->run()
11 SYSTEMPATH\Boot.php(68): CodeIgniter\Boot::runCodeIgniter(Object(CodeIgniter\CodeIgniter))
12 FCPATH\index.php(59): CodeIgniter\Boot::bootWeb(Object(Config\Paths))
ERROR - 2026-08-29 18:04:39 --> You have an error in your SQL syntax; check the manual that corresponds to your MariaDB server version for the right syntax to use near '? AND `receiverId` = ?) OR (`senderId` = ? AND receiverId = ?) :(senderId = ?...' at line 3
in SYSTEMPATH\Database\MySQLi\Connection.php on line 300.
 1 SYSTEMPATH\Database\MySQLi\Connection.php(300): mysqli->query('SELECT COUNT(*) AS `numrows`
FROM `messages`
WHERE (`senderId` = ? AND `receiverId` = ?) OR (`senderId` = ? AND receiverId = ?) :(senderId = ? AND `receiverId` = ?) OR (`senderId` = ? AND `receiverId` = ?):', 0)
 2 SYSTEMPATH\Database\BaseConnection.php(908): CodeIgniter\Database\MySQLi\Connection->execute('SELECT COUNT(*) AS `numrows`
FROM `messages`
WHERE (`senderId` = ? AND `receiverId` = ?) OR (`senderId` = ? AND receiverId = ?) :(senderId = ? AND `receiverId` = ?) OR (`senderId` = ? AND `receiverId` = ?):')
 3 SYSTEMPATH\Database\BaseConnection.php(825): CodeIgniter\Database\BaseConnection->simpleQuery('SELECT COUNT(*) AS `numrows`
FROM `messages`
WHERE (`senderId` = ? AND `receiverId` = ?) OR (`senderId` = ? AND receiverId = ?) :(senderId = ? AND `receiverId` = ?) OR (`senderId` = ? AND `receiverId` = ?):')
 4 SYSTEMPATH\Database\BaseBuilder.php(1731): CodeIgniter\Database\BaseConnection->query('SELECT COUNT(*) AS `numrows`
FROM `messages`
WHERE (`senderId` = ? AND `receiverId` = ?) OR (`senderId` = ? AND receiverId = ?) :(senderId = ? AND `receiverId` = ?) OR (`senderId` = ? AND `receiverId` = ?):', [...], false)
 5 APPPATH\Models\MessageModel.php(87): CodeIgniter\Database\BaseBuilder->countAllResults()
 6 APPPATH\Controllers\Chat.php(176): App\Models\MessageModel->getConversationCount('207c49c0f2fc6493', '56dc273f11b04003')
 7 SYSTEMPATH\CodeIgniter.php(974): App\Controllers\Chat->getMessages('56dc273f11b04003')
 8 SYSTEMPATH\CodeIgniter.php(520): CodeIgniter\CodeIgniter->runController(Object(App\Controllers\Chat))
 9 SYSTEMPATH\CodeIgniter.php(363): CodeIgniter\CodeIgniter->handleRequest(null, Object(Config\Cache), false)
10 SYSTEMPATH\Boot.php(417): CodeIgniter\CodeIgniter->run()
11 SYSTEMPATH\Boot.php(68): CodeIgniter\Boot::runCodeIgniter(Object(CodeIgniter\CodeIgniter))
12 FCPATH\index.php(59): CodeIgniter\Boot::bootWeb(Object(Config\Paths))
CRITICAL - 2026-08-29 18:04:39 --> CodeIgniter\Database\Exceptions\DatabaseException: You have an error in your SQL syntax; check the manual that corresponds to your MariaDB server version for the right syntax to use near '? AND `receiverId` = ?) OR (`senderId` = ? AND receiverId = ?) :(senderId = ?...' at line 3
[Method: GET, Route: employee/chat/messages/56dc273f11b04003]
in SYSTEMPATH\Database\BaseConnection.php on line 863.
 1 SYSTEMPATH\Database\BaseBuilder.php(1731): CodeIgniter\Database\BaseConnection->query('SELECT COUNT(*) AS `numrows`
FROM `messages`
WHERE (`senderId` = ? AND `receiverId` = ?) OR (`senderId` = ? AND receiverId = ?) :(senderId = ? AND `receiverId` = ?) OR (`senderId` = ? AND `receiverId` = ?):', [...], false)
 2 APPPATH\Models\MessageModel.php(87): CodeIgniter\Database\BaseBuilder->countAllResults()
 3 APPPATH\Controllers\Chat.php(176): App\Models\MessageModel->getConversationCount('207c49c0f2fc6493', '56dc273f11b04003')
 4 SYSTEMPATH\CodeIgniter.php(974): App\Controllers\Chat->getMessages('56dc273f11b04003')
 5 SYSTEMPATH\CodeIgniter.php(520): CodeIgniter\CodeIgniter->runController(Object(App\Controllers\Chat))
 6 SYSTEMPATH\CodeIgniter.php(363): CodeIgniter\CodeIgniter->handleRequest(null, Object(Config\Cache), false)
 7 SYSTEMPATH\Boot.php(417): CodeIgniter\CodeIgniter->run()
 8 SYSTEMPATH\Boot.php(68): CodeIgniter\Boot::runCodeIgniter(Object(CodeIgniter\CodeIgniter))
 9 FCPATH\index.php(59): CodeIgniter\Boot::bootWeb(Object(Config\Paths))
CRITICAL - 2026-08-29 18:04:39 --> [Caused by] CodeIgniter\Database\Exceptions\DatabaseException: You have an error in your SQL syntax; check the manual that corresponds to your MariaDB server version for the right syntax to use near '? AND `receiverId` = ?) OR (`senderId` = ? AND receiverId = ?) :(senderId = ?...' at line 3
in SYSTEMPATH\Database\MySQLi\Connection.php on line 310.
 1 SYSTEMPATH\Database\BaseConnection.php(908): CodeIgniter\Database\MySQLi\Connection->execute('SELECT COUNT(*) AS `numrows`
FROM `messages`
WHERE (`senderId` = ? AND `receiverId` = ?) OR (`senderId` = ? AND receiverId = ?) :(senderId = ? AND `receiverId` = ?) OR (`senderId` = ? AND `receiverId` = ?):')
 2 SYSTEMPATH\Database\BaseConnection.php(825): CodeIgniter\Database\BaseConnection->simpleQuery('SELECT COUNT(*) AS `numrows`
FROM `messages`
WHERE (`senderId` = ? AND `receiverId` = ?) OR (`senderId` = ? AND receiverId = ?) :(senderId = ? AND `receiverId` = ?) OR (`senderId` = ? AND `receiverId` = ?):')
 3 SYSTEMPATH\Database\BaseBuilder.php(1731): CodeIgniter\Database\BaseConnection->query('SELECT COUNT(*) AS `numrows`
FROM `messages`
WHERE (`senderId` = ? AND `receiverId` = ?) OR (`senderId` = ? AND receiverId = ?) :(senderId = ? AND `receiverId` = ?) OR (`senderId` = ? AND `receiverId` = ?):', [...], false)
 4 APPPATH\Models\MessageModel.php(87): CodeIgniter\Database\BaseBuilder->countAllResults()
 5 APPPATH\Controllers\Chat.php(176): App\Models\MessageModel->getConversationCount('207c49c0f2fc6493', '56dc273f11b04003')
 6 SYSTEMPATH\CodeIgniter.php(974): App\Controllers\Chat->getMessages('56dc273f11b04003')
 7 SYSTEMPATH\CodeIgniter.php(520): CodeIgniter\CodeIgniter->runController(Object(App\Controllers\Chat))
 8 SYSTEMPATH\CodeIgniter.php(363): CodeIgniter\CodeIgniter->handleRequest(null, Object(Config\Cache), false)
 9 SYSTEMPATH\Boot.php(417): CodeIgniter\CodeIgniter->run()
10 SYSTEMPATH\Boot.php(68): CodeIgniter\Boot::runCodeIgniter(Object(CodeIgniter\CodeIgniter))
11 FCPATH\index.php(59): CodeIgniter\Boot::bootWeb(Object(Config\Paths))
CRITICAL - 2026-08-29 18:04:39 --> [Caused by] mysqli_sql_exception: You have an error in your SQL syntax; check the manual that corresponds to your MariaDB server version for the right syntax to use near '? AND `receiverId` = ?) OR (`senderId` = ? AND receiverId = ?) :(senderId = ?...' at line 3
in SYSTEMPATH\Database\MySQLi\Connection.php on line 300.
 1 SYSTEMPATH\Database\MySQLi\Connection.php(300): mysqli->query('SELECT COUNT(*) AS `numrows`
FROM `messages`
WHERE (`senderId` = ? AND `receiverId` = ?) OR (`senderId` = ? AND receiverId = ?) :(senderId = ? AND `receiverId` = ?) OR (`senderId` = ? AND `receiverId` = ?):', 0)
 2 SYSTEMPATH\Database\BaseConnection.php(908): CodeIgniter\Database\MySQLi\Connection->execute('SELECT COUNT(*) AS `numrows`
FROM `messages`
WHERE (`senderId` = ? AND `receiverId` = ?) OR (`senderId` = ? AND receiverId = ?) :(senderId = ? AND `receiverId` = ?) OR (`senderId` = ? AND `receiverId` = ?):')
 3 SYSTEMPATH\Database\BaseConnection.php(825): CodeIgniter\Database\BaseConnection->simpleQuery('SELECT COUNT(*) AS `numrows`
FROM `messages`
WHERE (`senderId` = ? AND `receiverId` = ?) OR (`senderId` = ? AND receiverId = ?) :(senderId = ? AND `receiverId` = ?) OR (`senderId` = ? AND `receiverId` = ?):')
 4 SYSTEMPATH\Database\BaseBuilder.php(1731): CodeIgniter\Database\BaseConnection->query('SELECT COUNT(*) AS `numrows`
FROM `messages`
WHERE (`senderId` = ? AND `receiverId` = ?) OR (`senderId` = ? AND receiverId = ?) :(senderId = ? AND `receiverId` = ?) OR (`senderId` = ? AND `receiverId` = ?):', [...], false)
 5 APPPATH\Models\MessageModel.php(87): CodeIgniter\Database\BaseBuilder->countAllResults()
 6 APPPATH\Controllers\Chat.php(176): App\Models\MessageModel->getConversationCount('207c49c0f2fc6493', '56dc273f11b04003')
 7 SYSTEMPATH\CodeIgniter.php(974): App\Controllers\Chat->getMessages('56dc273f11b04003')
 8 SYSTEMPATH\CodeIgniter.php(520): CodeIgniter\CodeIgniter->runController(Object(App\Controllers\Chat))
 9 SYSTEMPATH\CodeIgniter.php(363): CodeIgniter\CodeIgniter->handleRequest(null, Object(Config\Cache), false)
10 SYSTEMPATH\Boot.php(417): CodeIgniter\CodeIgniter->run()
11 SYSTEMPATH\Boot.php(68): CodeIgniter\Boot::runCodeIgniter(Object(CodeIgniter\CodeIgniter))
12 FCPATH\index.php(59): CodeIgniter\Boot::bootWeb(Object(Config\Paths))
ERROR - 2026-08-29 18:04:42 --> You have an error in your SQL syntax; check the manual that corresponds to your MariaDB server version for the right syntax to use near '? AND `receiverId` = ?) OR (`senderId` = ? AND receiverId = ?) :(senderId = ?...' at line 3
in SYSTEMPATH\Database\MySQLi\Connection.php on line 300.
 1 SYSTEMPATH\Database\MySQLi\Connection.php(300): mysqli->query('SELECT COUNT(*) AS `numrows`
FROM `messages`
WHERE (`senderId` = ? AND `receiverId` = ?) OR (`senderId` = ? AND receiverId = ?) :(senderId = ? AND `receiverId` = ?) OR (`senderId` = ? AND `receiverId` = ?):', 0)
 2 SYSTEMPATH\Database\BaseConnection.php(908): CodeIgniter\Database\MySQLi\Connection->execute('SELECT COUNT(*) AS `numrows`
FROM `messages`
WHERE (`senderId` = ? AND `receiverId` = ?) OR (`senderId` = ? AND receiverId = ?) :(senderId = ? AND `receiverId` = ?) OR (`senderId` = ? AND `receiverId` = ?):')
 3 SYSTEMPATH\Database\BaseConnection.php(825): CodeIgniter\Database\BaseConnection->simpleQuery('SELECT COUNT(*) AS `numrows`
FROM `messages`
WHERE (`senderId` = ? AND `receiverId` = ?) OR (`senderId` = ? AND receiverId = ?) :(senderId = ? AND `receiverId` = ?) OR (`senderId` = ? AND `receiverId` = ?):')
 4 SYSTEMPATH\Database\BaseBuilder.php(1731): CodeIgniter\Database\BaseConnection->query('SELECT COUNT(*) AS `numrows`
FROM `messages`
WHERE (`senderId` = ? AND `receiverId` = ?) OR (`senderId` = ? AND receiverId = ?) :(senderId = ? AND `receiverId` = ?) OR (`senderId` = ? AND `receiverId` = ?):', [...], false)
 5 APPPATH\Models\MessageModel.php(87): CodeIgniter\Database\BaseBuilder->countAllResults()
 6 APPPATH\Controllers\Chat.php(176): App\Models\MessageModel->getConversationCount('207c49c0f2fc6493', '56dc273f11b04003')
 7 SYSTEMPATH\CodeIgniter.php(974): App\Controllers\Chat->getMessages('56dc273f11b04003')
 8 SYSTEMPATH\CodeIgniter.php(520): CodeIgniter\CodeIgniter->runController(Object(App\Controllers\Chat))
 9 SYSTEMPATH\CodeIgniter.php(363): CodeIgniter\CodeIgniter->handleRequest(null, Object(Config\Cache), false)
10 SYSTEMPATH\Boot.php(417): CodeIgniter\CodeIgniter->run()
11 SYSTEMPATH\Boot.php(68): CodeIgniter\Boot::runCodeIgniter(Object(CodeIgniter\CodeIgniter))
12 FCPATH\index.php(59): CodeIgniter\Boot::bootWeb(Object(Config\Paths))
CRITICAL - 2026-08-29 18:04:42 --> CodeIgniter\Database\Exceptions\DatabaseException: You have an error in your SQL syntax; check the manual that corresponds to your MariaDB server version for the right syntax to use near '? AND `receiverId` = ?) OR (`senderId` = ? AND receiverId = ?) :(senderId = ?...' at line 3
[Method: GET, Route: employee/chat/messages/56dc273f11b04003]
in SYSTEMPATH\Database\BaseConnection.php on line 863.
 1 SYSTEMPATH\Database\BaseBuilder.php(1731): CodeIgniter\Database\BaseConnection->query('SELECT COUNT(*) AS `numrows`
FROM `messages`
WHERE (`senderId` = ? AND `receiverId` = ?) OR (`senderId` = ? AND receiverId = ?) :(senderId = ? AND `receiverId` = ?) OR (`senderId` = ? AND `receiverId` = ?):', [...], false)
 2 APPPATH\Models\MessageModel.php(87): CodeIgniter\Database\BaseBuilder->countAllResults()
 3 APPPATH\Controllers\Chat.php(176): App\Models\MessageModel->getConversationCount('207c49c0f2fc6493', '56dc273f11b04003')
 4 SYSTEMPATH\CodeIgniter.php(974): App\Controllers\Chat->getMessages('56dc273f11b04003')
 5 SYSTEMPATH\CodeIgniter.php(520): CodeIgniter\CodeIgniter->runController(Object(App\Controllers\Chat))
 6 SYSTEMPATH\CodeIgniter.php(363): CodeIgniter\CodeIgniter->handleRequest(null, Object(Config\Cache), false)
 7 SYSTEMPATH\Boot.php(417): CodeIgniter\CodeIgniter->run()
 8 SYSTEMPATH\Boot.php(68): CodeIgniter\Boot::runCodeIgniter(Object(CodeIgniter\CodeIgniter))
 9 FCPATH\index.php(59): CodeIgniter\Boot::bootWeb(Object(Config\Paths))
CRITICAL - 2026-08-29 18:04:42 --> [Caused by] CodeIgniter\Database\Exceptions\DatabaseException: You have an error in your SQL syntax; check the manual that corresponds to your MariaDB server version for the right syntax to use near '? AND `receiverId` = ?) OR (`senderId` = ? AND receiverId = ?) :(senderId = ?...' at line 3
in SYSTEMPATH\Database\MySQLi\Connection.php on line 310.
 1 SYSTEMPATH\Database\BaseConnection.php(908): CodeIgniter\Database\MySQLi\Connection->execute('SELECT COUNT(*) AS `numrows`
FROM `messages`
WHERE (`senderId` = ? AND `receiverId` = ?) OR (`senderId` = ? AND receiverId = ?) :(senderId = ? AND `receiverId` = ?) OR (`senderId` = ? AND `receiverId` = ?):')
 2 SYSTEMPATH\Database\BaseConnection.php(825): CodeIgniter\Database\BaseConnection->simpleQuery('SELECT COUNT(*) AS `numrows`
FROM `messages`
WHERE (`senderId` = ? AND `receiverId` = ?) OR (`senderId` = ? AND receiverId = ?) :(senderId = ? AND `receiverId` = ?) OR (`senderId` = ? AND `receiverId` = ?):')
 3 SYSTEMPATH\Database\BaseBuilder.php(1731): CodeIgniter\Database\BaseConnection->query('SELECT COUNT(*) AS `numrows`
FROM `messages`
WHERE (`senderId` = ? AND `receiverId` = ?) OR (`senderId` = ? AND receiverId = ?) :(senderId = ? AND `receiverId` = ?) OR (`senderId` = ? AND `receiverId` = ?):', [...], false)
 4 APPPATH\Models\MessageModel.php(87): CodeIgniter\Database\BaseBuilder->countAllResults()
 5 APPPATH\Controllers\Chat.php(176): App\Models\MessageModel->getConversationCount('207c49c0f2fc6493', '56dc273f11b04003')
 6 SYSTEMPATH\CodeIgniter.php(974): App\Controllers\Chat->getMessages('56dc273f11b04003')
 7 SYSTEMPATH\CodeIgniter.php(520): CodeIgniter\CodeIgniter->runController(Object(App\Controllers\Chat))
 8 SYSTEMPATH\CodeIgniter.php(363): CodeIgniter\CodeIgniter->handleRequest(null, Object(Config\Cache), false)
 9 SYSTEMPATH\Boot.php(417): CodeIgniter\CodeIgniter->run()
10 SYSTEMPATH\Boot.php(68): CodeIgniter\Boot::runCodeIgniter(Object(CodeIgniter\CodeIgniter))
11 FCPATH\index.php(59): CodeIgniter\Boot::bootWeb(Object(Config\Paths))
CRITICAL - 2026-08-29 18:04:42 --> [Caused by] mysqli_sql_exception: You have an error in your SQL syntax; check the manual that corresponds to your MariaDB server version for the right syntax to use near '? AND `receiverId` = ?) OR (`senderId` = ? AND receiverId = ?) :(senderId = ?...' at line 3
in SYSTEMPATH\Database\MySQLi\Connection.php on line 300.
 1 SYSTEMPATH\Database\MySQLi\Connection.php(300): mysqli->query('SELECT COUNT(*) AS `numrows`
FROM `messages`
WHERE (`senderId` = ? AND `receiverId` = ?) OR (`senderId` = ? AND receiverId = ?) :(senderId = ? AND `receiverId` = ?) OR (`senderId` = ? AND `receiverId` = ?):', 0)
 2 SYSTEMPATH\Database\BaseConnection.php(908): CodeIgniter\Database\MySQLi\Connection->execute('SELECT COUNT(*) AS `numrows`
FROM `messages`
WHERE (`senderId` = ? AND `receiverId` = ?) OR (`senderId` = ? AND receiverId = ?) :(senderId = ? AND `receiverId` = ?) OR (`senderId` = ? AND `receiverId` = ?):')
 3 SYSTEMPATH\Database\BaseConnection.php(825): CodeIgniter\Database\BaseConnection->simpleQuery('SELECT COUNT(*) AS `numrows`
FROM `messages`
WHERE (`senderId` = ? AND `receiverId` = ?) OR (`senderId` = ? AND receiverId = ?) :(senderId = ? AND `receiverId` = ?) OR (`senderId` = ? AND `receiverId` = ?):')
 4 SYSTEMPATH\Database\BaseBuilder.php(1731): CodeIgniter\Database\BaseConnection->query('SELECT COUNT(*) AS `numrows`
FROM `messages`
WHERE (`senderId` = ? AND `receiverId` = ?) OR (`senderId` = ? AND receiverId = ?) :(senderId = ? AND `receiverId` = ?) OR (`senderId` = ? AND `receiverId` = ?):', [...], false)
 5 APPPATH\Models\MessageModel.php(87): CodeIgniter\Database\BaseBuilder->countAllResults()
 6 APPPATH\Controllers\Chat.php(176): App\Models\MessageModel->getConversationCount('207c49c0f2fc6493', '56dc273f11b04003')
 7 SYSTEMPATH\CodeIgniter.php(974): App\Controllers\Chat->getMessages('56dc273f11b04003')
 8 SYSTEMPATH\CodeIgniter.php(520): CodeIgniter\CodeIgniter->runController(Object(App\Controllers\Chat))
 9 SYSTEMPATH\CodeIgniter.php(363): CodeIgniter\CodeIgniter->handleRequest(null, Object(Config\Cache), false)
10 SYSTEMPATH\Boot.php(417): CodeIgniter\CodeIgniter->run()
11 SYSTEMPATH\Boot.php(68): CodeIgniter\Boot::runCodeIgniter(Object(CodeIgniter\CodeIgniter))
12 FCPATH\index.php(59): CodeIgniter\Boot::bootWeb(Object(Config\Paths))
ERROR - 2026-08-29 18:04:45 --> You have an error in your SQL syntax; check the manual that corresponds to your MariaDB server version for the right syntax to use near '? AND `receiverId` = ?) OR (`senderId` = ? AND receiverId = ?) :(senderId = ?...' at line 3
in SYSTEMPATH\Database\MySQLi\Connection.php on line 300.
 1 SYSTEMPATH\Database\MySQLi\Connection.php(300): mysqli->query('SELECT COUNT(*) AS `numrows`
FROM `messages`
WHERE (`senderId` = ? AND `receiverId` = ?) OR (`senderId` = ? AND receiverId = ?) :(senderId = ? AND `receiverId` = ?) OR (`senderId` = ? AND `receiverId` = ?):', 0)
 2 SYSTEMPATH\Database\BaseConnection.php(908): CodeIgniter\Database\MySQLi\Connection->execute('SELECT COUNT(*) AS `numrows`
FROM `messages`
WHERE (`senderId` = ? AND `receiverId` = ?) OR (`senderId` = ? AND receiverId = ?) :(senderId = ? AND `receiverId` = ?) OR (`senderId` = ? AND `receiverId` = ?):')
 3 SYSTEMPATH\Database\BaseConnection.php(825): CodeIgniter\Database\BaseConnection->simpleQuery('SELECT COUNT(*) AS `numrows`
FROM `messages`
WHERE (`senderId` = ? AND `receiverId` = ?) OR (`senderId` = ? AND receiverId = ?) :(senderId = ? AND `receiverId` = ?) OR (`senderId` = ? AND `receiverId` = ?):')
 4 SYSTEMPATH\Database\BaseBuilder.php(1731): CodeIgniter\Database\BaseConnection->query('SELECT COUNT(*) AS `numrows`
FROM `messages`
WHERE (`senderId` = ? AND `receiverId` = ?) OR (`senderId` = ? AND receiverId = ?) :(senderId = ? AND `receiverId` = ?) OR (`senderId` = ? AND `receiverId` = ?):', [...], false)
 5 APPPATH\Models\MessageModel.php(87): CodeIgniter\Database\BaseBuilder->countAllResults()
 6 APPPATH\Controllers\Chat.php(176): App\Models\MessageModel->getConversationCount('207c49c0f2fc6493', '56dc273f11b04003')
 7 SYSTEMPATH\CodeIgniter.php(974): App\Controllers\Chat->getMessages('56dc273f11b04003')
 8 SYSTEMPATH\CodeIgniter.php(520): CodeIgniter\CodeIgniter->runController(Object(App\Controllers\Chat))
 9 SYSTEMPATH\CodeIgniter.php(363): CodeIgniter\CodeIgniter->handleRequest(null, Object(Config\Cache), false)
10 SYSTEMPATH\Boot.php(417): CodeIgniter\CodeIgniter->run()
11 SYSTEMPATH\Boot.php(68): CodeIgniter\Boot::runCodeIgniter(Object(CodeIgniter\CodeIgniter))
12 FCPATH\index.php(59): CodeIgniter\Boot::bootWeb(Object(Config\Paths))
CRITICAL - 2026-08-29 18:04:45 --> CodeIgniter\Database\Exceptions\DatabaseException: You have an error in your SQL syntax; check the manual that corresponds to your MariaDB server version for the right syntax to use near '? AND `receiverId` = ?) OR (`senderId` = ? AND receiverId = ?) :(senderId = ?...' at line 3
[Method: GET, Route: employee/chat/messages/56dc273f11b04003]
in SYSTEMPATH\Database\BaseConnection.php on line 863.
 1 SYSTEMPATH\Database\BaseBuilder.php(1731): CodeIgniter\Database\BaseConnection->query('SELECT COUNT(*) AS `numrows`
FROM `messages`
WHERE (`senderId` = ? AND `receiverId` = ?) OR (`senderId` = ? AND receiverId = ?) :(senderId = ? AND `receiverId` = ?) OR (`senderId` = ? AND `receiverId` = ?):', [...], false)
 2 APPPATH\Models\MessageModel.php(87): CodeIgniter\Database\BaseBuilder->countAllResults()
 3 APPPATH\Controllers\Chat.php(176): App\Models\MessageModel->getConversationCount('207c49c0f2fc6493', '56dc273f11b04003')
 4 SYSTEMPATH\CodeIgniter.php(974): App\Controllers\Chat->getMessages('56dc273f11b04003')
 5 SYSTEMPATH\CodeIgniter.php(520): CodeIgniter\CodeIgniter->runController(Object(App\Controllers\Chat))
 6 SYSTEMPATH\CodeIgniter.php(363): CodeIgniter\CodeIgniter->handleRequest(null, Object(Config\Cache), false)
 7 SYSTEMPATH\Boot.php(417): CodeIgniter\CodeIgniter->run()
 8 SYSTEMPATH\Boot.php(68): CodeIgniter\Boot::runCodeIgniter(Object(CodeIgniter\CodeIgniter))
 9 FCPATH\index.php(59): CodeIgniter\Boot::bootWeb(Object(Config\Paths))
CRITICAL - 2026-08-29 18:04:45 --> [Caused by] CodeIgniter\Database\Exceptions\DatabaseException: You have an error in your SQL syntax; check the manual that corresponds to your MariaDB server version for the right syntax to use near '? AND `receiverId` = ?) OR (`senderId` = ? AND receiverId = ?) :(senderId = ?...' at line 3
in SYSTEMPATH\Database\MySQLi\Connection.php on line 310.
 1 SYSTEMPATH\Database\BaseConnection.php(908): CodeIgniter\Database\MySQLi\Connection->execute('SELECT COUNT(*) AS `numrows`
FROM `messages`
WHERE (`senderId` = ? AND `receiverId` = ?) OR (`senderId` = ? AND receiverId = ?) :(senderId = ? AND `receiverId` = ?) OR (`senderId` = ? AND `receiverId` = ?):')
 2 SYSTEMPATH\Database\BaseConnection.php(825): CodeIgniter\Database\BaseConnection->simpleQuery('SELECT COUNT(*) AS `numrows`
FROM `messages`
WHERE (`senderId` = ? AND `receiverId` = ?) OR (`senderId` = ? AND receiverId = ?) :(senderId = ? AND `receiverId` = ?) OR (`senderId` = ? AND `receiverId` = ?):')
 3 SYSTEMPATH\Database\BaseBuilder.php(1731): CodeIgniter\Database\BaseConnection->query('SELECT COUNT(*) AS `numrows`
FROM `messages`
WHERE (`senderId` = ? AND `receiverId` = ?) OR (`senderId` = ? AND receiverId = ?) :(senderId = ? AND `receiverId` = ?) OR (`senderId` = ? AND `receiverId` = ?):', [...], false)
 4 APPPATH\Models\MessageModel.php(87): CodeIgniter\Database\BaseBuilder->countAllResults()
 5 APPPATH\Controllers\Chat.php(176): App\Models\MessageModel->getConversationCount('207c49c0f2fc6493', '56dc273f11b04003')
 6 SYSTEMPATH\CodeIgniter.php(974): App\Controllers\Chat->getMessages('56dc273f11b04003')
 7 SYSTEMPATH\CodeIgniter.php(520): CodeIgniter\CodeIgniter->runController(Object(App\Controllers\Chat))
 8 SYSTEMPATH\CodeIgniter.php(363): CodeIgniter\CodeIgniter->handleRequest(null, Object(Config\Cache), false)
 9 SYSTEMPATH\Boot.php(417): CodeIgniter\CodeIgniter->run()
10 SYSTEMPATH\Boot.php(68): CodeIgniter\Boot::runCodeIgniter(Object(CodeIgniter\CodeIgniter))
11 FCPATH\index.php(59): CodeIgniter\Boot::bootWeb(Object(Config\Paths))
CRITICAL - 2026-08-29 18:04:45 --> [Caused by] mysqli_sql_exception: You have an error in your SQL syntax; check the manual that corresponds to your MariaDB server version for the right syntax to use near '? AND `receiverId` = ?) OR (`senderId` = ? AND receiverId = ?) :(senderId = ?...' at line 3
in SYSTEMPATH\Database\MySQLi\Connection.php on line 300.
 1 SYSTEMPATH\Database\MySQLi\Connection.php(300): mysqli->query('SELECT COUNT(*) AS `numrows`
FROM `messages`
WHERE (`senderId` = ? AND `receiverId` = ?) OR (`senderId` = ? AND receiverId = ?) :(senderId = ? AND `receiverId` = ?) OR (`senderId` = ? AND `receiverId` = ?):', 0)
 2 SYSTEMPATH\Database\BaseConnection.php(908): CodeIgniter\Database\MySQLi\Connection->execute('SELECT COUNT(*) AS `numrows`
FROM `messages`
WHERE (`senderId` = ? AND `receiverId` = ?) OR (`senderId` = ? AND receiverId = ?) :(senderId = ? AND `receiverId` = ?) OR (`senderId` = ? AND `receiverId` = ?):')
 3 SYSTEMPATH\Database\BaseConnection.php(825): CodeIgniter\Database\BaseConnection->simpleQuery('SELECT COUNT(*) AS `numrows`
FROM `messages`
WHERE (`senderId` = ? AND `receiverId` = ?) OR (`senderId` = ? AND receiverId = ?) :(senderId = ? AND `receiverId` = ?) OR (`senderId` = ? AND `receiverId` = ?):')
 4 SYSTEMPATH\Database\BaseBuilder.php(1731): CodeIgniter\Database\BaseConnection->query('SELECT COUNT(*) AS `numrows`
FROM `messages`
WHERE (`senderId` = ? AND `receiverId` = ?) OR (`senderId` = ? AND receiverId = ?) :(senderId = ? AND `receiverId` = ?) OR (`senderId` = ? AND `receiverId` = ?):', [...], false)
 5 APPPATH\Models\MessageModel.php(87): CodeIgniter\Database\BaseBuilder->countAllResults()
 6 APPPATH\Controllers\Chat.php(176): App\Models\MessageModel->getConversationCount('207c49c0f2fc6493', '56dc273f11b04003')
 7 SYSTEMPATH\CodeIgniter.php(974): App\Controllers\Chat->getMessages('56dc273f11b04003')
 8 SYSTEMPATH\CodeIgniter.php(520): CodeIgniter\CodeIgniter->runController(Object(App\Controllers\Chat))
 9 SYSTEMPATH\CodeIgniter.php(363): CodeIgniter\CodeIgniter->handleRequest(null, Object(Config\Cache), false)
10 SYSTEMPATH\Boot.php(417): CodeIgniter\CodeIgniter->run()
11 SYSTEMPATH\Boot.php(68): CodeIgniter\Boot::runCodeIgniter(Object(CodeIgniter\CodeIgniter))
12 FCPATH\index.php(59): CodeIgniter\Boot::bootWeb(Object(Config\Paths))
ERROR - 2026-08-29 18:04:49 --> You have an error in your SQL syntax; check the manual that corresponds to your MariaDB server version for the right syntax to use near '? AND `receiverId` = ?) OR (`senderId` = ? AND receiverId = ?) :(senderId = ?...' at line 3
in SYSTEMPATH\Database\MySQLi\Connection.php on line 300.
 1 SYSTEMPATH\Database\MySQLi\Connection.php(300): mysqli->query('SELECT COUNT(*) AS `numrows`
FROM `messages`
WHERE (`senderId` = ? AND `receiverId` = ?) OR (`senderId` = ? AND receiverId = ?) :(senderId = ? AND `receiverId` = ?) OR (`senderId` = ? AND `receiverId` = ?):', 0)
 2 SYSTEMPATH\Database\BaseConnection.php(908): CodeIgniter\Database\MySQLi\Connection->execute('SELECT COUNT(*) AS `numrows`
FROM `messages`
WHERE (`senderId` = ? AND `receiverId` = ?) OR (`senderId` = ? AND receiverId = ?) :(senderId = ? AND `receiverId` = ?) OR (`senderId` = ? AND `receiverId` = ?):')
 3 SYSTEMPATH\Database\BaseConnection.php(825): CodeIgniter\Database\BaseConnection->simpleQuery('SELECT COUNT(*) AS `numrows`
FROM `messages`
WHERE (`senderId` = ? AND `receiverId` = ?) OR (`senderId` = ? AND receiverId = ?) :(senderId = ? AND `receiverId` = ?) OR (`senderId` = ? AND `receiverId` = ?):')
 4 SYSTEMPATH\Database\BaseBuilder.php(1731): CodeIgniter\Database\BaseConnection->query('SELECT COUNT(*) AS `numrows`
FROM `messages`
WHERE (`senderId` = ? AND `receiverId` = ?) OR (`senderId` = ? AND receiverId = ?) :(senderId = ? AND `receiverId` = ?) OR (`senderId` = ? AND `receiverId` = ?):', [...], false)
 5 APPPATH\Models\MessageModel.php(87): CodeIgniter\Database\BaseBuilder->countAllResults()
 6 APPPATH\Controllers\Chat.php(176): App\Models\MessageModel->getConversationCount('207c49c0f2fc6493', '56dc273f11b04003')
 7 SYSTEMPATH\CodeIgniter.php(974): App\Controllers\Chat->getMessages('56dc273f11b04003')
 8 SYSTEMPATH\CodeIgniter.php(520): CodeIgniter\CodeIgniter->runController(Object(App\Controllers\Chat))
 9 SYSTEMPATH\CodeIgniter.php(363): CodeIgniter\CodeIgniter->handleRequest(null, Object(Config\Cache), false)
10 SYSTEMPATH\Boot.php(417): CodeIgniter\CodeIgniter->run()
11 SYSTEMPATH\Boot.php(68): CodeIgniter\Boot::runCodeIgniter(Object(CodeIgniter\CodeIgniter))
12 FCPATH\index.php(59): CodeIgniter\Boot::bootWeb(Object(Config\Paths))
CRITICAL - 2026-08-29 18:04:49 --> CodeIgniter\Database\Exceptions\DatabaseException: You have an error in your SQL syntax; check the manual that corresponds to your MariaDB server version for the right syntax to use near '? AND `receiverId` = ?) OR (`senderId` = ? AND receiverId = ?) :(senderId = ?...' at line 3
[Method: GET, Route: employee/chat/messages/56dc273f11b04003]
in SYSTEMPATH\Database\BaseConnection.php on line 863.
 1 SYSTEMPATH\Database\BaseBuilder.php(1731): CodeIgniter\Database\BaseConnection->query('SELECT COUNT(*) AS `numrows`
FROM `messages`
WHERE (`senderId` = ? AND `receiverId` = ?) OR (`senderId` = ? AND receiverId = ?) :(senderId = ? AND `receiverId` = ?) OR (`senderId` = ? AND `receiverId` = ?):', [...], false)
 2 APPPATH\Models\MessageModel.php(87): CodeIgniter\Database\BaseBuilder->countAllResults()
 3 APPPATH\Controllers\Chat.php(176): App\Models\MessageModel->getConversationCount('207c49c0f2fc6493', '56dc273f11b04003')
 4 SYSTEMPATH\CodeIgniter.php(974): App\Controllers\Chat->getMessages('56dc273f11b04003')
 5 SYSTEMPATH\CodeIgniter.php(520): CodeIgniter\CodeIgniter->runController(Object(App\Controllers\Chat))
 6 SYSTEMPATH\CodeIgniter.php(363): CodeIgniter\CodeIgniter->handleRequest(null, Object(Config\Cache), false)
 7 SYSTEMPATH\Boot.php(417): CodeIgniter\CodeIgniter->run()
 8 SYSTEMPATH\Boot.php(68): CodeIgniter\Boot::runCodeIgniter(Object(CodeIgniter\CodeIgniter))
 9 FCPATH\index.php(59): CodeIgniter\Boot::bootWeb(Object(Config\Paths))
CRITICAL - 2026-08-29 18:04:49 --> [Caused by] CodeIgniter\Database\Exceptions\DatabaseException: You have an error in your SQL syntax; check the manual that corresponds to your MariaDB server version for the right syntax to use near '? AND `receiverId` = ?) OR (`senderId` = ? AND receiverId = ?) :(senderId = ?...' at line 3
in SYSTEMPATH\Database\MySQLi\Connection.php on line 310.
 1 SYSTEMPATH\Database\BaseConnection.php(908): CodeIgniter\Database\MySQLi\Connection->execute('SELECT COUNT(*) AS `numrows`
FROM `messages`
WHERE (`senderId` = ? AND `receiverId` = ?) OR (`senderId` = ? AND receiverId = ?) :(senderId = ? AND `receiverId` = ?) OR (`senderId` = ? AND `receiverId` = ?):')
 2 SYSTEMPATH\Database\BaseConnection.php(825): CodeIgniter\Database\BaseConnection->simpleQuery('SELECT COUNT(*) AS `numrows`
FROM `messages`
WHERE (`senderId` = ? AND `receiverId` = ?) OR (`senderId` = ? AND receiverId = ?) :(senderId = ? AND `receiverId` = ?) OR (`senderId` = ? AND `receiverId` = ?):')
 3 SYSTEMPATH\Database\BaseBuilder.php(1731): CodeIgniter\Database\BaseConnection->query('SELECT COUNT(*) AS `numrows`
FROM `messages`
WHERE (`senderId` = ? AND `receiverId` = ?) OR (`senderId` = ? AND receiverId = ?) :(senderId = ? AND `receiverId` = ?) OR (`senderId` = ? AND `receiverId` = ?):', [...], false)
 4 APPPATH\Models\MessageModel.php(87): CodeIgniter\Database\BaseBuilder->countAllResults()
 5 APPPATH\Controllers\Chat.php(176): App\Models\MessageModel->getConversationCount('207c49c0f2fc6493', '56dc273f11b04003')
 6 SYSTEMPATH\CodeIgniter.php(974): App\Controllers\Chat->getMessages('56dc273f11b04003')
 7 SYSTEMPATH\CodeIgniter.php(520): CodeIgniter\CodeIgniter->runController(Object(App\Controllers\Chat))
 8 SYSTEMPATH\CodeIgniter.php(363): CodeIgniter\CodeIgniter->handleRequest(null, Object(Config\Cache), false)
 9 SYSTEMPATH\Boot.php(417): CodeIgniter\CodeIgniter->run()
10 SYSTEMPATH\Boot.php(68): CodeIgniter\Boot::runCodeIgniter(Object(CodeIgniter\CodeIgniter))
11 FCPATH\index.php(59): CodeIgniter\Boot::bootWeb(Object(Config\Paths))
CRITICAL - 2026-08-29 18:04:49 --> [Caused by] mysqli_sql_exception: You have an error in your SQL syntax; check the manual that corresponds to your MariaDB server version for the right syntax to use near '? AND `receiverId` = ?) OR (`senderId` = ? AND receiverId = ?) :(senderId = ?...' at line 3
in SYSTEMPATH\Database\MySQLi\Connection.php on line 300.
 1 SYSTEMPATH\Database\MySQLi\Connection.php(300): mysqli->query('SELECT COUNT(*) AS `numrows`
FROM `messages`
WHERE (`senderId` = ? AND `receiverId` = ?) OR (`senderId` = ? AND receiverId = ?) :(senderId = ? AND `receiverId` = ?) OR (`senderId` = ? AND `receiverId` = ?):', 0)
 2 SYSTEMPATH\Database\BaseConnection.php(908): CodeIgniter\Database\MySQLi\Connection->execute('SELECT COUNT(*) AS `numrows`
FROM `messages`
WHERE (`senderId` = ? AND `receiverId` = ?) OR (`senderId` = ? AND receiverId = ?) :(senderId = ? AND `receiverId` = ?) OR (`senderId` = ? AND `receiverId` = ?):')
 3 SYSTEMPATH\Database\BaseConnection.php(825): CodeIgniter\Database\BaseConnection->simpleQuery('SELECT COUNT(*) AS `numrows`
FROM `messages`
WHERE (`senderId` = ? AND `receiverId` = ?) OR (`senderId` = ? AND receiverId = ?) :(senderId = ? AND `receiverId` = ?) OR (`senderId` = ? AND `receiverId` = ?):')
 4 SYSTEMPATH\Database\BaseBuilder.php(1731): CodeIgniter\Database\BaseConnection->query('SELECT COUNT(*) AS `numrows`
FROM `messages`
WHERE (`senderId` = ? AND `receiverId` = ?) OR (`senderId` = ? AND receiverId = ?) :(senderId = ? AND `receiverId` = ?) OR (`senderId` = ? AND `receiverId` = ?):', [...], false)
 5 APPPATH\Models\MessageModel.php(87): CodeIgniter\Database\BaseBuilder->countAllResults()
 6 APPPATH\Controllers\Chat.php(176): App\Models\MessageModel->getConversationCount('207c49c0f2fc6493', '56dc273f11b04003')
 7 SYSTEMPATH\CodeIgniter.php(974): App\Controllers\Chat->getMessages('56dc273f11b04003')
 8 SYSTEMPATH\CodeIgniter.php(520): CodeIgniter\CodeIgniter->runController(Object(App\Controllers\Chat))
 9 SYSTEMPATH\CodeIgniter.php(363): CodeIgniter\CodeIgniter->handleRequest(null, Object(Config\Cache), false)
10 SYSTEMPATH\Boot.php(417): CodeIgniter\CodeIgniter->run()
11 SYSTEMPATH\Boot.php(68): CodeIgniter\Boot::runCodeIgniter(Object(CodeIgniter\CodeIgniter))
12 FCPATH\index.php(59): CodeIgniter\Boot::bootWeb(Object(Config\Paths))
ERROR - 2026-08-29 18:04:51 --> You have an error in your SQL syntax; check the manual that corresponds to your MariaDB server version for the right syntax to use near '? AND `receiverId` = ?) OR (`senderId` = ? AND receiverId = ?) :(senderId = ?...' at line 3
in SYSTEMPATH\Database\MySQLi\Connection.php on line 300.
 1 SYSTEMPATH\Database\MySQLi\Connection.php(300): mysqli->query('SELECT COUNT(*) AS `numrows`
FROM `messages`
WHERE (`senderId` = ? AND `receiverId` = ?) OR (`senderId` = ? AND receiverId = ?) :(senderId = ? AND `receiverId` = ?) OR (`senderId` = ? AND `receiverId` = ?):', 0)
 2 SYSTEMPATH\Database\BaseConnection.php(908): CodeIgniter\Database\MySQLi\Connection->execute('SELECT COUNT(*) AS `numrows`
FROM `messages`
WHERE (`senderId` = ? AND `receiverId` = ?) OR (`senderId` = ? AND receiverId = ?) :(senderId = ? AND `receiverId` = ?) OR (`senderId` = ? AND `receiverId` = ?):')
 3 SYSTEMPATH\Database\BaseConnection.php(825): CodeIgniter\Database\BaseConnection->simpleQuery('SELECT COUNT(*) AS `numrows`
FROM `messages`
WHERE (`senderId` = ? AND `receiverId` = ?) OR (`senderId` = ? AND receiverId = ?) :(senderId = ? AND `receiverId` = ?) OR (`senderId` = ? AND `receiverId` = ?):')
 4 SYSTEMPATH\Database\BaseBuilder.php(1731): CodeIgniter\Database\BaseConnection->query('SELECT COUNT(*) AS `numrows`
FROM `messages`
WHERE (`senderId` = ? AND `receiverId` = ?) OR (`senderId` = ? AND receiverId = ?) :(senderId = ? AND `receiverId` = ?) OR (`senderId` = ? AND `receiverId` = ?):', [...], false)
 5 APPPATH\Models\MessageModel.php(87): CodeIgniter\Database\BaseBuilder->countAllResults()
 6 APPPATH\Controllers\Chat.php(176): App\Models\MessageModel->getConversationCount('207c49c0f2fc6493', '56dc273f11b04003')
 7 SYSTEMPATH\CodeIgniter.php(974): App\Controllers\Chat->getMessages('56dc273f11b04003')
 8 SYSTEMPATH\CodeIgniter.php(520): CodeIgniter\CodeIgniter->runController(Object(App\Controllers\Chat))
 9 SYSTEMPATH\CodeIgniter.php(363): CodeIgniter\CodeIgniter->handleRequest(null, Object(Config\Cache), false)
10 SYSTEMPATH\Boot.php(417): CodeIgniter\CodeIgniter->run()
11 SYSTEMPATH\Boot.php(68): CodeIgniter\Boot::runCodeIgniter(Object(CodeIgniter\CodeIgniter))
12 FCPATH\index.php(59): CodeIgniter\Boot::bootWeb(Object(Config\Paths))
CRITICAL - 2026-08-29 18:04:51 --> CodeIgniter\Database\Exceptions\DatabaseException: You have an error in your SQL syntax; check the manual that corresponds to your MariaDB server version for the right syntax to use near '? AND `receiverId` = ?) OR (`senderId` = ? AND receiverId = ?) :(senderId = ?...' at line 3
[Method: GET, Route: employee/chat/messages/56dc273f11b04003]
in SYSTEMPATH\Database\BaseConnection.php on line 863.
 1 SYSTEMPATH\Database\BaseBuilder.php(1731): CodeIgniter\Database\BaseConnection->query('SELECT COUNT(*) AS `numrows`
FROM `messages`
WHERE (`senderId` = ? AND `receiverId` = ?) OR (`senderId` = ? AND receiverId = ?) :(senderId = ? AND `receiverId` = ?) OR (`senderId` = ? AND `receiverId` = ?):', [...], false)
 2 APPPATH\Models\MessageModel.php(87): CodeIgniter\Database\BaseBuilder->countAllResults()
 3 APPPATH\Controllers\Chat.php(176): App\Models\MessageModel->getConversationCount('207c49c0f2fc6493', '56dc273f11b04003')
 4 SYSTEMPATH\CodeIgniter.php(974): App\Controllers\Chat->getMessages('56dc273f11b04003')
 5 SYSTEMPATH\CodeIgniter.php(520): CodeIgniter\CodeIgniter->runController(Object(App\Controllers\Chat))
 6 SYSTEMPATH\CodeIgniter.php(363): CodeIgniter\CodeIgniter->handleRequest(null, Object(Config\Cache), false)
 7 SYSTEMPATH\Boot.php(417): CodeIgniter\CodeIgniter->run()
 8 SYSTEMPATH\Boot.php(68): CodeIgniter\Boot::runCodeIgniter(Object(CodeIgniter\CodeIgniter))
 9 FCPATH\index.php(59): CodeIgniter\Boot::bootWeb(Object(Config\Paths))
CRITICAL - 2026-08-29 18:04:51 --> [Caused by] CodeIgniter\Database\Exceptions\DatabaseException: You have an error in your SQL syntax; check the manual that corresponds to your MariaDB server version for the right syntax to use near '? AND `receiverId` = ?) OR (`senderId` = ? AND receiverId = ?) :(senderId = ?...' at line 3
in SYSTEMPATH\Database\MySQLi\Connection.php on line 310.
 1 SYSTEMPATH\Database\BaseConnection.php(908): CodeIgniter\Database\MySQLi\Connection->execute('SELECT COUNT(*) AS `numrows`
FROM `messages`
WHERE (`senderId` = ? AND `receiverId` = ?) OR (`senderId` = ? AND receiverId = ?) :(senderId = ? AND `receiverId` = ?) OR (`senderId` = ? AND `receiverId` = ?):')
 2 SYSTEMPATH\Database\BaseConnection.php(825): CodeIgniter\Database\BaseConnection->simpleQuery('SELECT COUNT(*) AS `numrows`
FROM `messages`
WHERE (`senderId` = ? AND `receiverId` = ?) OR (`senderId` = ? AND receiverId = ?) :(senderId = ? AND `receiverId` = ?) OR (`senderId` = ? AND `receiverId` = ?):')
 3 SYSTEMPATH\Database\BaseBuilder.php(1731): CodeIgniter\Database\BaseConnection->query('SELECT COUNT(*) AS `numrows`
FROM `messages`
WHERE (`senderId` = ? AND `receiverId` = ?) OR (`senderId` = ? AND receiverId = ?) :(senderId = ? AND `receiverId` = ?) OR (`senderId` = ? AND `receiverId` = ?):', [...], false)
 4 APPPATH\Models\MessageModel.php(87): CodeIgniter\Database\BaseBuilder->countAllResults()
 5 APPPATH\Controllers\Chat.php(176): App\Models\MessageModel->getConversationCount('207c49c0f2fc6493', '56dc273f11b04003')
 6 SYSTEMPATH\CodeIgniter.php(974): App\Controllers\Chat->getMessages('56dc273f11b04003')
 7 SYSTEMPATH\CodeIgniter.php(520): CodeIgniter\CodeIgniter->runController(Object(App\Controllers\Chat))
 8 SYSTEMPATH\CodeIgniter.php(363): CodeIgniter\CodeIgniter->handleRequest(null, Object(Config\Cache), false)
 9 SYSTEMPATH\Boot.php(417): CodeIgniter\CodeIgniter->run()
10 SYSTEMPATH\Boot.php(68): CodeIgniter\Boot::runCodeIgniter(Object(CodeIgniter\CodeIgniter))
11 FCPATH\index.php(59): CodeIgniter\Boot::bootWeb(Object(Config\Paths))
CRITICAL - 2026-08-29 18:04:51 --> [Caused by] mysqli_sql_exception: You have an error in your SQL syntax; check the manual that corresponds to your MariaDB server version for the right syntax to use near '? AND `receiverId` = ?) OR (`senderId` = ? AND receiverId = ?) :(senderId = ?...' at line 3
in SYSTEMPATH\Database\MySQLi\Connection.php on line 300.
 1 SYSTEMPATH\Database\MySQLi\Connection.php(300): mysqli->query('SELECT COUNT(*) AS `numrows`
FROM `messages`
WHERE (`senderId` = ? AND `receiverId` = ?) OR (`senderId` = ? AND receiverId = ?) :(senderId = ? AND `receiverId` = ?) OR (`senderId` = ? AND `receiverId` = ?):', 0)
 2 SYSTEMPATH\Database\BaseConnection.php(908): CodeIgniter\Database\MySQLi\Connection->execute('SELECT COUNT(*) AS `numrows`
FROM `messages`
WHERE (`senderId` = ? AND `receiverId` = ?) OR (`senderId` = ? AND receiverId = ?) :(senderId = ? AND `receiverId` = ?) OR (`senderId` = ? AND `receiverId` = ?):')
 3 SYSTEMPATH\Database\BaseConnection.php(825): CodeIgniter\Database\BaseConnection->simpleQuery('SELECT COUNT(*) AS `numrows`
FROM `messages`
WHERE (`senderId` = ? AND `receiverId` = ?) OR (`senderId` = ? AND receiverId = ?) :(senderId = ? AND `receiverId` = ?) OR (`senderId` = ? AND `receiverId` = ?):')
 4 SYSTEMPATH\Database\BaseBuilder.php(1731): CodeIgniter\Database\BaseConnection->query('SELECT COUNT(*) AS `numrows`
FROM `messages`
WHERE (`senderId` = ? AND `receiverId` = ?) OR (`senderId` = ? AND receiverId = ?) :(senderId = ? AND `receiverId` = ?) OR (`senderId` = ? AND `receiverId` = ?):', [...], false)
 5 APPPATH\Models\MessageModel.php(87): CodeIgniter\Database\BaseBuilder->countAllResults()
 6 APPPATH\Controllers\Chat.php(176): App\Models\MessageModel->getConversationCount('207c49c0f2fc6493', '56dc273f11b04003')
 7 SYSTEMPATH\CodeIgniter.php(974): App\Controllers\Chat->getMessages('56dc273f11b04003')
 8 SYSTEMPATH\CodeIgniter.php(520): CodeIgniter\CodeIgniter->runController(Object(App\Controllers\Chat))
 9 SYSTEMPATH\CodeIgniter.php(363): CodeIgniter\CodeIgniter->handleRequest(null, Object(Config\Cache), false)
10 SYSTEMPATH\Boot.php(417): CodeIgniter\CodeIgniter->run()
11 SYSTEMPATH\Boot.php(68): CodeIgniter\Boot::runCodeIgniter(Object(CodeIgniter\CodeIgniter))
12 FCPATH\index.php(59): CodeIgniter\Boot::bootWeb(Object(Config\Paths))
ERROR - 2026-08-29 18:04:54 --> You have an error in your SQL syntax; check the manual that corresponds to your MariaDB server version for the right syntax to use near '? AND `receiverId` = ?) OR (`senderId` = ? AND receiverId = ?) :(senderId = ?...' at line 3
in SYSTEMPATH\Database\MySQLi\Connection.php on line 300.
 1 SYSTEMPATH\Database\MySQLi\Connection.php(300): mysqli->query('SELECT COUNT(*) AS `numrows`
FROM `messages`
WHERE (`senderId` = ? AND `receiverId` = ?) OR (`senderId` = ? AND receiverId = ?) :(senderId = ? AND `receiverId` = ?) OR (`senderId` = ? AND `receiverId` = ?):', 0)
 2 SYSTEMPATH\Database\BaseConnection.php(908): CodeIgniter\Database\MySQLi\Connection->execute('SELECT COUNT(*) AS `numrows`
FROM `messages`
WHERE (`senderId` = ? AND `receiverId` = ?) OR (`senderId` = ? AND receiverId = ?) :(senderId = ? AND `receiverId` = ?) OR (`senderId` = ? AND `receiverId` = ?):')
 3 SYSTEMPATH\Database\BaseConnection.php(825): CodeIgniter\Database\BaseConnection->simpleQuery('SELECT COUNT(*) AS `numrows`
FROM `messages`
WHERE (`senderId` = ? AND `receiverId` = ?) OR (`senderId` = ? AND receiverId = ?) :(senderId = ? AND `receiverId` = ?) OR (`senderId` = ? AND `receiverId` = ?):')
 4 SYSTEMPATH\Database\BaseBuilder.php(1731): CodeIgniter\Database\BaseConnection->query('SELECT COUNT(*) AS `numrows`
FROM `messages`
WHERE (`senderId` = ? AND `receiverId` = ?) OR (`senderId` = ? AND receiverId = ?) :(senderId = ? AND `receiverId` = ?) OR (`senderId` = ? AND `receiverId` = ?):', [...], false)
 5 APPPATH\Models\MessageModel.php(87): CodeIgniter\Database\BaseBuilder->countAllResults()
 6 APPPATH\Controllers\Chat.php(176): App\Models\MessageModel->getConversationCount('207c49c0f2fc6493', '56dc273f11b04003')
 7 SYSTEMPATH\CodeIgniter.php(974): App\Controllers\Chat->getMessages('56dc273f11b04003')
 8 SYSTEMPATH\CodeIgniter.php(520): CodeIgniter\CodeIgniter->runController(Object(App\Controllers\Chat))
 9 SYSTEMPATH\CodeIgniter.php(363): CodeIgniter\CodeIgniter->handleRequest(null, Object(Config\Cache), false)
10 SYSTEMPATH\Boot.php(417): CodeIgniter\CodeIgniter->run()
11 SYSTEMPATH\Boot.php(68): CodeIgniter\Boot::runCodeIgniter(Object(CodeIgniter\CodeIgniter))
12 FCPATH\index.php(59): CodeIgniter\Boot::bootWeb(Object(Config\Paths))
CRITICAL - 2026-08-29 18:04:54 --> CodeIgniter\Database\Exceptions\DatabaseException: You have an error in your SQL syntax; check the manual that corresponds to your MariaDB server version for the right syntax to use near '? AND `receiverId` = ?) OR (`senderId` = ? AND receiverId = ?) :(senderId = ?...' at line 3
[Method: GET, Route: employee/chat/messages/56dc273f11b04003]
in SYSTEMPATH\Database\BaseConnection.php on line 863.
 1 SYSTEMPATH\Database\BaseBuilder.php(1731): CodeIgniter\Database\BaseConnection->query('SELECT COUNT(*) AS `numrows`
FROM `messages`
WHERE (`senderId` = ? AND `receiverId` = ?) OR (`senderId` = ? AND receiverId = ?) :(senderId = ? AND `receiverId` = ?) OR (`senderId` = ? AND `receiverId` = ?):', [...], false)
 2 APPPATH\Models\MessageModel.php(87): CodeIgniter\Database\BaseBuilder->countAllResults()
 3 APPPATH\Controllers\Chat.php(176): App\Models\MessageModel->getConversationCount('207c49c0f2fc6493', '56dc273f11b04003')
 4 SYSTEMPATH\CodeIgniter.php(974): App\Controllers\Chat->getMessages('56dc273f11b04003')
 5 SYSTEMPATH\CodeIgniter.php(520): CodeIgniter\CodeIgniter->runController(Object(App\Controllers\Chat))
 6 SYSTEMPATH\CodeIgniter.php(363): CodeIgniter\CodeIgniter->handleRequest(null, Object(Config\Cache), false)
 7 SYSTEMPATH\Boot.php(417): CodeIgniter\CodeIgniter->run()
 8 SYSTEMPATH\Boot.php(68): CodeIgniter\Boot::runCodeIgniter(Object(CodeIgniter\CodeIgniter))
 9 FCPATH\index.php(59): CodeIgniter\Boot::bootWeb(Object(Config\Paths))
CRITICAL - 2026-08-29 18:04:54 --> [Caused by] CodeIgniter\Database\Exceptions\DatabaseException: You have an error in your SQL syntax; check the manual that corresponds to your MariaDB server version for the right syntax to use near '? AND `receiverId` = ?) OR (`senderId` = ? AND receiverId = ?) :(senderId = ?...' at line 3
in SYSTEMPATH\Database\MySQLi\Connection.php on line 310.
 1 SYSTEMPATH\Database\BaseConnection.php(908): CodeIgniter\Database\MySQLi\Connection->execute('SELECT COUNT(*) AS `numrows`
FROM `messages`
WHERE (`senderId` = ? AND `receiverId` = ?) OR (`senderId` = ? AND receiverId = ?) :(senderId = ? AND `receiverId` = ?) OR (`senderId` = ? AND `receiverId` = ?):')
 2 SYSTEMPATH\Database\BaseConnection.php(825): CodeIgniter\Database\BaseConnection->simpleQuery('SELECT COUNT(*) AS `numrows`
FROM `messages`
WHERE (`senderId` = ? AND `receiverId` = ?) OR (`senderId` = ? AND receiverId = ?) :(senderId = ? AND `receiverId` = ?) OR (`senderId` = ? AND `receiverId` = ?):')
 3 SYSTEMPATH\Database\BaseBuilder.php(1731): CodeIgniter\Database\BaseConnection->query('SELECT COUNT(*) AS `numrows`
FROM `messages`
WHERE (`senderId` = ? AND `receiverId` = ?) OR (`senderId` = ? AND receiverId = ?) :(senderId = ? AND `receiverId` = ?) OR (`senderId` = ? AND `receiverId` = ?):', [...], false)
 4 APPPATH\Models\MessageModel.php(87): CodeIgniter\Database\BaseBuilder->countAllResults()
 5 APPPATH\Controllers\Chat.php(176): App\Models\MessageModel->getConversationCount('207c49c0f2fc6493', '56dc273f11b04003')
 6 SYSTEMPATH\CodeIgniter.php(974): App\Controllers\Chat->getMessages('56dc273f11b04003')
 7 SYSTEMPATH\CodeIgniter.php(520): CodeIgniter\CodeIgniter->runController(Object(App\Controllers\Chat))
 8 SYSTEMPATH\CodeIgniter.php(363): CodeIgniter\CodeIgniter->handleRequest(null, Object(Config\Cache), false)
 9 SYSTEMPATH\Boot.php(417): CodeIgniter\CodeIgniter->run()
10 SYSTEMPATH\Boot.php(68): CodeIgniter\Boot::runCodeIgniter(Object(CodeIgniter\CodeIgniter))
11 FCPATH\index.php(59): CodeIgniter\Boot::bootWeb(Object(Config\Paths))
CRITICAL - 2026-08-29 18:04:54 --> [Caused by] mysqli_sql_exception: You have an error in your SQL syntax; check the manual that corresponds to your MariaDB server version for the right syntax to use near '? AND `receiverId` = ?) OR (`senderId` = ? AND receiverId = ?) :(senderId = ?...' at line 3
in SYSTEMPATH\Database\MySQLi\Connection.php on line 300.
 1 SYSTEMPATH\Database\MySQLi\Connection.php(300): mysqli->query('SELECT COUNT(*) AS `numrows`
FROM `messages`
WHERE (`senderId` = ? AND `receiverId` = ?) OR (`senderId` = ? AND receiverId = ?) :(senderId = ? AND `receiverId` = ?) OR (`senderId` = ? AND `receiverId` = ?):', 0)
 2 SYSTEMPATH\Database\BaseConnection.php(908): CodeIgniter\Database\MySQLi\Connection->execute('SELECT COUNT(*) AS `numrows`
FROM `messages`
WHERE (`senderId` = ? AND `receiverId` = ?) OR (`senderId` = ? AND receiverId = ?) :(senderId = ? AND `receiverId` = ?) OR (`senderId` = ? AND `receiverId` = ?):')
 3 SYSTEMPATH\Database\BaseConnection.php(825): CodeIgniter\Database\BaseConnection->simpleQuery('SELECT COUNT(*) AS `numrows`
FROM `messages`
WHERE (`senderId` = ? AND `receiverId` = ?) OR (`senderId` = ? AND receiverId = ?) :(senderId = ? AND `receiverId` = ?) OR (`senderId` = ? AND `receiverId` = ?):')
 4 SYSTEMPATH\Database\BaseBuilder.php(1731): CodeIgniter\Database\BaseConnection->query('SELECT COUNT(*) AS `numrows`
FROM `messages`
WHERE (`senderId` = ? AND `receiverId` = ?) OR (`senderId` = ? AND receiverId = ?) :(senderId = ? AND `receiverId` = ?) OR (`senderId` = ? AND `receiverId` = ?):', [...], false)
 5 APPPATH\Models\MessageModel.php(87): CodeIgniter\Database\BaseBuilder->countAllResults()
 6 APPPATH\Controllers\Chat.php(176): App\Models\MessageModel->getConversationCount('207c49c0f2fc6493', '56dc273f11b04003')
 7 SYSTEMPATH\CodeIgniter.php(974): App\Controllers\Chat->getMessages('56dc273f11b04003')
 8 SYSTEMPATH\CodeIgniter.php(520): CodeIgniter\CodeIgniter->runController(Object(App\Controllers\Chat))
 9 SYSTEMPATH\CodeIgniter.php(363): CodeIgniter\CodeIgniter->handleRequest(null, Object(Config\Cache), false)
10 SYSTEMPATH\Boot.php(417): CodeIgniter\CodeIgniter->run()
11 SYSTEMPATH\Boot.php(68): CodeIgniter\Boot::runCodeIgniter(Object(CodeIgniter\CodeIgniter))
12 FCPATH\index.php(59): CodeIgniter\Boot::bootWeb(Object(Config\Paths))
ERROR - 2026-08-29 18:04:57 --> You have an error in your SQL syntax; check the manual that corresponds to your MariaDB server version for the right syntax to use near '? AND `receiverId` = ?) OR (`senderId` = ? AND receiverId = ?) :(senderId = ?...' at line 3
in SYSTEMPATH\Database\MySQLi\Connection.php on line 300.
 1 SYSTEMPATH\Database\MySQLi\Connection.php(300): mysqli->query('SELECT COUNT(*) AS `numrows`
FROM `messages`
WHERE (`senderId` = ? AND `receiverId` = ?) OR (`senderId` = ? AND receiverId = ?) :(senderId = ? AND `receiverId` = ?) OR (`senderId` = ? AND `receiverId` = ?):', 0)
 2 SYSTEMPATH\Database\BaseConnection.php(908): CodeIgniter\Database\MySQLi\Connection->execute('SELECT COUNT(*) AS `numrows`
FROM `messages`
WHERE (`senderId` = ? AND `receiverId` = ?) OR (`senderId` = ? AND receiverId = ?) :(senderId = ? AND `receiverId` = ?) OR (`senderId` = ? AND `receiverId` = ?):')
 3 SYSTEMPATH\Database\BaseConnection.php(825): CodeIgniter\Database\BaseConnection->simpleQuery('SELECT COUNT(*) AS `numrows`
FROM `messages`
WHERE (`senderId` = ? AND `receiverId` = ?) OR (`senderId` = ? AND receiverId = ?) :(senderId = ? AND `receiverId` = ?) OR (`senderId` = ? AND `receiverId` = ?):')
 4 SYSTEMPATH\Database\BaseBuilder.php(1731): CodeIgniter\Database\BaseConnection->query('SELECT COUNT(*) AS `numrows`
FROM `messages`
WHERE (`senderId` = ? AND `receiverId` = ?) OR (`senderId` = ? AND receiverId = ?) :(senderId = ? AND `receiverId` = ?) OR (`senderId` = ? AND `receiverId` = ?):', [...], false)
 5 APPPATH\Models\MessageModel.php(87): CodeIgniter\Database\BaseBuilder->countAllResults()
 6 APPPATH\Controllers\Chat.php(176): App\Models\MessageModel->getConversationCount('207c49c0f2fc6493', '56dc273f11b04003')
 7 SYSTEMPATH\CodeIgniter.php(974): App\Controllers\Chat->getMessages('56dc273f11b04003')
 8 SYSTEMPATH\CodeIgniter.php(520): CodeIgniter\CodeIgniter->runController(Object(App\Controllers\Chat))
 9 SYSTEMPATH\CodeIgniter.php(363): CodeIgniter\CodeIgniter->handleRequest(null, Object(Config\Cache), false)
10 SYSTEMPATH\Boot.php(417): CodeIgniter\CodeIgniter->run()
11 SYSTEMPATH\Boot.php(68): CodeIgniter\Boot::runCodeIgniter(Object(CodeIgniter\CodeIgniter))
12 FCPATH\index.php(59): CodeIgniter\Boot::bootWeb(Object(Config\Paths))
CRITICAL - 2026-08-29 18:04:57 --> CodeIgniter\Database\Exceptions\DatabaseException: You have an error in your SQL syntax; check the manual that corresponds to your MariaDB server version for the right syntax to use near '? AND `receiverId` = ?) OR (`senderId` = ? AND receiverId = ?) :(senderId = ?...' at line 3
[Method: GET, Route: employee/chat/messages/56dc273f11b04003]
in SYSTEMPATH\Database\BaseConnection.php on line 863.
 1 SYSTEMPATH\Database\BaseBuilder.php(1731): CodeIgniter\Database\BaseConnection->query('SELECT COUNT(*) AS `numrows`
FROM `messages`
WHERE (`senderId` = ? AND `receiverId` = ?) OR (`senderId` = ? AND receiverId = ?) :(senderId = ? AND `receiverId` = ?) OR (`senderId` = ? AND `receiverId` = ?):', [...], false)
 2 APPPATH\Models\MessageModel.php(87): CodeIgniter\Database\BaseBuilder->countAllResults()
 3 APPPATH\Controllers\Chat.php(176): App\Models\MessageModel->getConversationCount('207c49c0f2fc6493', '56dc273f11b04003')
 4 SYSTEMPATH\CodeIgniter.php(974): App\Controllers\Chat->getMessages('56dc273f11b04003')
 5 SYSTEMPATH\CodeIgniter.php(520): CodeIgniter\CodeIgniter->runController(Object(App\Controllers\Chat))
 6 SYSTEMPATH\CodeIgniter.php(363): CodeIgniter\CodeIgniter->handleRequest(null, Object(Config\Cache), false)
 7 SYSTEMPATH\Boot.php(417): CodeIgniter\CodeIgniter->run()
 8 SYSTEMPATH\Boot.php(68): CodeIgniter\Boot::runCodeIgniter(Object(CodeIgniter\CodeIgniter))
 9 FCPATH\index.php(59): CodeIgniter\Boot::bootWeb(Object(Config\Paths))
CRITICAL - 2026-08-29 18:04:57 --> [Caused by] CodeIgniter\Database\Exceptions\DatabaseException: You have an error in your SQL syntax; check the manual that corresponds to your MariaDB server version for the right syntax to use near '? AND `receiverId` = ?) OR (`senderId` = ? AND receiverId = ?) :(senderId = ?...' at line 3
in SYSTEMPATH\Database\MySQLi\Connection.php on line 310.
 1 SYSTEMPATH\Database\BaseConnection.php(908): CodeIgniter\Database\MySQLi\Connection->execute('SELECT COUNT(*) AS `numrows`
FROM `messages`
WHERE (`senderId` = ? AND `receiverId` = ?) OR (`senderId` = ? AND receiverId = ?) :(senderId = ? AND `receiverId` = ?) OR (`senderId` = ? AND `receiverId` = ?):')
 2 SYSTEMPATH\Database\BaseConnection.php(825): CodeIgniter\Database\BaseConnection->simpleQuery('SELECT COUNT(*) AS `numrows`
FROM `messages`
WHERE (`senderId` = ? AND `receiverId` = ?) OR (`senderId` = ? AND receiverId = ?) :(senderId = ? AND `receiverId` = ?) OR (`senderId` = ? AND `receiverId` = ?):')
 3 SYSTEMPATH\Database\BaseBuilder.php(1731): CodeIgniter\Database\BaseConnection->query('SELECT COUNT(*) AS `numrows`
FROM `messages`
WHERE (`senderId` = ? AND `receiverId` = ?) OR (`senderId` = ? AND receiverId = ?) :(senderId = ? AND `receiverId` = ?) OR (`senderId` = ? AND `receiverId` = ?):', [...], false)
 4 APPPATH\Models\MessageModel.php(87): CodeIgniter\Database\BaseBuilder->countAllResults()
 5 APPPATH\Controllers\Chat.php(176): App\Models\MessageModel->getConversationCount('207c49c0f2fc6493', '56dc273f11b04003')
 6 SYSTEMPATH\CodeIgniter.php(974): App\Controllers\Chat->getMessages('56dc273f11b04003')
 7 SYSTEMPATH\CodeIgniter.php(520): CodeIgniter\CodeIgniter->runController(Object(App\Controllers\Chat))
 8 SYSTEMPATH\CodeIgniter.php(363): CodeIgniter\CodeIgniter->handleRequest(null, Object(Config\Cache), false)
 9 SYSTEMPATH\Boot.php(417): CodeIgniter\CodeIgniter->run()
10 SYSTEMPATH\Boot.php(68): CodeIgniter\Boot::runCodeIgniter(Object(CodeIgniter\CodeIgniter))
11 FCPATH\index.php(59): CodeIgniter\Boot::bootWeb(Object(Config\Paths))
CRITICAL - 2026-08-29 18:04:57 --> [Caused by] mysqli_sql_exception: You have an error in your SQL syntax; check the manual that corresponds to your MariaDB server version for the right syntax to use near '? AND `receiverId` = ?) OR (`senderId` = ? AND receiverId = ?) :(senderId = ?...' at line 3
in SYSTEMPATH\Database\MySQLi\Connection.php on line 300.
 1 SYSTEMPATH\Database\MySQLi\Connection.php(300): mysqli->query('SELECT COUNT(*) AS `numrows`
FROM `messages`
WHERE (`senderId` = ? AND `receiverId` = ?) OR (`senderId` = ? AND receiverId = ?) :(senderId = ? AND `receiverId` = ?) OR (`senderId` = ? AND `receiverId` = ?):', 0)
 2 SYSTEMPATH\Database\BaseConnection.php(908): CodeIgniter\Database\MySQLi\Connection->execute('SELECT COUNT(*) AS `numrows`
FROM `messages`
WHERE (`senderId` = ? AND `receiverId` = ?) OR (`senderId` = ? AND receiverId = ?) :(senderId = ? AND `receiverId` = ?) OR (`senderId` = ? AND `receiverId` = ?):')
 3 SYSTEMPATH\Database\BaseConnection.php(825): CodeIgniter\Database\BaseConnection->simpleQuery('SELECT COUNT(*) AS `numrows`
FROM `messages`
WHERE (`senderId` = ? AND `receiverId` = ?) OR (`senderId` = ? AND receiverId = ?) :(senderId = ? AND `receiverId` = ?) OR (`senderId` = ? AND `receiverId` = ?):')
 4 SYSTEMPATH\Database\BaseBuilder.php(1731): CodeIgniter\Database\BaseConnection->query('SELECT COUNT(*) AS `numrows`
FROM `messages`
WHERE (`senderId` = ? AND `receiverId` = ?) OR (`senderId` = ? AND receiverId = ?) :(senderId = ? AND `receiverId` = ?) OR (`senderId` = ? AND `receiverId` = ?):', [...], false)
 5 APPPATH\Models\MessageModel.php(87): CodeIgniter\Database\BaseBuilder->countAllResults()
 6 APPPATH\Controllers\Chat.php(176): App\Models\MessageModel->getConversationCount('207c49c0f2fc6493', '56dc273f11b04003')
 7 SYSTEMPATH\CodeIgniter.php(974): App\Controllers\Chat->getMessages('56dc273f11b04003')
 8 SYSTEMPATH\CodeIgniter.php(520): CodeIgniter\CodeIgniter->runController(Object(App\Controllers\Chat))
 9 SYSTEMPATH\CodeIgniter.php(363): CodeIgniter\CodeIgniter->handleRequest(null, Object(Config\Cache), false)
10 SYSTEMPATH\Boot.php(417): CodeIgniter\CodeIgniter->run()
11 SYSTEMPATH\Boot.php(68): CodeIgniter\Boot::runCodeIgniter(Object(CodeIgniter\CodeIgniter))
12 FCPATH\index.php(59): CodeIgniter\Boot::bootWeb(Object(Config\Paths))
ERROR - 2026-08-29 18:05:00 --> You have an error in your SQL syntax; check the manual that corresponds to your MariaDB server version for the right syntax to use near '? AND `receiverId` = ?) OR (`senderId` = ? AND receiverId = ?)) :((senderId =...' at line 3
in SYSTEMPATH\Database\MySQLi\Connection.php on line 300.
 1 SYSTEMPATH\Database\MySQLi\Connection.php(300): mysqli->query('SELECT COUNT(*) AS `numrows`
FROM `messages`
WHERE ((senderId = ? AND `receiverId` = ?) OR (`senderId` = ? AND receiverId = ?)) :((senderId = ? AND `receiverId` = ?) OR (`senderId` = ? AND `receiverId` = ?)):', 0)
 2 SYSTEMPATH\Database\BaseConnection.php(908): CodeIgniter\Database\MySQLi\Connection->execute('SELECT COUNT(*) AS `numrows`
FROM `messages`
WHERE ((senderId = ? AND `receiverId` = ?) OR (`senderId` = ? AND receiverId = ?)) :((senderId = ? AND `receiverId` = ?) OR (`senderId` = ? AND `receiverId` = ?)):')
 3 SYSTEMPATH\Database\BaseConnection.php(825): CodeIgniter\Database\BaseConnection->simpleQuery('SELECT COUNT(*) AS `numrows`
FROM `messages`
WHERE ((senderId = ? AND `receiverId` = ?) OR (`senderId` = ? AND receiverId = ?)) :((senderId = ? AND `receiverId` = ?) OR (`senderId` = ? AND `receiverId` = ?)):')
 4 SYSTEMPATH\Database\BaseBuilder.php(1731): CodeIgniter\Database\BaseConnection->query('SELECT COUNT(*) AS `numrows`
FROM `messages`
WHERE ((senderId = ? AND `receiverId` = ?) OR (`senderId` = ? AND receiverId = ?)) :((senderId = ? AND `receiverId` = ?) OR (`senderId` = ? AND `receiverId` = ?)):', [...], false)
 5 APPPATH\Models\MessageModel.php(87): CodeIgniter\Database\BaseBuilder->countAllResults()
 6 APPPATH\Controllers\Chat.php(176): App\Models\MessageModel->getConversationCount('207c49c0f2fc6493', '56dc273f11b04003')
 7 SYSTEMPATH\CodeIgniter.php(974): App\Controllers\Chat->getMessages('56dc273f11b04003')
 8 SYSTEMPATH\CodeIgniter.php(520): CodeIgniter\CodeIgniter->runController(Object(App\Controllers\Chat))
 9 SYSTEMPATH\CodeIgniter.php(363): CodeIgniter\CodeIgniter->handleRequest(null, Object(Config\Cache), false)
10 SYSTEMPATH\Boot.php(417): CodeIgniter\CodeIgniter->run()
11 SYSTEMPATH\Boot.php(68): CodeIgniter\Boot::runCodeIgniter(Object(CodeIgniter\CodeIgniter))
12 FCPATH\index.php(59): CodeIgniter\Boot::bootWeb(Object(Config\Paths))
CRITICAL - 2026-08-29 18:05:00 --> CodeIgniter\Database\Exceptions\DatabaseException: You have an error in your SQL syntax; check the manual that corresponds to your MariaDB server version for the right syntax to use near '? AND `receiverId` = ?) OR (`senderId` = ? AND receiverId = ?)) :((senderId =...' at line 3
[Method: GET, Route: employee/chat/messages/56dc273f11b04003]
in SYSTEMPATH\Database\BaseConnection.php on line 863.
 1 SYSTEMPATH\Database\BaseBuilder.php(1731): CodeIgniter\Database\BaseConnection->query('SELECT COUNT(*) AS `numrows`
FROM `messages`
WHERE ((senderId = ? AND `receiverId` = ?) OR (`senderId` = ? AND receiverId = ?)) :((senderId = ? AND `receiverId` = ?) OR (`senderId` = ? AND `receiverId` = ?)):', [...], false)
 2 APPPATH\Models\MessageModel.php(87): CodeIgniter\Database\BaseBuilder->countAllResults()
 3 APPPATH\Controllers\Chat.php(176): App\Models\MessageModel->getConversationCount('207c49c0f2fc6493', '56dc273f11b04003')
 4 SYSTEMPATH\CodeIgniter.php(974): App\Controllers\Chat->getMessages('56dc273f11b04003')
 5 SYSTEMPATH\CodeIgniter.php(520): CodeIgniter\CodeIgniter->runController(Object(App\Controllers\Chat))
 6 SYSTEMPATH\CodeIgniter.php(363): CodeIgniter\CodeIgniter->handleRequest(null, Object(Config\Cache), false)
 7 SYSTEMPATH\Boot.php(417): CodeIgniter\CodeIgniter->run()
 8 SYSTEMPATH\Boot.php(68): CodeIgniter\Boot::runCodeIgniter(Object(CodeIgniter\CodeIgniter))
 9 FCPATH\index.php(59): CodeIgniter\Boot::bootWeb(Object(Config\Paths))
CRITICAL - 2026-08-29 18:05:00 --> [Caused by] CodeIgniter\Database\Exceptions\DatabaseException: You have an error in your SQL syntax; check the manual that corresponds to your MariaDB server version for the right syntax to use near '? AND `receiverId` = ?) OR (`senderId` = ? AND receiverId = ?)) :((senderId =...' at line 3
in SYSTEMPATH\Database\MySQLi\Connection.php on line 310.
 1 SYSTEMPATH\Database\BaseConnection.php(908): CodeIgniter\Database\MySQLi\Connection->execute('SELECT COUNT(*) AS `numrows`
FROM `messages`
WHERE ((senderId = ? AND `receiverId` = ?) OR (`senderId` = ? AND receiverId = ?)) :((senderId = ? AND `receiverId` = ?) OR (`senderId` = ? AND `receiverId` = ?)):')
 2 SYSTEMPATH\Database\BaseConnection.php(825): CodeIgniter\Database\BaseConnection->simpleQuery('SELECT COUNT(*) AS `numrows`
FROM `messages`
WHERE ((senderId = ? AND `receiverId` = ?) OR (`senderId` = ? AND receiverId = ?)) :((senderId = ? AND `receiverId` = ?) OR (`senderId` = ? AND `receiverId` = ?)):')
 3 SYSTEMPATH\Database\BaseBuilder.php(1731): CodeIgniter\Database\BaseConnection->query('SELECT COUNT(*) AS `numrows`
FROM `messages`
WHERE ((senderId = ? AND `receiverId` = ?) OR (`senderId` = ? AND receiverId = ?)) :((senderId = ? AND `receiverId` = ?) OR (`senderId` = ? AND `receiverId` = ?)):', [...], false)
 4 APPPATH\Models\MessageModel.php(87): CodeIgniter\Database\BaseBuilder->countAllResults()
 5 APPPATH\Controllers\Chat.php(176): App\Models\MessageModel->getConversationCount('207c49c0f2fc6493', '56dc273f11b04003')
 6 SYSTEMPATH\CodeIgniter.php(974): App\Controllers\Chat->getMessages('56dc273f11b04003')
 7 SYSTEMPATH\CodeIgniter.php(520): CodeIgniter\CodeIgniter->runController(Object(App\Controllers\Chat))
 8 SYSTEMPATH\CodeIgniter.php(363): CodeIgniter\CodeIgniter->handleRequest(null, Object(Config\Cache), false)
 9 SYSTEMPATH\Boot.php(417): CodeIgniter\CodeIgniter->run()
10 SYSTEMPATH\Boot.php(68): CodeIgniter\Boot::runCodeIgniter(Object(CodeIgniter\CodeIgniter))
11 FCPATH\index.php(59): CodeIgniter\Boot::bootWeb(Object(Config\Paths))
CRITICAL - 2026-08-29 18:05:00 --> [Caused by] mysqli_sql_exception: You have an error in your SQL syntax; check the manual that corresponds to your MariaDB server version for the right syntax to use near '? AND `receiverId` = ?) OR (`senderId` = ? AND receiverId = ?)) :((senderId =...' at line 3
in SYSTEMPATH\Database\MySQLi\Connection.php on line 300.
 1 SYSTEMPATH\Database\MySQLi\Connection.php(300): mysqli->query('SELECT COUNT(*) AS `numrows`
FROM `messages`
WHERE ((senderId = ? AND `receiverId` = ?) OR (`senderId` = ? AND receiverId = ?)) :((senderId = ? AND `receiverId` = ?) OR (`senderId` = ? AND `receiverId` = ?)):', 0)
 2 SYSTEMPATH\Database\BaseConnection.php(908): CodeIgniter\Database\MySQLi\Connection->execute('SELECT COUNT(*) AS `numrows`
FROM `messages`
WHERE ((senderId = ? AND `receiverId` = ?) OR (`senderId` = ? AND receiverId = ?)) :((senderId = ? AND `receiverId` = ?) OR (`senderId` = ? AND `receiverId` = ?)):')
 3 SYSTEMPATH\Database\BaseConnection.php(825): CodeIgniter\Database\BaseConnection->simpleQuery('SELECT COUNT(*) AS `numrows`
FROM `messages`
WHERE ((senderId = ? AND `receiverId` = ?) OR (`senderId` = ? AND receiverId = ?)) :((senderId = ? AND `receiverId` = ?) OR (`senderId` = ? AND `receiverId` = ?)):')
 4 SYSTEMPATH\Database\BaseBuilder.php(1731): CodeIgniter\Database\BaseConnection->query('SELECT COUNT(*) AS `numrows`
FROM `messages`
WHERE ((senderId = ? AND `receiverId` = ?) OR (`senderId` = ? AND receiverId = ?)) :((senderId = ? AND `receiverId` = ?) OR (`senderId` = ? AND `receiverId` = ?)):', [...], false)
 5 APPPATH\Models\MessageModel.php(87): CodeIgniter\Database\BaseBuilder->countAllResults()
 6 APPPATH\Controllers\Chat.php(176): App\Models\MessageModel->getConversationCount('207c49c0f2fc6493', '56dc273f11b04003')
 7 SYSTEMPATH\CodeIgniter.php(974): App\Controllers\Chat->getMessages('56dc273f11b04003')
 8 SYSTEMPATH\CodeIgniter.php(520): CodeIgniter\CodeIgniter->runController(Object(App\Controllers\Chat))
 9 SYSTEMPATH\CodeIgniter.php(363): CodeIgniter\CodeIgniter->handleRequest(null, Object(Config\Cache), false)
10 SYSTEMPATH\Boot.php(417): CodeIgniter\CodeIgniter->run()
11 SYSTEMPATH\Boot.php(68): CodeIgniter\Boot::runCodeIgniter(Object(CodeIgniter\CodeIgniter))
12 FCPATH\index.php(59): CodeIgniter\Boot::bootWeb(Object(Config\Paths))
ERROR - 2026-08-29 18:05:03 --> You have an error in your SQL syntax; check the manual that corresponds to your MariaDB server version for the right syntax to use near '? AND `receiverId` = ?) OR (`senderId` = ? AND receiverId = ?)) :((senderId =...' at line 3
in SYSTEMPATH\Database\MySQLi\Connection.php on line 300.
 1 SYSTEMPATH\Database\MySQLi\Connection.php(300): mysqli->query('SELECT COUNT(*) AS `numrows`
FROM `messages`
WHERE ((senderId = ? AND `receiverId` = ?) OR (`senderId` = ? AND receiverId = ?)) :((senderId = ? AND `receiverId` = ?) OR (`senderId` = ? AND `receiverId` = ?)):', 0)
 2 SYSTEMPATH\Database\BaseConnection.php(908): CodeIgniter\Database\MySQLi\Connection->execute('SELECT COUNT(*) AS `numrows`
FROM `messages`
WHERE ((senderId = ? AND `receiverId` = ?) OR (`senderId` = ? AND receiverId = ?)) :((senderId = ? AND `receiverId` = ?) OR (`senderId` = ? AND `receiverId` = ?)):')
 3 SYSTEMPATH\Database\BaseConnection.php(825): CodeIgniter\Database\BaseConnection->simpleQuery('SELECT COUNT(*) AS `numrows`
FROM `messages`
WHERE ((senderId = ? AND `receiverId` = ?) OR (`senderId` = ? AND receiverId = ?)) :((senderId = ? AND `receiverId` = ?) OR (`senderId` = ? AND `receiverId` = ?)):')
 4 SYSTEMPATH\Database\BaseBuilder.php(1731): CodeIgniter\Database\BaseConnection->query('SELECT COUNT(*) AS `numrows`
FROM `messages`
WHERE ((senderId = ? AND `receiverId` = ?) OR (`senderId` = ? AND receiverId = ?)) :((senderId = ? AND `receiverId` = ?) OR (`senderId` = ? AND `receiverId` = ?)):', [...], false)
 5 APPPATH\Models\MessageModel.php(87): CodeIgniter\Database\BaseBuilder->countAllResults()
 6 APPPATH\Controllers\Chat.php(176): App\Models\MessageModel->getConversationCount('207c49c0f2fc6493', '56dc273f11b04003')
 7 SYSTEMPATH\CodeIgniter.php(974): App\Controllers\Chat->getMessages('56dc273f11b04003')
 8 SYSTEMPATH\CodeIgniter.php(520): CodeIgniter\CodeIgniter->runController(Object(App\Controllers\Chat))
 9 SYSTEMPATH\CodeIgniter.php(363): CodeIgniter\CodeIgniter->handleRequest(null, Object(Config\Cache), false)
10 SYSTEMPATH\Boot.php(417): CodeIgniter\CodeIgniter->run()
11 SYSTEMPATH\Boot.php(68): CodeIgniter\Boot::runCodeIgniter(Object(CodeIgniter\CodeIgniter))
12 FCPATH\index.php(59): CodeIgniter\Boot::bootWeb(Object(Config\Paths))
CRITICAL - 2026-08-29 18:05:03 --> CodeIgniter\Database\Exceptions\DatabaseException: You have an error in your SQL syntax; check the manual that corresponds to your MariaDB server version for the right syntax to use near '? AND `receiverId` = ?) OR (`senderId` = ? AND receiverId = ?)) :((senderId =...' at line 3
[Method: GET, Route: employee/chat/messages/56dc273f11b04003]
in SYSTEMPATH\Database\BaseConnection.php on line 863.
 1 SYSTEMPATH\Database\BaseBuilder.php(1731): CodeIgniter\Database\BaseConnection->query('SELECT COUNT(*) AS `numrows`
FROM `messages`
WHERE ((senderId = ? AND `receiverId` = ?) OR (`senderId` = ? AND receiverId = ?)) :((senderId = ? AND `receiverId` = ?) OR (`senderId` = ? AND `receiverId` = ?)):', [...], false)
 2 APPPATH\Models\MessageModel.php(87): CodeIgniter\Database\BaseBuilder->countAllResults()
 3 APPPATH\Controllers\Chat.php(176): App\Models\MessageModel->getConversationCount('207c49c0f2fc6493', '56dc273f11b04003')
 4 SYSTEMPATH\CodeIgniter.php(974): App\Controllers\Chat->getMessages('56dc273f11b04003')
 5 SYSTEMPATH\CodeIgniter.php(520): CodeIgniter\CodeIgniter->runController(Object(App\Controllers\Chat))
 6 SYSTEMPATH\CodeIgniter.php(363): CodeIgniter\CodeIgniter->handleRequest(null, Object(Config\Cache), false)
 7 SYSTEMPATH\Boot.php(417): CodeIgniter\CodeIgniter->run()
 8 SYSTEMPATH\Boot.php(68): CodeIgniter\Boot::runCodeIgniter(Object(CodeIgniter\CodeIgniter))
 9 FCPATH\index.php(59): CodeIgniter\Boot::bootWeb(Object(Config\Paths))
CRITICAL - 2026-08-29 18:05:03 --> [Caused by] CodeIgniter\Database\Exceptions\DatabaseException: You have an error in your SQL syntax; check the manual that corresponds to your MariaDB server version for the right syntax to use near '? AND `receiverId` = ?) OR (`senderId` = ? AND receiverId = ?)) :((senderId =...' at line 3
in SYSTEMPATH\Database\MySQLi\Connection.php on line 310.
 1 SYSTEMPATH\Database\BaseConnection.php(908): CodeIgniter\Database\MySQLi\Connection->execute('SELECT COUNT(*) AS `numrows`
FROM `messages`
WHERE ((senderId = ? AND `receiverId` = ?) OR (`senderId` = ? AND receiverId = ?)) :((senderId = ? AND `receiverId` = ?) OR (`senderId` = ? AND `receiverId` = ?)):')
 2 SYSTEMPATH\Database\BaseConnection.php(825): CodeIgniter\Database\BaseConnection->simpleQuery('SELECT COUNT(*) AS `numrows`
FROM `messages`
WHERE ((senderId = ? AND `receiverId` = ?) OR (`senderId` = ? AND receiverId = ?)) :((senderId = ? AND `receiverId` = ?) OR (`senderId` = ? AND `receiverId` = ?)):')
 3 SYSTEMPATH\Database\BaseBuilder.php(1731): CodeIgniter\Database\BaseConnection->query('SELECT COUNT(*) AS `numrows`
FROM `messages`
WHERE ((senderId = ? AND `receiverId` = ?) OR (`senderId` = ? AND receiverId = ?)) :((senderId = ? AND `receiverId` = ?) OR (`senderId` = ? AND `receiverId` = ?)):', [...], false)
 4 APPPATH\Models\MessageModel.php(87): CodeIgniter\Database\BaseBuilder->countAllResults()
 5 APPPATH\Controllers\Chat.php(176): App\Models\MessageModel->getConversationCount('207c49c0f2fc6493', '56dc273f11b04003')
 6 SYSTEMPATH\CodeIgniter.php(974): App\Controllers\Chat->getMessages('56dc273f11b04003')
 7 SYSTEMPATH\CodeIgniter.php(520): CodeIgniter\CodeIgniter->runController(Object(App\Controllers\Chat))
 8 SYSTEMPATH\CodeIgniter.php(363): CodeIgniter\CodeIgniter->handleRequest(null, Object(Config\Cache), false)
 9 SYSTEMPATH\Boot.php(417): CodeIgniter\CodeIgniter->run()
10 SYSTEMPATH\Boot.php(68): CodeIgniter\Boot::runCodeIgniter(Object(CodeIgniter\CodeIgniter))
11 FCPATH\index.php(59): CodeIgniter\Boot::bootWeb(Object(Config\Paths))
CRITICAL - 2026-08-29 18:05:03 --> [Caused by] mysqli_sql_exception: You have an error in your SQL syntax; check the manual that corresponds to your MariaDB server version for the right syntax to use near '? AND `receiverId` = ?) OR (`senderId` = ? AND receiverId = ?)) :((senderId =...' at line 3
in SYSTEMPATH\Database\MySQLi\Connection.php on line 300.
 1 SYSTEMPATH\Database\MySQLi\Connection.php(300): mysqli->query('SELECT COUNT(*) AS `numrows`
FROM `messages`
WHERE ((senderId = ? AND `receiverId` = ?) OR (`senderId` = ? AND receiverId = ?)) :((senderId = ? AND `receiverId` = ?) OR (`senderId` = ? AND `receiverId` = ?)):', 0)
 2 SYSTEMPATH\Database\BaseConnection.php(908): CodeIgniter\Database\MySQLi\Connection->execute('SELECT COUNT(*) AS `numrows`
FROM `messages`
WHERE ((senderId = ? AND `receiverId` = ?) OR (`senderId` = ? AND receiverId = ?)) :((senderId = ? AND `receiverId` = ?) OR (`senderId` = ? AND `receiverId` = ?)):')
 3 SYSTEMPATH\Database\BaseConnection.php(825): CodeIgniter\Database\BaseConnection->simpleQuery('SELECT COUNT(*) AS `numrows`
FROM `messages`
WHERE ((senderId = ? AND `receiverId` = ?) OR (`senderId` = ? AND receiverId = ?)) :((senderId = ? AND `receiverId` = ?) OR (`senderId` = ? AND `receiverId` = ?)):')
 4 SYSTEMPATH\Database\BaseBuilder.php(1731): CodeIgniter\Database\BaseConnection->query('SELECT COUNT(*) AS `numrows`
FROM `messages`
WHERE ((senderId = ? AND `receiverId` = ?) OR (`senderId` = ? AND receiverId = ?)) :((senderId = ? AND `receiverId` = ?) OR (`senderId` = ? AND `receiverId` = ?)):', [...], false)
 5 APPPATH\Models\MessageModel.php(87): CodeIgniter\Database\BaseBuilder->countAllResults()
 6 APPPATH\Controllers\Chat.php(176): App\Models\MessageModel->getConversationCount('207c49c0f2fc6493', '56dc273f11b04003')
 7 SYSTEMPATH\CodeIgniter.php(974): App\Controllers\Chat->getMessages('56dc273f11b04003')
 8 SYSTEMPATH\CodeIgniter.php(520): CodeIgniter\CodeIgniter->runController(Object(App\Controllers\Chat))
 9 SYSTEMPATH\CodeIgniter.php(363): CodeIgniter\CodeIgniter->handleRequest(null, Object(Config\Cache), false)
10 SYSTEMPATH\Boot.php(417): CodeIgniter\CodeIgniter->run()
11 SYSTEMPATH\Boot.php(68): CodeIgniter\Boot::runCodeIgniter(Object(CodeIgniter\CodeIgniter))
12 FCPATH\index.php(59): CodeIgniter\Boot::bootWeb(Object(Config\Paths))
ERROR - 2026-08-29 18:05:03 --> You have an error in your SQL syntax; check the manual that corresponds to your MariaDB server version for the right syntax to use near '? AND `receiverId` = ?) OR (`senderId` = ? AND receiverId = ?)) :((senderId =...' at line 3
in SYSTEMPATH\Database\MySQLi\Connection.php on line 300.
 1 SYSTEMPATH\Database\MySQLi\Connection.php(300): mysqli->query('SELECT COUNT(*) AS `numrows`
FROM `messages`
WHERE ((senderId = ? AND `receiverId` = ?) OR (`senderId` = ? AND receiverId = ?)) :((senderId = ? AND `receiverId` = ?) OR (`senderId` = ? AND `receiverId` = ?)):', 0)
 2 SYSTEMPATH\Database\BaseConnection.php(908): CodeIgniter\Database\MySQLi\Connection->execute('SELECT COUNT(*) AS `numrows`
FROM `messages`
WHERE ((senderId = ? AND `receiverId` = ?) OR (`senderId` = ? AND receiverId = ?)) :((senderId = ? AND `receiverId` = ?) OR (`senderId` = ? AND `receiverId` = ?)):')
 3 SYSTEMPATH\Database\BaseConnection.php(825): CodeIgniter\Database\BaseConnection->simpleQuery('SELECT COUNT(*) AS `numrows`
FROM `messages`
WHERE ((senderId = ? AND `receiverId` = ?) OR (`senderId` = ? AND receiverId = ?)) :((senderId = ? AND `receiverId` = ?) OR (`senderId` = ? AND `receiverId` = ?)):')
 4 SYSTEMPATH\Database\BaseBuilder.php(1731): CodeIgniter\Database\BaseConnection->query('SELECT COUNT(*) AS `numrows`
FROM `messages`
WHERE ((senderId = ? AND `receiverId` = ?) OR (`senderId` = ? AND receiverId = ?)) :((senderId = ? AND `receiverId` = ?) OR (`senderId` = ? AND `receiverId` = ?)):', [...], false)
 5 APPPATH\Models\MessageModel.php(87): CodeIgniter\Database\BaseBuilder->countAllResults()
 6 APPPATH\Controllers\Chat.php(176): App\Models\MessageModel->getConversationCount('207c49c0f2fc6493', '5349b44df9bf8543')
 7 SYSTEMPATH\CodeIgniter.php(974): App\Controllers\Chat->getMessages('5349b44df9bf8543')
 8 SYSTEMPATH\CodeIgniter.php(520): CodeIgniter\CodeIgniter->runController(Object(App\Controllers\Chat))
 9 SYSTEMPATH\CodeIgniter.php(363): CodeIgniter\CodeIgniter->handleRequest(null, Object(Config\Cache), false)
10 SYSTEMPATH\Boot.php(417): CodeIgniter\CodeIgniter->run()
11 SYSTEMPATH\Boot.php(68): CodeIgniter\Boot::runCodeIgniter(Object(CodeIgniter\CodeIgniter))
12 FCPATH\index.php(59): CodeIgniter\Boot::bootWeb(Object(Config\Paths))
CRITICAL - 2026-08-29 18:05:03 --> CodeIgniter\Database\Exceptions\DatabaseException: You have an error in your SQL syntax; check the manual that corresponds to your MariaDB server version for the right syntax to use near '? AND `receiverId` = ?) OR (`senderId` = ? AND receiverId = ?)) :((senderId =...' at line 3
[Method: GET, Route: employee/chat/messages/5349b44df9bf8543]
in SYSTEMPATH\Database\BaseConnection.php on line 863.
 1 SYSTEMPATH\Database\BaseBuilder.php(1731): CodeIgniter\Database\BaseConnection->query('SELECT COUNT(*) AS `numrows`
FROM `messages`
WHERE ((senderId = ? AND `receiverId` = ?) OR (`senderId` = ? AND receiverId = ?)) :((senderId = ? AND `receiverId` = ?) OR (`senderId` = ? AND `receiverId` = ?)):', [...], false)
 2 APPPATH\Models\MessageModel.php(87): CodeIgniter\Database\BaseBuilder->countAllResults()
 3 APPPATH\Controllers\Chat.php(176): App\Models\MessageModel->getConversationCount('207c49c0f2fc6493', '5349b44df9bf8543')
 4 SYSTEMPATH\CodeIgniter.php(974): App\Controllers\Chat->getMessages('5349b44df9bf8543')
 5 SYSTEMPATH\CodeIgniter.php(520): CodeIgniter\CodeIgniter->runController(Object(App\Controllers\Chat))
 6 SYSTEMPATH\CodeIgniter.php(363): CodeIgniter\CodeIgniter->handleRequest(null, Object(Config\Cache), false)
 7 SYSTEMPATH\Boot.php(417): CodeIgniter\CodeIgniter->run()
 8 SYSTEMPATH\Boot.php(68): CodeIgniter\Boot::runCodeIgniter(Object(CodeIgniter\CodeIgniter))
 9 FCPATH\index.php(59): CodeIgniter\Boot::bootWeb(Object(Config\Paths))
CRITICAL - 2026-08-29 18:05:03 --> [Caused by] CodeIgniter\Database\Exceptions\DatabaseException: You have an error in your SQL syntax; check the manual that corresponds to your MariaDB server version for the right syntax to use near '? AND `receiverId` = ?) OR (`senderId` = ? AND receiverId = ?)) :((senderId =...' at line 3
in SYSTEMPATH\Database\MySQLi\Connection.php on line 310.
 1 SYSTEMPATH\Database\BaseConnection.php(908): CodeIgniter\Database\MySQLi\Connection->execute('SELECT COUNT(*) AS `numrows`
FROM `messages`
WHERE ((senderId = ? AND `receiverId` = ?) OR (`senderId` = ? AND receiverId = ?)) :((senderId = ? AND `receiverId` = ?) OR (`senderId` = ? AND `receiverId` = ?)):')
 2 SYSTEMPATH\Database\BaseConnection.php(825): CodeIgniter\Database\BaseConnection->simpleQuery('SELECT COUNT(*) AS `numrows`
FROM `messages`
WHERE ((senderId = ? AND `receiverId` = ?) OR (`senderId` = ? AND receiverId = ?)) :((senderId = ? AND `receiverId` = ?) OR (`senderId` = ? AND `receiverId` = ?)):')
 3 SYSTEMPATH\Database\BaseBuilder.php(1731): CodeIgniter\Database\BaseConnection->query('SELECT COUNT(*) AS `numrows`
FROM `messages`
WHERE ((senderId = ? AND `receiverId` = ?) OR (`senderId` = ? AND receiverId = ?)) :((senderId = ? AND `receiverId` = ?) OR (`senderId` = ? AND `receiverId` = ?)):', [...], false)
 4 APPPATH\Models\MessageModel.php(87): CodeIgniter\Database\BaseBuilder->countAllResults()
 5 APPPATH\Controllers\Chat.php(176): App\Models\MessageModel->getConversationCount('207c49c0f2fc6493', '5349b44df9bf8543')
 6 SYSTEMPATH\CodeIgniter.php(974): App\Controllers\Chat->getMessages('5349b44df9bf8543')
 7 SYSTEMPATH\CodeIgniter.php(520): CodeIgniter\CodeIgniter->runController(Object(App\Controllers\Chat))
 8 SYSTEMPATH\CodeIgniter.php(363): CodeIgniter\CodeIgniter->handleRequest(null, Object(Config\Cache), false)
 9 SYSTEMPATH\Boot.php(417): CodeIgniter\CodeIgniter->run()
10 SYSTEMPATH\Boot.php(68): CodeIgniter\Boot::runCodeIgniter(Object(CodeIgniter\CodeIgniter))
11 FCPATH\index.php(59): CodeIgniter\Boot::bootWeb(Object(Config\Paths))
CRITICAL - 2026-08-29 18:05:03 --> [Caused by] mysqli_sql_exception: You have an error in your SQL syntax; check the manual that corresponds to your MariaDB server version for the right syntax to use near '? AND `receiverId` = ?) OR (`senderId` = ? AND receiverId = ?)) :((senderId =...' at line 3
in SYSTEMPATH\Database\MySQLi\Connection.php on line 300.
 1 SYSTEMPATH\Database\MySQLi\Connection.php(300): mysqli->query('SELECT COUNT(*) AS `numrows`
FROM `messages`
WHERE ((senderId = ? AND `receiverId` = ?) OR (`senderId` = ? AND receiverId = ?)) :((senderId = ? AND `receiverId` = ?) OR (`senderId` = ? AND `receiverId` = ?)):', 0)
 2 SYSTEMPATH\Database\BaseConnection.php(908): CodeIgniter\Database\MySQLi\Connection->execute('SELECT COUNT(*) AS `numrows`
FROM `messages`
WHERE ((senderId = ? AND `receiverId` = ?) OR (`senderId` = ? AND receiverId = ?)) :((senderId = ? AND `receiverId` = ?) OR (`senderId` = ? AND `receiverId` = ?)):')
 3 SYSTEMPATH\Database\BaseConnection.php(825): CodeIgniter\Database\BaseConnection->simpleQuery('SELECT COUNT(*) AS `numrows`
FROM `messages`
WHERE ((senderId = ? AND `receiverId` = ?) OR (`senderId` = ? AND receiverId = ?)) :((senderId = ? AND `receiverId` = ?) OR (`senderId` = ? AND `receiverId` = ?)):')
 4 SYSTEMPATH\Database\BaseBuilder.php(1731): CodeIgniter\Database\BaseConnection->query('SELECT COUNT(*) AS `numrows`
FROM `messages`
WHERE ((senderId = ? AND `receiverId` = ?) OR (`senderId` = ? AND receiverId = ?)) :((senderId = ? AND `receiverId` = ?) OR (`senderId` = ? AND `receiverId` = ?)):', [...], false)
 5 APPPATH\Models\MessageModel.php(87): CodeIgniter\Database\BaseBuilder->countAllResults()
 6 APPPATH\Controllers\Chat.php(176): App\Models\MessageModel->getConversationCount('207c49c0f2fc6493', '5349b44df9bf8543')
 7 SYSTEMPATH\CodeIgniter.php(974): App\Controllers\Chat->getMessages('5349b44df9bf8543')
 8 SYSTEMPATH\CodeIgniter.php(520): CodeIgniter\CodeIgniter->runController(Object(App\Controllers\Chat))
 9 SYSTEMPATH\CodeIgniter.php(363): CodeIgniter\CodeIgniter->handleRequest(null, Object(Config\Cache), false)
10 SYSTEMPATH\Boot.php(417): CodeIgniter\CodeIgniter->run()
11 SYSTEMPATH\Boot.php(68): CodeIgniter\Boot::runCodeIgniter(Object(CodeIgniter\CodeIgniter))
12 FCPATH\index.php(59): CodeIgniter\Boot::bootWeb(Object(Config\Paths))
ERROR - 2026-08-29 18:05:06 --> You have an error in your SQL syntax; check the manual that corresponds to your MariaDB server version for the right syntax to use near '? AND `receiverId` = ?) OR (`senderId` = ? AND receiverId = ?)) :((senderId =...' at line 3
in SYSTEMPATH\Database\MySQLi\Connection.php on line 300.
 1 SYSTEMPATH\Database\MySQLi\Connection.php(300): mysqli->query('SELECT COUNT(*) AS `numrows`
FROM `messages`
WHERE ((senderId = ? AND `receiverId` = ?) OR (`senderId` = ? AND receiverId = ?)) :((senderId = ? AND `receiverId` = ?) OR (`senderId` = ? AND `receiverId` = ?)):', 0)
 2 SYSTEMPATH\Database\BaseConnection.php(908): CodeIgniter\Database\MySQLi\Connection->execute('SELECT COUNT(*) AS `numrows`
FROM `messages`
WHERE ((senderId = ? AND `receiverId` = ?) OR (`senderId` = ? AND receiverId = ?)) :((senderId = ? AND `receiverId` = ?) OR (`senderId` = ? AND `receiverId` = ?)):')
 3 SYSTEMPATH\Database\BaseConnection.php(825): CodeIgniter\Database\BaseConnection->simpleQuery('SELECT COUNT(*) AS `numrows`
FROM `messages`
WHERE ((senderId = ? AND `receiverId` = ?) OR (`senderId` = ? AND receiverId = ?)) :((senderId = ? AND `receiverId` = ?) OR (`senderId` = ? AND `receiverId` = ?)):')
 4 SYSTEMPATH\Database\BaseBuilder.php(1731): CodeIgniter\Database\BaseConnection->query('SELECT COUNT(*) AS `numrows`
FROM `messages`
WHERE ((senderId = ? AND `receiverId` = ?) OR (`senderId` = ? AND receiverId = ?)) :((senderId = ? AND `receiverId` = ?) OR (`senderId` = ? AND `receiverId` = ?)):', [...], false)
 5 APPPATH\Models\MessageModel.php(87): CodeIgniter\Database\BaseBuilder->countAllResults()
 6 APPPATH\Controllers\Chat.php(176): App\Models\MessageModel->getConversationCount('207c49c0f2fc6493', '5349b44df9bf8543')
 7 SYSTEMPATH\CodeIgniter.php(974): App\Controllers\Chat->getMessages('5349b44df9bf8543')
 8 SYSTEMPATH\CodeIgniter.php(520): CodeIgniter\CodeIgniter->runController(Object(App\Controllers\Chat))
 9 SYSTEMPATH\CodeIgniter.php(363): CodeIgniter\CodeIgniter->handleRequest(null, Object(Config\Cache), false)
10 SYSTEMPATH\Boot.php(417): CodeIgniter\CodeIgniter->run()
11 SYSTEMPATH\Boot.php(68): CodeIgniter\Boot::runCodeIgniter(Object(CodeIgniter\CodeIgniter))
12 FCPATH\index.php(59): CodeIgniter\Boot::bootWeb(Object(Config\Paths))
CRITICAL - 2026-08-29 18:05:06 --> CodeIgniter\Database\Exceptions\DatabaseException: You have an error in your SQL syntax; check the manual that corresponds to your MariaDB server version for the right syntax to use near '? AND `receiverId` = ?) OR (`senderId` = ? AND receiverId = ?)) :((senderId =...' at line 3
[Method: GET, Route: employee/chat/messages/5349b44df9bf8543]
in SYSTEMPATH\Database\BaseConnection.php on line 863.
 1 SYSTEMPATH\Database\BaseBuilder.php(1731): CodeIgniter\Database\BaseConnection->query('SELECT COUNT(*) AS `numrows`
FROM `messages`
WHERE ((senderId = ? AND `receiverId` = ?) OR (`senderId` = ? AND receiverId = ?)) :((senderId = ? AND `receiverId` = ?) OR (`senderId` = ? AND `receiverId` = ?)):', [...], false)
 2 APPPATH\Models\MessageModel.php(87): CodeIgniter\Database\BaseBuilder->countAllResults()
 3 APPPATH\Controllers\Chat.php(176): App\Models\MessageModel->getConversationCount('207c49c0f2fc6493', '5349b44df9bf8543')
 4 SYSTEMPATH\CodeIgniter.php(974): App\Controllers\Chat->getMessages('5349b44df9bf8543')
 5 SYSTEMPATH\CodeIgniter.php(520): CodeIgniter\CodeIgniter->runController(Object(App\Controllers\Chat))
 6 SYSTEMPATH\CodeIgniter.php(363): CodeIgniter\CodeIgniter->handleRequest(null, Object(Config\Cache), false)
 7 SYSTEMPATH\Boot.php(417): CodeIgniter\CodeIgniter->run()
 8 SYSTEMPATH\Boot.php(68): CodeIgniter\Boot::runCodeIgniter(Object(CodeIgniter\CodeIgniter))
 9 FCPATH\index.php(59): CodeIgniter\Boot::bootWeb(Object(Config\Paths))
CRITICAL - 2026-08-29 18:05:06 --> [Caused by] CodeIgniter\Database\Exceptions\DatabaseException: You have an error in your SQL syntax; check the manual that corresponds to your MariaDB server version for the right syntax to use near '? AND `receiverId` = ?) OR (`senderId` = ? AND receiverId = ?)) :((senderId =...' at line 3
in SYSTEMPATH\Database\MySQLi\Connection.php on line 310.
 1 SYSTEMPATH\Database\BaseConnection.php(908): CodeIgniter\Database\MySQLi\Connection->execute('SELECT COUNT(*) AS `numrows`
FROM `messages`
WHERE ((senderId = ? AND `receiverId` = ?) OR (`senderId` = ? AND receiverId = ?)) :((senderId = ? AND `receiverId` = ?) OR (`senderId` = ? AND `receiverId` = ?)):')
 2 SYSTEMPATH\Database\BaseConnection.php(825): CodeIgniter\Database\BaseConnection->simpleQuery('SELECT COUNT(*) AS `numrows`
FROM `messages`
WHERE ((senderId = ? AND `receiverId` = ?) OR (`senderId` = ? AND receiverId = ?)) :((senderId = ? AND `receiverId` = ?) OR (`senderId` = ? AND `receiverId` = ?)):')
 3 SYSTEMPATH\Database\BaseBuilder.php(1731): CodeIgniter\Database\BaseConnection->query('SELECT COUNT(*) AS `numrows`
FROM `messages`
WHERE ((senderId = ? AND `receiverId` = ?) OR (`senderId` = ? AND receiverId = ?)) :((senderId = ? AND `receiverId` = ?) OR (`senderId` = ? AND `receiverId` = ?)):', [...], false)
 4 APPPATH\Models\MessageModel.php(87): CodeIgniter\Database\BaseBuilder->countAllResults()
 5 APPPATH\Controllers\Chat.php(176): App\Models\MessageModel->getConversationCount('207c49c0f2fc6493', '5349b44df9bf8543')
 6 SYSTEMPATH\CodeIgniter.php(974): App\Controllers\Chat->getMessages('5349b44df9bf8543')
 7 SYSTEMPATH\CodeIgniter.php(520): CodeIgniter\CodeIgniter->runController(Object(App\Controllers\Chat))
 8 SYSTEMPATH\CodeIgniter.php(363): CodeIgniter\CodeIgniter->handleRequest(null, Object(Config\Cache), false)
 9 SYSTEMPATH\Boot.php(417): CodeIgniter\CodeIgniter->run()
10 SYSTEMPATH\Boot.php(68): CodeIgniter\Boot::runCodeIgniter(Object(CodeIgniter\CodeIgniter))
11 FCPATH\index.php(59): CodeIgniter\Boot::bootWeb(Object(Config\Paths))
CRITICAL - 2026-08-29 18:05:06 --> [Caused by] mysqli_sql_exception: You have an error in your SQL syntax; check the manual that corresponds to your MariaDB server version for the right syntax to use near '? AND `receiverId` = ?) OR (`senderId` = ? AND receiverId = ?)) :((senderId =...' at line 3
in SYSTEMPATH\Database\MySQLi\Connection.php on line 300.
 1 SYSTEMPATH\Database\MySQLi\Connection.php(300): mysqli->query('SELECT COUNT(*) AS `numrows`
FROM `messages`
WHERE ((senderId = ? AND `receiverId` = ?) OR (`senderId` = ? AND receiverId = ?)) :((senderId = ? AND `receiverId` = ?) OR (`senderId` = ? AND `receiverId` = ?)):', 0)
 2 SYSTEMPATH\Database\BaseConnection.php(908): CodeIgniter\Database\MySQLi\Connection->execute('SELECT COUNT(*) AS `numrows`
FROM `messages`
WHERE ((senderId = ? AND `receiverId` = ?) OR (`senderId` = ? AND receiverId = ?)) :((senderId = ? AND `receiverId` = ?) OR (`senderId` = ? AND `receiverId` = ?)):')
 3 SYSTEMPATH\Database\BaseConnection.php(825): CodeIgniter\Database\BaseConnection->simpleQuery('SELECT COUNT(*) AS `numrows`
FROM `messages`
WHERE ((senderId = ? AND `receiverId` = ?) OR (`senderId` = ? AND receiverId = ?)) :((senderId = ? AND `receiverId` = ?) OR (`senderId` = ? AND `receiverId` = ?)):')
 4 SYSTEMPATH\Database\BaseBuilder.php(1731): CodeIgniter\Database\BaseConnection->query('SELECT COUNT(*) AS `numrows`
FROM `messages`
WHERE ((senderId = ? AND `receiverId` = ?) OR (`senderId` = ? AND receiverId = ?)) :((senderId = ? AND `receiverId` = ?) OR (`senderId` = ? AND `receiverId` = ?)):', [...], false)
 5 APPPATH\Models\MessageModel.php(87): CodeIgniter\Database\BaseBuilder->countAllResults()
 6 APPPATH\Controllers\Chat.php(176): App\Models\MessageModel->getConversationCount('207c49c0f2fc6493', '5349b44df9bf8543')
 7 SYSTEMPATH\CodeIgniter.php(974): App\Controllers\Chat->getMessages('5349b44df9bf8543')
 8 SYSTEMPATH\CodeIgniter.php(520): CodeIgniter\CodeIgniter->runController(Object(App\Controllers\Chat))
 9 SYSTEMPATH\CodeIgniter.php(363): CodeIgniter\CodeIgniter->handleRequest(null, Object(Config\Cache), false)
10 SYSTEMPATH\Boot.php(417): CodeIgniter\CodeIgniter->run()
11 SYSTEMPATH\Boot.php(68): CodeIgniter\Boot::runCodeIgniter(Object(CodeIgniter\CodeIgniter))
12 FCPATH\index.php(59): CodeIgniter\Boot::bootWeb(Object(Config\Paths))
ERROR - 2026-08-29 18:05:09 --> You have an error in your SQL syntax; check the manual that corresponds to your MariaDB server version for the right syntax to use near '? AND `receiverId` = ?) OR (`senderId` = ? AND receiverId = ?)) :((senderId =...' at line 3
in SYSTEMPATH\Database\MySQLi\Connection.php on line 300.
 1 SYSTEMPATH\Database\MySQLi\Connection.php(300): mysqli->query('SELECT COUNT(*) AS `numrows`
FROM `messages`
WHERE ((senderId = ? AND `receiverId` = ?) OR (`senderId` = ? AND receiverId = ?)) :((senderId = ? AND `receiverId` = ?) OR (`senderId` = ? AND `receiverId` = ?)):', 0)
 2 SYSTEMPATH\Database\BaseConnection.php(908): CodeIgniter\Database\MySQLi\Connection->execute('SELECT COUNT(*) AS `numrows`
FROM `messages`
WHERE ((senderId = ? AND `receiverId` = ?) OR (`senderId` = ? AND receiverId = ?)) :((senderId = ? AND `receiverId` = ?) OR (`senderId` = ? AND `receiverId` = ?)):')
 3 SYSTEMPATH\Database\BaseConnection.php(825): CodeIgniter\Database\BaseConnection->simpleQuery('SELECT COUNT(*) AS `numrows`
FROM `messages`
WHERE ((senderId = ? AND `receiverId` = ?) OR (`senderId` = ? AND receiverId = ?)) :((senderId = ? AND `receiverId` = ?) OR (`senderId` = ? AND `receiverId` = ?)):')
 4 SYSTEMPATH\Database\BaseBuilder.php(1731): CodeIgniter\Database\BaseConnection->query('SELECT COUNT(*) AS `numrows`
FROM `messages`
WHERE ((senderId = ? AND `receiverId` = ?) OR (`senderId` = ? AND receiverId = ?)) :((senderId = ? AND `receiverId` = ?) OR (`senderId` = ? AND `receiverId` = ?)):', [...], false)
 5 APPPATH\Models\MessageModel.php(87): CodeIgniter\Database\BaseBuilder->countAllResults()
 6 APPPATH\Controllers\Chat.php(176): App\Models\MessageModel->getConversationCount('207c49c0f2fc6493', '5349b44df9bf8543')
 7 SYSTEMPATH\CodeIgniter.php(974): App\Controllers\Chat->getMessages('5349b44df9bf8543')
 8 SYSTEMPATH\CodeIgniter.php(520): CodeIgniter\CodeIgniter->runController(Object(App\Controllers\Chat))
 9 SYSTEMPATH\CodeIgniter.php(363): CodeIgniter\CodeIgniter->handleRequest(null, Object(Config\Cache), false)
10 SYSTEMPATH\Boot.php(417): CodeIgniter\CodeIgniter->run()
11 SYSTEMPATH\Boot.php(68): CodeIgniter\Boot::runCodeIgniter(Object(CodeIgniter\CodeIgniter))
12 FCPATH\index.php(59): CodeIgniter\Boot::bootWeb(Object(Config\Paths))
CRITICAL - 2026-08-29 18:05:09 --> CodeIgniter\Database\Exceptions\DatabaseException: You have an error in your SQL syntax; check the manual that corresponds to your MariaDB server version for the right syntax to use near '? AND `receiverId` = ?) OR (`senderId` = ? AND receiverId = ?)) :((senderId =...' at line 3
[Method: GET, Route: employee/chat/messages/5349b44df9bf8543]
in SYSTEMPATH\Database\BaseConnection.php on line 863.
 1 SYSTEMPATH\Database\BaseBuilder.php(1731): CodeIgniter\Database\BaseConnection->query('SELECT COUNT(*) AS `numrows`
FROM `messages`
WHERE ((senderId = ? AND `receiverId` = ?) OR (`senderId` = ? AND receiverId = ?)) :((senderId = ? AND `receiverId` = ?) OR (`senderId` = ? AND `receiverId` = ?)):', [...], false)
 2 APPPATH\Models\MessageModel.php(87): CodeIgniter\Database\BaseBuilder->countAllResults()
 3 APPPATH\Controllers\Chat.php(176): App\Models\MessageModel->getConversationCount('207c49c0f2fc6493', '5349b44df9bf8543')
 4 SYSTEMPATH\CodeIgniter.php(974): App\Controllers\Chat->getMessages('5349b44df9bf8543')
 5 SYSTEMPATH\CodeIgniter.php(520): CodeIgniter\CodeIgniter->runController(Object(App\Controllers\Chat))
 6 SYSTEMPATH\CodeIgniter.php(363): CodeIgniter\CodeIgniter->handleRequest(null, Object(Config\Cache), false)
 7 SYSTEMPATH\Boot.php(417): CodeIgniter\CodeIgniter->run()
 8 SYSTEMPATH\Boot.php(68): CodeIgniter\Boot::runCodeIgniter(Object(CodeIgniter\CodeIgniter))
 9 FCPATH\index.php(59): CodeIgniter\Boot::bootWeb(Object(Config\Paths))
CRITICAL - 2026-08-29 18:05:09 --> [Caused by] CodeIgniter\Database\Exceptions\DatabaseException: You have an error in your SQL syntax; check the manual that corresponds to your MariaDB server version for the right syntax to use near '? AND `receiverId` = ?) OR (`senderId` = ? AND receiverId = ?)) :((senderId =...' at line 3
in SYSTEMPATH\Database\MySQLi\Connection.php on line 310.
 1 SYSTEMPATH\Database\BaseConnection.php(908): CodeIgniter\Database\MySQLi\Connection->execute('SELECT COUNT(*) AS `numrows`
FROM `messages`
WHERE ((senderId = ? AND `receiverId` = ?) OR (`senderId` = ? AND receiverId = ?)) :((senderId = ? AND `receiverId` = ?) OR (`senderId` = ? AND `receiverId` = ?)):')
 2 SYSTEMPATH\Database\BaseConnection.php(825): CodeIgniter\Database\BaseConnection->simpleQuery('SELECT COUNT(*) AS `numrows`
FROM `messages`
WHERE ((senderId = ? AND `receiverId` = ?) OR (`senderId` = ? AND receiverId = ?)) :((senderId = ? AND `receiverId` = ?) OR (`senderId` = ? AND `receiverId` = ?)):')
 3 SYSTEMPATH\Database\BaseBuilder.php(1731): CodeIgniter\Database\BaseConnection->query('SELECT COUNT(*) AS `numrows`
FROM `messages`
WHERE ((senderId = ? AND `receiverId` = ?) OR (`senderId` = ? AND receiverId = ?)) :((senderId = ? AND `receiverId` = ?) OR (`senderId` = ? AND `receiverId` = ?)):', [...], false)
 4 APPPATH\Models\MessageModel.php(87): CodeIgniter\Database\BaseBuilder->countAllResults()
 5 APPPATH\Controllers\Chat.php(176): App\Models\MessageModel->getConversationCount('207c49c0f2fc6493', '5349b44df9bf8543')
 6 SYSTEMPATH\CodeIgniter.php(974): App\Controllers\Chat->getMessages('5349b44df9bf8543')
 7 SYSTEMPATH\CodeIgniter.php(520): CodeIgniter\CodeIgniter->runController(Object(App\Controllers\Chat))
 8 SYSTEMPATH\CodeIgniter.php(363): CodeIgniter\CodeIgniter->handleRequest(null, Object(Config\Cache), false)
 9 SYSTEMPATH\Boot.php(417): CodeIgniter\CodeIgniter->run()
10 SYSTEMPATH\Boot.php(68): CodeIgniter\Boot::runCodeIgniter(Object(CodeIgniter\CodeIgniter))
11 FCPATH\index.php(59): CodeIgniter\Boot::bootWeb(Object(Config\Paths))
CRITICAL - 2026-08-29 18:05:09 --> [Caused by] mysqli_sql_exception: You have an error in your SQL syntax; check the manual that corresponds to your MariaDB server version for the right syntax to use near '? AND `receiverId` = ?) OR (`senderId` = ? AND receiverId = ?)) :((senderId =...' at line 3
in SYSTEMPATH\Database\MySQLi\Connection.php on line 300.
 1 SYSTEMPATH\Database\MySQLi\Connection.php(300): mysqli->query('SELECT COUNT(*) AS `numrows`
FROM `messages`
WHERE ((senderId = ? AND `receiverId` = ?) OR (`senderId` = ? AND receiverId = ?)) :((senderId = ? AND `receiverId` = ?) OR (`senderId` = ? AND `receiverId` = ?)):', 0)
 2 SYSTEMPATH\Database\BaseConnection.php(908): CodeIgniter\Database\MySQLi\Connection->execute('SELECT COUNT(*) AS `numrows`
FROM `messages`
WHERE ((senderId = ? AND `receiverId` = ?) OR (`senderId` = ? AND receiverId = ?)) :((senderId = ? AND `receiverId` = ?) OR (`senderId` = ? AND `receiverId` = ?)):')
 3 SYSTEMPATH\Database\BaseConnection.php(825): CodeIgniter\Database\BaseConnection->simpleQuery('SELECT COUNT(*) AS `numrows`
FROM `messages`
WHERE ((senderId = ? AND `receiverId` = ?) OR (`senderId` = ? AND receiverId = ?)) :((senderId = ? AND `receiverId` = ?) OR (`senderId` = ? AND `receiverId` = ?)):')
 4 SYSTEMPATH\Database\BaseBuilder.php(1731): CodeIgniter\Database\BaseConnection->query('SELECT COUNT(*) AS `numrows`
FROM `messages`
WHERE ((senderId = ? AND `receiverId` = ?) OR (`senderId` = ? AND receiverId = ?)) :((senderId = ? AND `receiverId` = ?) OR (`senderId` = ? AND `receiverId` = ?)):', [...], false)
 5 APPPATH\Models\MessageModel.php(87): CodeIgniter\Database\BaseBuilder->countAllResults()
 6 APPPATH\Controllers\Chat.php(176): App\Models\MessageModel->getConversationCount('207c49c0f2fc6493', '5349b44df9bf8543')
 7 SYSTEMPATH\CodeIgniter.php(974): App\Controllers\Chat->getMessages('5349b44df9bf8543')
 8 SYSTEMPATH\CodeIgniter.php(520): CodeIgniter\CodeIgniter->runController(Object(App\Controllers\Chat))
 9 SYSTEMPATH\CodeIgniter.php(363): CodeIgniter\CodeIgniter->handleRequest(null, Object(Config\Cache), false)
10 SYSTEMPATH\Boot.php(417): CodeIgniter\CodeIgniter->run()
11 SYSTEMPATH\Boot.php(68): CodeIgniter\Boot::runCodeIgniter(Object(CodeIgniter\CodeIgniter))
12 FCPATH\index.php(59): CodeIgniter\Boot::bootWeb(Object(Config\Paths))
ERROR - 2026-08-29 18:05:12 --> You have an error in your SQL syntax; check the manual that corresponds to your MariaDB server version for the right syntax to use near '? AND `receiverId` = ?) OR (`senderId` = ? AND receiverId = ?)) :((senderId =...' at line 3
in SYSTEMPATH\Database\MySQLi\Connection.php on line 300.
 1 SYSTEMPATH\Database\MySQLi\Connection.php(300): mysqli->query('SELECT COUNT(*) AS `numrows`
FROM `messages`
WHERE ((senderId = ? AND `receiverId` = ?) OR (`senderId` = ? AND receiverId = ?)) :((senderId = ? AND `receiverId` = ?) OR (`senderId` = ? AND `receiverId` = ?)):', 0)
 2 SYSTEMPATH\Database\BaseConnection.php(908): CodeIgniter\Database\MySQLi\Connection->execute('SELECT COUNT(*) AS `numrows`
FROM `messages`
WHERE ((senderId = ? AND `receiverId` = ?) OR (`senderId` = ? AND receiverId = ?)) :((senderId = ? AND `receiverId` = ?) OR (`senderId` = ? AND `receiverId` = ?)):')
 3 SYSTEMPATH\Database\BaseConnection.php(825): CodeIgniter\Database\BaseConnection->simpleQuery('SELECT COUNT(*) AS `numrows`
FROM `messages`
WHERE ((senderId = ? AND `receiverId` = ?) OR (`senderId` = ? AND receiverId = ?)) :((senderId = ? AND `receiverId` = ?) OR (`senderId` = ? AND `receiverId` = ?)):')
 4 SYSTEMPATH\Database\BaseBuilder.php(1731): CodeIgniter\Database\BaseConnection->query('SELECT COUNT(*) AS `numrows`
FROM `messages`
WHERE ((senderId = ? AND `receiverId` = ?) OR (`senderId` = ? AND receiverId = ?)) :((senderId = ? AND `receiverId` = ?) OR (`senderId` = ? AND `receiverId` = ?)):', [...], false)
 5 APPPATH\Models\MessageModel.php(87): CodeIgniter\Database\BaseBuilder->countAllResults()
 6 APPPATH\Controllers\Chat.php(176): App\Models\MessageModel->getConversationCount('207c49c0f2fc6493', '5349b44df9bf8543')
 7 SYSTEMPATH\CodeIgniter.php(974): App\Controllers\Chat->getMessages('5349b44df9bf8543')
 8 SYSTEMPATH\CodeIgniter.php(520): CodeIgniter\CodeIgniter->runController(Object(App\Controllers\Chat))
 9 SYSTEMPATH\CodeIgniter.php(363): CodeIgniter\CodeIgniter->handleRequest(null, Object(Config\Cache), false)
10 SYSTEMPATH\Boot.php(417): CodeIgniter\CodeIgniter->run()
11 SYSTEMPATH\Boot.php(68): CodeIgniter\Boot::runCodeIgniter(Object(CodeIgniter\CodeIgniter))
12 FCPATH\index.php(59): CodeIgniter\Boot::bootWeb(Object(Config\Paths))
CRITICAL - 2026-08-29 18:05:12 --> CodeIgniter\Database\Exceptions\DatabaseException: You have an error in your SQL syntax; check the manual that corresponds to your MariaDB server version for the right syntax to use near '? AND `receiverId` = ?) OR (`senderId` = ? AND receiverId = ?)) :((senderId =...' at line 3
[Method: GET, Route: employee/chat/messages/5349b44df9bf8543]
in SYSTEMPATH\Database\BaseConnection.php on line 863.
 1 SYSTEMPATH\Database\BaseBuilder.php(1731): CodeIgniter\Database\BaseConnection->query('SELECT COUNT(*) AS `numrows`
FROM `messages`
WHERE ((senderId = ? AND `receiverId` = ?) OR (`senderId` = ? AND receiverId = ?)) :((senderId = ? AND `receiverId` = ?) OR (`senderId` = ? AND `receiverId` = ?)):', [...], false)
 2 APPPATH\Models\MessageModel.php(87): CodeIgniter\Database\BaseBuilder->countAllResults()
 3 APPPATH\Controllers\Chat.php(176): App\Models\MessageModel->getConversationCount('207c49c0f2fc6493', '5349b44df9bf8543')
 4 SYSTEMPATH\CodeIgniter.php(974): App\Controllers\Chat->getMessages('5349b44df9bf8543')
 5 SYSTEMPATH\CodeIgniter.php(520): CodeIgniter\CodeIgniter->runController(Object(App\Controllers\Chat))
 6 SYSTEMPATH\CodeIgniter.php(363): CodeIgniter\CodeIgniter->handleRequest(null, Object(Config\Cache), false)
 7 SYSTEMPATH\Boot.php(417): CodeIgniter\CodeIgniter->run()
 8 SYSTEMPATH\Boot.php(68): CodeIgniter\Boot::runCodeIgniter(Object(CodeIgniter\CodeIgniter))
 9 FCPATH\index.php(59): CodeIgniter\Boot::bootWeb(Object(Config\Paths))
CRITICAL - 2026-08-29 18:05:12 --> [Caused by] CodeIgniter\Database\Exceptions\DatabaseException: You have an error in your SQL syntax; check the manual that corresponds to your MariaDB server version for the right syntax to use near '? AND `receiverId` = ?) OR (`senderId` = ? AND receiverId = ?)) :((senderId =...' at line 3
in SYSTEMPATH\Database\MySQLi\Connection.php on line 310.
 1 SYSTEMPATH\Database\BaseConnection.php(908): CodeIgniter\Database\MySQLi\Connection->execute('SELECT COUNT(*) AS `numrows`
FROM `messages`
WHERE ((senderId = ? AND `receiverId` = ?) OR (`senderId` = ? AND receiverId = ?)) :((senderId = ? AND `receiverId` = ?) OR (`senderId` = ? AND `receiverId` = ?)):')
 2 SYSTEMPATH\Database\BaseConnection.php(825): CodeIgniter\Database\BaseConnection->simpleQuery('SELECT COUNT(*) AS `numrows`
FROM `messages`
WHERE ((senderId = ? AND `receiverId` = ?) OR (`senderId` = ? AND receiverId = ?)) :((senderId = ? AND `receiverId` = ?) OR (`senderId` = ? AND `receiverId` = ?)):')
 3 SYSTEMPATH\Database\BaseBuilder.php(1731): CodeIgniter\Database\BaseConnection->query('SELECT COUNT(*) AS `numrows`
FROM `messages`
WHERE ((senderId = ? AND `receiverId` = ?) OR (`senderId` = ? AND receiverId = ?)) :((senderId = ? AND `receiverId` = ?) OR (`senderId` = ? AND `receiverId` = ?)):', [...], false)
 4 APPPATH\Models\MessageModel.php(87): CodeIgniter\Database\BaseBuilder->countAllResults()
 5 APPPATH\Controllers\Chat.php(176): App\Models\MessageModel->getConversationCount('207c49c0f2fc6493', '5349b44df9bf8543')
 6 SYSTEMPATH\CodeIgniter.php(974): App\Controllers\Chat->getMessages('5349b44df9bf8543')
 7 SYSTEMPATH\CodeIgniter.php(520): CodeIgniter\CodeIgniter->runController(Object(App\Controllers\Chat))
 8 SYSTEMPATH\CodeIgniter.php(363): CodeIgniter\CodeIgniter->handleRequest(null, Object(Config\Cache), false)
 9 SYSTEMPATH\Boot.php(417): CodeIgniter\CodeIgniter->run()
10 SYSTEMPATH\Boot.php(68): CodeIgniter\Boot::runCodeIgniter(Object(CodeIgniter\CodeIgniter))
11 FCPATH\index.php(59): CodeIgniter\Boot::bootWeb(Object(Config\Paths))
CRITICAL - 2026-08-29 18:05:12 --> [Caused by] mysqli_sql_exception: You have an error in your SQL syntax; check the manual that corresponds to your MariaDB server version for the right syntax to use near '? AND `receiverId` = ?) OR (`senderId` = ? AND receiverId = ?)) :((senderId =...' at line 3
in SYSTEMPATH\Database\MySQLi\Connection.php on line 300.
 1 SYSTEMPATH\Database\MySQLi\Connection.php(300): mysqli->query('SELECT COUNT(*) AS `numrows`
FROM `messages`
WHERE ((senderId = ? AND `receiverId` = ?) OR (`senderId` = ? AND receiverId = ?)) :((senderId = ? AND `receiverId` = ?) OR (`senderId` = ? AND `receiverId` = ?)):', 0)
 2 SYSTEMPATH\Database\BaseConnection.php(908): CodeIgniter\Database\MySQLi\Connection->execute('SELECT COUNT(*) AS `numrows`
FROM `messages`
WHERE ((senderId = ? AND `receiverId` = ?) OR (`senderId` = ? AND receiverId = ?)) :((senderId = ? AND `receiverId` = ?) OR (`senderId` = ? AND `receiverId` = ?)):')
 3 SYSTEMPATH\Database\BaseConnection.php(825): CodeIgniter\Database\BaseConnection->simpleQuery('SELECT COUNT(*) AS `numrows`
FROM `messages`
WHERE ((senderId = ? AND `receiverId` = ?) OR (`senderId` = ? AND receiverId = ?)) :((senderId = ? AND `receiverId` = ?) OR (`senderId` = ? AND `receiverId` = ?)):')
 4 SYSTEMPATH\Database\BaseBuilder.php(1731): CodeIgniter\Database\BaseConnection->query('SELECT COUNT(*) AS `numrows`
FROM `messages`
WHERE ((senderId = ? AND `receiverId` = ?) OR (`senderId` = ? AND receiverId = ?)) :((senderId = ? AND `receiverId` = ?) OR (`senderId` = ? AND `receiverId` = ?)):', [...], false)
 5 APPPATH\Models\MessageModel.php(87): CodeIgniter\Database\BaseBuilder->countAllResults()
 6 APPPATH\Controllers\Chat.php(176): App\Models\MessageModel->getConversationCount('207c49c0f2fc6493', '5349b44df9bf8543')
 7 SYSTEMPATH\CodeIgniter.php(974): App\Controllers\Chat->getMessages('5349b44df9bf8543')
 8 SYSTEMPATH\CodeIgniter.php(520): CodeIgniter\CodeIgniter->runController(Object(App\Controllers\Chat))
 9 SYSTEMPATH\CodeIgniter.php(363): CodeIgniter\CodeIgniter->handleRequest(null, Object(Config\Cache), false)
10 SYSTEMPATH\Boot.php(417): CodeIgniter\CodeIgniter->run()
11 SYSTEMPATH\Boot.php(68): CodeIgniter\Boot::runCodeIgniter(Object(CodeIgniter\CodeIgniter))
12 FCPATH\index.php(59): CodeIgniter\Boot::bootWeb(Object(Config\Paths))
ERROR - 2026-08-29 18:05:15 --> You have an error in your SQL syntax; check the manual that corresponds to your MariaDB server version for the right syntax to use near '? AND `receiverId` = ?) OR (`senderId` = ? AND receiverId = ?)) :((senderId =...' at line 3
in SYSTEMPATH\Database\MySQLi\Connection.php on line 300.
 1 SYSTEMPATH\Database\MySQLi\Connection.php(300): mysqli->query('SELECT COUNT(*) AS `numrows`
FROM `messages`
WHERE ((senderId = ? AND `receiverId` = ?) OR (`senderId` = ? AND receiverId = ?)) :((senderId = ? AND `receiverId` = ?) OR (`senderId` = ? AND `receiverId` = ?)):', 0)
 2 SYSTEMPATH\Database\BaseConnection.php(908): CodeIgniter\Database\MySQLi\Connection->execute('SELECT COUNT(*) AS `numrows`
FROM `messages`
WHERE ((senderId = ? AND `receiverId` = ?) OR (`senderId` = ? AND receiverId = ?)) :((senderId = ? AND `receiverId` = ?) OR (`senderId` = ? AND `receiverId` = ?)):')
 3 SYSTEMPATH\Database\BaseConnection.php(825): CodeIgniter\Database\BaseConnection->simpleQuery('SELECT COUNT(*) AS `numrows`
FROM `messages`
WHERE ((senderId = ? AND `receiverId` = ?) OR (`senderId` = ? AND receiverId = ?)) :((senderId = ? AND `receiverId` = ?) OR (`senderId` = ? AND `receiverId` = ?)):')
 4 SYSTEMPATH\Database\BaseBuilder.php(1731): CodeIgniter\Database\BaseConnection->query('SELECT COUNT(*) AS `numrows`
FROM `messages`
WHERE ((senderId = ? AND `receiverId` = ?) OR (`senderId` = ? AND receiverId = ?)) :((senderId = ? AND `receiverId` = ?) OR (`senderId` = ? AND `receiverId` = ?)):', [...], false)
 5 APPPATH\Models\MessageModel.php(87): CodeIgniter\Database\BaseBuilder->countAllResults()
 6 APPPATH\Controllers\Chat.php(176): App\Models\MessageModel->getConversationCount('207c49c0f2fc6493', '5349b44df9bf8543')
 7 SYSTEMPATH\CodeIgniter.php(974): App\Controllers\Chat->getMessages('5349b44df9bf8543')
 8 SYSTEMPATH\CodeIgniter.php(520): CodeIgniter\CodeIgniter->runController(Object(App\Controllers\Chat))
 9 SYSTEMPATH\CodeIgniter.php(363): CodeIgniter\CodeIgniter->handleRequest(null, Object(Config\Cache), false)
10 SYSTEMPATH\Boot.php(417): CodeIgniter\CodeIgniter->run()
11 SYSTEMPATH\Boot.php(68): CodeIgniter\Boot::runCodeIgniter(Object(CodeIgniter\CodeIgniter))
12 FCPATH\index.php(59): CodeIgniter\Boot::bootWeb(Object(Config\Paths))
CRITICAL - 2026-08-29 18:05:15 --> CodeIgniter\Database\Exceptions\DatabaseException: You have an error in your SQL syntax; check the manual that corresponds to your MariaDB server version for the right syntax to use near '? AND `receiverId` = ?) OR (`senderId` = ? AND receiverId = ?)) :((senderId =...' at line 3
[Method: GET, Route: employee/chat/messages/5349b44df9bf8543]
in SYSTEMPATH\Database\BaseConnection.php on line 863.
 1 SYSTEMPATH\Database\BaseBuilder.php(1731): CodeIgniter\Database\BaseConnection->query('SELECT COUNT(*) AS `numrows`
FROM `messages`
WHERE ((senderId = ? AND `receiverId` = ?) OR (`senderId` = ? AND receiverId = ?)) :((senderId = ? AND `receiverId` = ?) OR (`senderId` = ? AND `receiverId` = ?)):', [...], false)
 2 APPPATH\Models\MessageModel.php(87): CodeIgniter\Database\BaseBuilder->countAllResults()
 3 APPPATH\Controllers\Chat.php(176): App\Models\MessageModel->getConversationCount('207c49c0f2fc6493', '5349b44df9bf8543')
 4 SYSTEMPATH\CodeIgniter.php(974): App\Controllers\Chat->getMessages('5349b44df9bf8543')
 5 SYSTEMPATH\CodeIgniter.php(520): CodeIgniter\CodeIgniter->runController(Object(App\Controllers\Chat))
 6 SYSTEMPATH\CodeIgniter.php(363): CodeIgniter\CodeIgniter->handleRequest(null, Object(Config\Cache), false)
 7 SYSTEMPATH\Boot.php(417): CodeIgniter\CodeIgniter->run()
 8 SYSTEMPATH\Boot.php(68): CodeIgniter\Boot::runCodeIgniter(Object(CodeIgniter\CodeIgniter))
 9 FCPATH\index.php(59): CodeIgniter\Boot::bootWeb(Object(Config\Paths))
CRITICAL - 2026-08-29 18:05:15 --> [Caused by] CodeIgniter\Database\Exceptions\DatabaseException: You have an error in your SQL syntax; check the manual that corresponds to your MariaDB server version for the right syntax to use near '? AND `receiverId` = ?) OR (`senderId` = ? AND receiverId = ?)) :((senderId =...' at line 3
in SYSTEMPATH\Database\MySQLi\Connection.php on line 310.
 1 SYSTEMPATH\Database\BaseConnection.php(908): CodeIgniter\Database\MySQLi\Connection->execute('SELECT COUNT(*) AS `numrows`
FROM `messages`
WHERE ((senderId = ? AND `receiverId` = ?) OR (`senderId` = ? AND receiverId = ?)) :((senderId = ? AND `receiverId` = ?) OR (`senderId` = ? AND `receiverId` = ?)):')
 2 SYSTEMPATH\Database\BaseConnection.php(825): CodeIgniter\Database\BaseConnection->simpleQuery('SELECT COUNT(*) AS `numrows`
FROM `messages`
WHERE ((senderId = ? AND `receiverId` = ?) OR (`senderId` = ? AND receiverId = ?)) :((senderId = ? AND `receiverId` = ?) OR (`senderId` = ? AND `receiverId` = ?)):')
 3 SYSTEMPATH\Database\BaseBuilder.php(1731): CodeIgniter\Database\BaseConnection->query('SELECT COUNT(*) AS `numrows`
FROM `messages`
WHERE ((senderId = ? AND `receiverId` = ?) OR (`senderId` = ? AND receiverId = ?)) :((senderId = ? AND `receiverId` = ?) OR (`senderId` = ? AND `receiverId` = ?)):', [...], false)
 4 APPPATH\Models\MessageModel.php(87): CodeIgniter\Database\BaseBuilder->countAllResults()
 5 APPPATH\Controllers\Chat.php(176): App\Models\MessageModel->getConversationCount('207c49c0f2fc6493', '5349b44df9bf8543')
 6 SYSTEMPATH\CodeIgniter.php(974): App\Controllers\Chat->getMessages('5349b44df9bf8543')
 7 SYSTEMPATH\CodeIgniter.php(520): CodeIgniter\CodeIgniter->runController(Object(App\Controllers\Chat))
 8 SYSTEMPATH\CodeIgniter.php(363): CodeIgniter\CodeIgniter->handleRequest(null, Object(Config\Cache), false)
 9 SYSTEMPATH\Boot.php(417): CodeIgniter\CodeIgniter->run()
10 SYSTEMPATH\Boot.php(68): CodeIgniter\Boot::runCodeIgniter(Object(CodeIgniter\CodeIgniter))
11 FCPATH\index.php(59): CodeIgniter\Boot::bootWeb(Object(Config\Paths))
CRITICAL - 2026-08-29 18:05:15 --> [Caused by] mysqli_sql_exception: You have an error in your SQL syntax; check the manual that corresponds to your MariaDB server version for the right syntax to use near '? AND `receiverId` = ?) OR (`senderId` = ? AND receiverId = ?)) :((senderId =...' at line 3
in SYSTEMPATH\Database\MySQLi\Connection.php on line 300.
 1 SYSTEMPATH\Database\MySQLi\Connection.php(300): mysqli->query('SELECT COUNT(*) AS `numrows`
FROM `messages`
WHERE ((senderId = ? AND `receiverId` = ?) OR (`senderId` = ? AND receiverId = ?)) :((senderId = ? AND `receiverId` = ?) OR (`senderId` = ? AND `receiverId` = ?)):', 0)
 2 SYSTEMPATH\Database\BaseConnection.php(908): CodeIgniter\Database\MySQLi\Connection->execute('SELECT COUNT(*) AS `numrows`
FROM `messages`
WHERE ((senderId = ? AND `receiverId` = ?) OR (`senderId` = ? AND receiverId = ?)) :((senderId = ? AND `receiverId` = ?) OR (`senderId` = ? AND `receiverId` = ?)):')
 3 SYSTEMPATH\Database\BaseConnection.php(825): CodeIgniter\Database\BaseConnection->simpleQuery('SELECT COUNT(*) AS `numrows`
FROM `messages`
WHERE ((senderId = ? AND `receiverId` = ?) OR (`senderId` = ? AND receiverId = ?)) :((senderId = ? AND `receiverId` = ?) OR (`senderId` = ? AND `receiverId` = ?)):')
 4 SYSTEMPATH\Database\BaseBuilder.php(1731): CodeIgniter\Database\BaseConnection->query('SELECT COUNT(*) AS `numrows`
FROM `messages`
WHERE ((senderId = ? AND `receiverId` = ?) OR (`senderId` = ? AND receiverId = ?)) :((senderId = ? AND `receiverId` = ?) OR (`senderId` = ? AND `receiverId` = ?)):', [...], false)
 5 APPPATH\Models\MessageModel.php(87): CodeIgniter\Database\BaseBuilder->countAllResults()
 6 APPPATH\Controllers\Chat.php(176): App\Models\MessageModel->getConversationCount('207c49c0f2fc6493', '5349b44df9bf8543')
 7 SYSTEMPATH\CodeIgniter.php(974): App\Controllers\Chat->getMessages('5349b44df9bf8543')
 8 SYSTEMPATH\CodeIgniter.php(520): CodeIgniter\CodeIgniter->runController(Object(App\Controllers\Chat))
 9 SYSTEMPATH\CodeIgniter.php(363): CodeIgniter\CodeIgniter->handleRequest(null, Object(Config\Cache), false)
10 SYSTEMPATH\Boot.php(417): CodeIgniter\CodeIgniter->run()
11 SYSTEMPATH\Boot.php(68): CodeIgniter\Boot::runCodeIgniter(Object(CodeIgniter\CodeIgniter))
12 FCPATH\index.php(59): CodeIgniter\Boot::bootWeb(Object(Config\Paths))
ERROR - 2026-08-29 18:05:18 --> You have an error in your SQL syntax; check the manual that corresponds to your MariaDB server version for the right syntax to use near '? AND `receiverId` = ?) OR (`senderId` = ? AND receiverId = ?)) :((senderId =...' at line 3
in SYSTEMPATH\Database\MySQLi\Connection.php on line 300.
 1 SYSTEMPATH\Database\MySQLi\Connection.php(300): mysqli->query('SELECT COUNT(*) AS `numrows`
FROM `messages`
WHERE ((senderId = ? AND `receiverId` = ?) OR (`senderId` = ? AND receiverId = ?)) :((senderId = ? AND `receiverId` = ?) OR (`senderId` = ? AND `receiverId` = ?)):', 0)
 2 SYSTEMPATH\Database\BaseConnection.php(908): CodeIgniter\Database\MySQLi\Connection->execute('SELECT COUNT(*) AS `numrows`
FROM `messages`
WHERE ((senderId = ? AND `receiverId` = ?) OR (`senderId` = ? AND receiverId = ?)) :((senderId = ? AND `receiverId` = ?) OR (`senderId` = ? AND `receiverId` = ?)):')
 3 SYSTEMPATH\Database\BaseConnection.php(825): CodeIgniter\Database\BaseConnection->simpleQuery('SELECT COUNT(*) AS `numrows`
FROM `messages`
WHERE ((senderId = ? AND `receiverId` = ?) OR (`senderId` = ? AND receiverId = ?)) :((senderId = ? AND `receiverId` = ?) OR (`senderId` = ? AND `receiverId` = ?)):')
 4 SYSTEMPATH\Database\BaseBuilder.php(1731): CodeIgniter\Database\BaseConnection->query('SELECT COUNT(*) AS `numrows`
FROM `messages`
WHERE ((senderId = ? AND `receiverId` = ?) OR (`senderId` = ? AND receiverId = ?)) :((senderId = ? AND `receiverId` = ?) OR (`senderId` = ? AND `receiverId` = ?)):', [...], false)
 5 APPPATH\Models\MessageModel.php(87): CodeIgniter\Database\BaseBuilder->countAllResults()
 6 APPPATH\Controllers\Chat.php(176): App\Models\MessageModel->getConversationCount('207c49c0f2fc6493', '5349b44df9bf8543')
 7 SYSTEMPATH\CodeIgniter.php(974): App\Controllers\Chat->getMessages('5349b44df9bf8543')
 8 SYSTEMPATH\CodeIgniter.php(520): CodeIgniter\CodeIgniter->runController(Object(App\Controllers\Chat))
 9 SYSTEMPATH\CodeIgniter.php(363): CodeIgniter\CodeIgniter->handleRequest(null, Object(Config\Cache), false)
10 SYSTEMPATH\Boot.php(417): CodeIgniter\CodeIgniter->run()
11 SYSTEMPATH\Boot.php(68): CodeIgniter\Boot::runCodeIgniter(Object(CodeIgniter\CodeIgniter))
12 FCPATH\index.php(59): CodeIgniter\Boot::bootWeb(Object(Config\Paths))
CRITICAL - 2026-08-29 18:05:18 --> CodeIgniter\Database\Exceptions\DatabaseException: You have an error in your SQL syntax; check the manual that corresponds to your MariaDB server version for the right syntax to use near '? AND `receiverId` = ?) OR (`senderId` = ? AND receiverId = ?)) :((senderId =...' at line 3
[Method: GET, Route: employee/chat/messages/5349b44df9bf8543]
in SYSTEMPATH\Database\BaseConnection.php on line 863.
 1 SYSTEMPATH\Database\BaseBuilder.php(1731): CodeIgniter\Database\BaseConnection->query('SELECT COUNT(*) AS `numrows`
FROM `messages`
WHERE ((senderId = ? AND `receiverId` = ?) OR (`senderId` = ? AND receiverId = ?)) :((senderId = ? AND `receiverId` = ?) OR (`senderId` = ? AND `receiverId` = ?)):', [...], false)
 2 APPPATH\Models\MessageModel.php(87): CodeIgniter\Database\BaseBuilder->countAllResults()
 3 APPPATH\Controllers\Chat.php(176): App\Models\MessageModel->getConversationCount('207c49c0f2fc6493', '5349b44df9bf8543')
 4 SYSTEMPATH\CodeIgniter.php(974): App\Controllers\Chat->getMessages('5349b44df9bf8543')
 5 SYSTEMPATH\CodeIgniter.php(520): CodeIgniter\CodeIgniter->runController(Object(App\Controllers\Chat))
 6 SYSTEMPATH\CodeIgniter.php(363): CodeIgniter\CodeIgniter->handleRequest(null, Object(Config\Cache), false)
 7 SYSTEMPATH\Boot.php(417): CodeIgniter\CodeIgniter->run()
 8 SYSTEMPATH\Boot.php(68): CodeIgniter\Boot::runCodeIgniter(Object(CodeIgniter\CodeIgniter))
 9 FCPATH\index.php(59): CodeIgniter\Boot::bootWeb(Object(Config\Paths))
CRITICAL - 2026-08-29 18:05:18 --> [Caused by] CodeIgniter\Database\Exceptions\DatabaseException: You have an error in your SQL syntax; check the manual that corresponds to your MariaDB server version for the right syntax to use near '? AND `receiverId` = ?) OR (`senderId` = ? AND receiverId = ?)) :((senderId =...' at line 3
in SYSTEMPATH\Database\MySQLi\Connection.php on line 310.
 1 SYSTEMPATH\Database\BaseConnection.php(908): CodeIgniter\Database\MySQLi\Connection->execute('SELECT COUNT(*) AS `numrows`
FROM `messages`
WHERE ((senderId = ? AND `receiverId` = ?) OR (`senderId` = ? AND receiverId = ?)) :((senderId = ? AND `receiverId` = ?) OR (`senderId` = ? AND `receiverId` = ?)):')
 2 SYSTEMPATH\Database\BaseConnection.php(825): CodeIgniter\Database\BaseConnection->simpleQuery('SELECT COUNT(*) AS `numrows`
FROM `messages`
WHERE ((senderId = ? AND `receiverId` = ?) OR (`senderId` = ? AND receiverId = ?)) :((senderId = ? AND `receiverId` = ?) OR (`senderId` = ? AND `receiverId` = ?)):')
 3 SYSTEMPATH\Database\BaseBuilder.php(1731): CodeIgniter\Database\BaseConnection->query('SELECT COUNT(*) AS `numrows`
FROM `messages`
WHERE ((senderId = ? AND `receiverId` = ?) OR (`senderId` = ? AND receiverId = ?)) :((senderId = ? AND `receiverId` = ?) OR (`senderId` = ? AND `receiverId` = ?)):', [...], false)
 4 APPPATH\Models\MessageModel.php(87): CodeIgniter\Database\BaseBuilder->countAllResults()
 5 APPPATH\Controllers\Chat.php(176): App\Models\MessageModel->getConversationCount('207c49c0f2fc6493', '5349b44df9bf8543')
 6 SYSTEMPATH\CodeIgniter.php(974): App\Controllers\Chat->getMessages('5349b44df9bf8543')
 7 SYSTEMPATH\CodeIgniter.php(520): CodeIgniter\CodeIgniter->runController(Object(App\Controllers\Chat))
 8 SYSTEMPATH\CodeIgniter.php(363): CodeIgniter\CodeIgniter->handleRequest(null, Object(Config\Cache), false)
 9 SYSTEMPATH\Boot.php(417): CodeIgniter\CodeIgniter->run()
10 SYSTEMPATH\Boot.php(68): CodeIgniter\Boot::runCodeIgniter(Object(CodeIgniter\CodeIgniter))
11 FCPATH\index.php(59): CodeIgniter\Boot::bootWeb(Object(Config\Paths))
CRITICAL - 2026-08-29 18:05:18 --> [Caused by] mysqli_sql_exception: You have an error in your SQL syntax; check the manual that corresponds to your MariaDB server version for the right syntax to use near '? AND `receiverId` = ?) OR (`senderId` = ? AND receiverId = ?)) :((senderId =...' at line 3
in SYSTEMPATH\Database\MySQLi\Connection.php on line 300.
 1 SYSTEMPATH\Database\MySQLi\Connection.php(300): mysqli->query('SELECT COUNT(*) AS `numrows`
FROM `messages`
WHERE ((senderId = ? AND `receiverId` = ?) OR (`senderId` = ? AND receiverId = ?)) :((senderId = ? AND `receiverId` = ?) OR (`senderId` = ? AND `receiverId` = ?)):', 0)
 2 SYSTEMPATH\Database\BaseConnection.php(908): CodeIgniter\Database\MySQLi\Connection->execute('SELECT COUNT(*) AS `numrows`
FROM `messages`
WHERE ((senderId = ? AND `receiverId` = ?) OR (`senderId` = ? AND receiverId = ?)) :((senderId = ? AND `receiverId` = ?) OR (`senderId` = ? AND `receiverId` = ?)):')
 3 SYSTEMPATH\Database\BaseConnection.php(825): CodeIgniter\Database\BaseConnection->simpleQuery('SELECT COUNT(*) AS `numrows`
FROM `messages`
WHERE ((senderId = ? AND `receiverId` = ?) OR (`senderId` = ? AND receiverId = ?)) :((senderId = ? AND `receiverId` = ?) OR (`senderId` = ? AND `receiverId` = ?)):')
 4 SYSTEMPATH\Database\BaseBuilder.php(1731): CodeIgniter\Database\BaseConnection->query('SELECT COUNT(*) AS `numrows`
FROM `messages`
WHERE ((senderId = ? AND `receiverId` = ?) OR (`senderId` = ? AND receiverId = ?)) :((senderId = ? AND `receiverId` = ?) OR (`senderId` = ? AND `receiverId` = ?)):', [...], false)
 5 APPPATH\Models\MessageModel.php(87): CodeIgniter\Database\BaseBuilder->countAllResults()
 6 APPPATH\Controllers\Chat.php(176): App\Models\MessageModel->getConversationCount('207c49c0f2fc6493', '5349b44df9bf8543')
 7 SYSTEMPATH\CodeIgniter.php(974): App\Controllers\Chat->getMessages('5349b44df9bf8543')
 8 SYSTEMPATH\CodeIgniter.php(520): CodeIgniter\CodeIgniter->runController(Object(App\Controllers\Chat))
 9 SYSTEMPATH\CodeIgniter.php(363): CodeIgniter\CodeIgniter->handleRequest(null, Object(Config\Cache), false)
10 SYSTEMPATH\Boot.php(417): CodeIgniter\CodeIgniter->run()
11 SYSTEMPATH\Boot.php(68): CodeIgniter\Boot::runCodeIgniter(Object(CodeIgniter\CodeIgniter))
12 FCPATH\index.php(59): CodeIgniter\Boot::bootWeb(Object(Config\Paths))
ERROR - 2026-08-29 18:05:21 --> You have an error in your SQL syntax; check the manual that corresponds to your MariaDB server version for the right syntax to use near '? AND `receiverId` = ?) OR (`senderId` = ? AND receiverId = ?)) :((senderId =...' at line 3
in SYSTEMPATH\Database\MySQLi\Connection.php on line 300.
 1 SYSTEMPATH\Database\MySQLi\Connection.php(300): mysqli->query('SELECT COUNT(*) AS `numrows`
FROM `messages`
WHERE ((senderId = ? AND `receiverId` = ?) OR (`senderId` = ? AND receiverId = ?)) :((senderId = ? AND `receiverId` = ?) OR (`senderId` = ? AND `receiverId` = ?)):', 0)
 2 SYSTEMPATH\Database\BaseConnection.php(908): CodeIgniter\Database\MySQLi\Connection->execute('SELECT COUNT(*) AS `numrows`
FROM `messages`
WHERE ((senderId = ? AND `receiverId` = ?) OR (`senderId` = ? AND receiverId = ?)) :((senderId = ? AND `receiverId` = ?) OR (`senderId` = ? AND `receiverId` = ?)):')
 3 SYSTEMPATH\Database\BaseConnection.php(825): CodeIgniter\Database\BaseConnection->simpleQuery('SELECT COUNT(*) AS `numrows`
FROM `messages`
WHERE ((senderId = ? AND `receiverId` = ?) OR (`senderId` = ? AND receiverId = ?)) :((senderId = ? AND `receiverId` = ?) OR (`senderId` = ? AND `receiverId` = ?)):')
 4 SYSTEMPATH\Database\BaseBuilder.php(1731): CodeIgniter\Database\BaseConnection->query('SELECT COUNT(*) AS `numrows`
FROM `messages`
WHERE ((senderId = ? AND `receiverId` = ?) OR (`senderId` = ? AND receiverId = ?)) :((senderId = ? AND `receiverId` = ?) OR (`senderId` = ? AND `receiverId` = ?)):', [...], false)
 5 APPPATH\Models\MessageModel.php(87): CodeIgniter\Database\BaseBuilder->countAllResults()
 6 APPPATH\Controllers\Chat.php(176): App\Models\MessageModel->getConversationCount('207c49c0f2fc6493', '5349b44df9bf8543')
 7 SYSTEMPATH\CodeIgniter.php(974): App\Controllers\Chat->getMessages('5349b44df9bf8543')
 8 SYSTEMPATH\CodeIgniter.php(520): CodeIgniter\CodeIgniter->runController(Object(App\Controllers\Chat))
 9 SYSTEMPATH\CodeIgniter.php(363): CodeIgniter\CodeIgniter->handleRequest(null, Object(Config\Cache), false)
10 SYSTEMPATH\Boot.php(417): CodeIgniter\CodeIgniter->run()
11 SYSTEMPATH\Boot.php(68): CodeIgniter\Boot::runCodeIgniter(Object(CodeIgniter\CodeIgniter))
12 FCPATH\index.php(59): CodeIgniter\Boot::bootWeb(Object(Config\Paths))
CRITICAL - 2026-08-29 18:05:21 --> CodeIgniter\Database\Exceptions\DatabaseException: You have an error in your SQL syntax; check the manual that corresponds to your MariaDB server version for the right syntax to use near '? AND `receiverId` = ?) OR (`senderId` = ? AND receiverId = ?)) :((senderId =...' at line 3
[Method: GET, Route: employee/chat/messages/5349b44df9bf8543]
in SYSTEMPATH\Database\BaseConnection.php on line 863.
 1 SYSTEMPATH\Database\BaseBuilder.php(1731): CodeIgniter\Database\BaseConnection->query('SELECT COUNT(*) AS `numrows`
FROM `messages`
WHERE ((senderId = ? AND `receiverId` = ?) OR (`senderId` = ? AND receiverId = ?)) :((senderId = ? AND `receiverId` = ?) OR (`senderId` = ? AND `receiverId` = ?)):', [...], false)
 2 APPPATH\Models\MessageModel.php(87): CodeIgniter\Database\BaseBuilder->countAllResults()
 3 APPPATH\Controllers\Chat.php(176): App\Models\MessageModel->getConversationCount('207c49c0f2fc6493', '5349b44df9bf8543')
 4 SYSTEMPATH\CodeIgniter.php(974): App\Controllers\Chat->getMessages('5349b44df9bf8543')
 5 SYSTEMPATH\CodeIgniter.php(520): CodeIgniter\CodeIgniter->runController(Object(App\Controllers\Chat))
 6 SYSTEMPATH\CodeIgniter.php(363): CodeIgniter\CodeIgniter->handleRequest(null, Object(Config\Cache), false)
 7 SYSTEMPATH\Boot.php(417): CodeIgniter\CodeIgniter->run()
 8 SYSTEMPATH\Boot.php(68): CodeIgniter\Boot::runCodeIgniter(Object(CodeIgniter\CodeIgniter))
 9 FCPATH\index.php(59): CodeIgniter\Boot::bootWeb(Object(Config\Paths))
CRITICAL - 2026-08-29 18:05:21 --> [Caused by] CodeIgniter\Database\Exceptions\DatabaseException: You have an error in your SQL syntax; check the manual that corresponds to your MariaDB server version for the right syntax to use near '? AND `receiverId` = ?) OR (`senderId` = ? AND receiverId = ?)) :((senderId =...' at line 3
in SYSTEMPATH\Database\MySQLi\Connection.php on line 310.
 1 SYSTEMPATH\Database\BaseConnection.php(908): CodeIgniter\Database\MySQLi\Connection->execute('SELECT COUNT(*) AS `numrows`
FROM `messages`
WHERE ((senderId = ? AND `receiverId` = ?) OR (`senderId` = ? AND receiverId = ?)) :((senderId = ? AND `receiverId` = ?) OR (`senderId` = ? AND `receiverId` = ?)):')
 2 SYSTEMPATH\Database\BaseConnection.php(825): CodeIgniter\Database\BaseConnection->simpleQuery('SELECT COUNT(*) AS `numrows`
FROM `messages`
WHERE ((senderId = ? AND `receiverId` = ?) OR (`senderId` = ? AND receiverId = ?)) :((senderId = ? AND `receiverId` = ?) OR (`senderId` = ? AND `receiverId` = ?)):')
 3 SYSTEMPATH\Database\BaseBuilder.php(1731): CodeIgniter\Database\BaseConnection->query('SELECT COUNT(*) AS `numrows`
FROM `messages`
WHERE ((senderId = ? AND `receiverId` = ?) OR (`senderId` = ? AND receiverId = ?)) :((senderId = ? AND `receiverId` = ?) OR (`senderId` = ? AND `receiverId` = ?)):', [...], false)
 4 APPPATH\Models\MessageModel.php(87): CodeIgniter\Database\BaseBuilder->countAllResults()
 5 APPPATH\Controllers\Chat.php(176): App\Models\MessageModel->getConversationCount('207c49c0f2fc6493', '5349b44df9bf8543')
 6 SYSTEMPATH\CodeIgniter.php(974): App\Controllers\Chat->getMessages('5349b44df9bf8543')
 7 SYSTEMPATH\CodeIgniter.php(520): CodeIgniter\CodeIgniter->runController(Object(App\Controllers\Chat))
 8 SYSTEMPATH\CodeIgniter.php(363): CodeIgniter\CodeIgniter->handleRequest(null, Object(Config\Cache), false)
 9 SYSTEMPATH\Boot.php(417): CodeIgniter\CodeIgniter->run()
10 SYSTEMPATH\Boot.php(68): CodeIgniter\Boot::runCodeIgniter(Object(CodeIgniter\CodeIgniter))
11 FCPATH\index.php(59): CodeIgniter\Boot::bootWeb(Object(Config\Paths))
CRITICAL - 2026-08-29 18:05:21 --> [Caused by] mysqli_sql_exception: You have an error in your SQL syntax; check the manual that corresponds to your MariaDB server version for the right syntax to use near '? AND `receiverId` = ?) OR (`senderId` = ? AND receiverId = ?)) :((senderId =...' at line 3
in SYSTEMPATH\Database\MySQLi\Connection.php on line 300.
 1 SYSTEMPATH\Database\MySQLi\Connection.php(300): mysqli->query('SELECT COUNT(*) AS `numrows`
FROM `messages`
WHERE ((senderId = ? AND `receiverId` = ?) OR (`senderId` = ? AND receiverId = ?)) :((senderId = ? AND `receiverId` = ?) OR (`senderId` = ? AND `receiverId` = ?)):', 0)
 2 SYSTEMPATH\Database\BaseConnection.php(908): CodeIgniter\Database\MySQLi\Connection->execute('SELECT COUNT(*) AS `numrows`
FROM `messages`
WHERE ((senderId = ? AND `receiverId` = ?) OR (`senderId` = ? AND receiverId = ?)) :((senderId = ? AND `receiverId` = ?) OR (`senderId` = ? AND `receiverId` = ?)):')
 3 SYSTEMPATH\Database\BaseConnection.php(825): CodeIgniter\Database\BaseConnection->simpleQuery('SELECT COUNT(*) AS `numrows`
FROM `messages`
WHERE ((senderId = ? AND `receiverId` = ?) OR (`senderId` = ? AND receiverId = ?)) :((senderId = ? AND `receiverId` = ?) OR (`senderId` = ? AND `receiverId` = ?)):')
 4 SYSTEMPATH\Database\BaseBuilder.php(1731): CodeIgniter\Database\BaseConnection->query('SELECT COUNT(*) AS `numrows`
FROM `messages`
WHERE ((senderId = ? AND `receiverId` = ?) OR (`senderId` = ? AND receiverId = ?)) :((senderId = ? AND `receiverId` = ?) OR (`senderId` = ? AND `receiverId` = ?)):', [...], false)
 5 APPPATH\Models\MessageModel.php(87): CodeIgniter\Database\BaseBuilder->countAllResults()
 6 APPPATH\Controllers\Chat.php(176): App\Models\MessageModel->getConversationCount('207c49c0f2fc6493', '5349b44df9bf8543')
 7 SYSTEMPATH\CodeIgniter.php(974): App\Controllers\Chat->getMessages('5349b44df9bf8543')
 8 SYSTEMPATH\CodeIgniter.php(520): CodeIgniter\CodeIgniter->runController(Object(App\Controllers\Chat))
 9 SYSTEMPATH\CodeIgniter.php(363): CodeIgniter\CodeIgniter->handleRequest(null, Object(Config\Cache), false)
10 SYSTEMPATH\Boot.php(417): CodeIgniter\CodeIgniter->run()
11 SYSTEMPATH\Boot.php(68): CodeIgniter\Boot::runCodeIgniter(Object(CodeIgniter\CodeIgniter))
12 FCPATH\index.php(59): CodeIgniter\Boot::bootWeb(Object(Config\Paths))
ERROR - 2026-08-29 18:05:25 --> You have an error in your SQL syntax; check the manual that corresponds to your MariaDB server version for the right syntax to use near '? AND `receiverId` = ?) OR (`senderId` = ? AND receiverId = ?)) :((senderId =...' at line 3
in SYSTEMPATH\Database\MySQLi\Connection.php on line 300.
 1 SYSTEMPATH\Database\MySQLi\Connection.php(300): mysqli->query('SELECT COUNT(*) AS `numrows`
FROM `messages`
WHERE ((senderId = ? AND `receiverId` = ?) OR (`senderId` = ? AND receiverId = ?)) :((senderId = ? AND `receiverId` = ?) OR (`senderId` = ? AND `receiverId` = ?)):', 0)
 2 SYSTEMPATH\Database\BaseConnection.php(908): CodeIgniter\Database\MySQLi\Connection->execute('SELECT COUNT(*) AS `numrows`
FROM `messages`
WHERE ((senderId = ? AND `receiverId` = ?) OR (`senderId` = ? AND receiverId = ?)) :((senderId = ? AND `receiverId` = ?) OR (`senderId` = ? AND `receiverId` = ?)):')
 3 SYSTEMPATH\Database\BaseConnection.php(825): CodeIgniter\Database\BaseConnection->simpleQuery('SELECT COUNT(*) AS `numrows`
FROM `messages`
WHERE ((senderId = ? AND `receiverId` = ?) OR (`senderId` = ? AND receiverId = ?)) :((senderId = ? AND `receiverId` = ?) OR (`senderId` = ? AND `receiverId` = ?)):')
 4 SYSTEMPATH\Database\BaseBuilder.php(1731): CodeIgniter\Database\BaseConnection->query('SELECT COUNT(*) AS `numrows`
FROM `messages`
WHERE ((senderId = ? AND `receiverId` = ?) OR (`senderId` = ? AND receiverId = ?)) :((senderId = ? AND `receiverId` = ?) OR (`senderId` = ? AND `receiverId` = ?)):', [...], false)
 5 APPPATH\Models\MessageModel.php(87): CodeIgniter\Database\BaseBuilder->countAllResults()
 6 APPPATH\Controllers\Chat.php(176): App\Models\MessageModel->getConversationCount('207c49c0f2fc6493', '5349b44df9bf8543')
 7 SYSTEMPATH\CodeIgniter.php(974): App\Controllers\Chat->getMessages('5349b44df9bf8543')
 8 SYSTEMPATH\CodeIgniter.php(520): CodeIgniter\CodeIgniter->runController(Object(App\Controllers\Chat))
 9 SYSTEMPATH\CodeIgniter.php(363): CodeIgniter\CodeIgniter->handleRequest(null, Object(Config\Cache), false)
10 SYSTEMPATH\Boot.php(417): CodeIgniter\CodeIgniter->run()
11 SYSTEMPATH\Boot.php(68): CodeIgniter\Boot::runCodeIgniter(Object(CodeIgniter\CodeIgniter))
12 FCPATH\index.php(59): CodeIgniter\Boot::bootWeb(Object(Config\Paths))
CRITICAL - 2026-08-29 18:05:25 --> CodeIgniter\Database\Exceptions\DatabaseException: You have an error in your SQL syntax; check the manual that corresponds to your MariaDB server version for the right syntax to use near '? AND `receiverId` = ?) OR (`senderId` = ? AND receiverId = ?)) :((senderId =...' at line 3
[Method: GET, Route: employee/chat/messages/5349b44df9bf8543]
in SYSTEMPATH\Database\BaseConnection.php on line 863.
 1 SYSTEMPATH\Database\BaseBuilder.php(1731): CodeIgniter\Database\BaseConnection->query('SELECT COUNT(*) AS `numrows`
FROM `messages`
WHERE ((senderId = ? AND `receiverId` = ?) OR (`senderId` = ? AND receiverId = ?)) :((senderId = ? AND `receiverId` = ?) OR (`senderId` = ? AND `receiverId` = ?)):', [...], false)
 2 APPPATH\Models\MessageModel.php(87): CodeIgniter\Database\BaseBuilder->countAllResults()
 3 APPPATH\Controllers\Chat.php(176): App\Models\MessageModel->getConversationCount('207c49c0f2fc6493', '5349b44df9bf8543')
 4 SYSTEMPATH\CodeIgniter.php(974): App\Controllers\Chat->getMessages('5349b44df9bf8543')
 5 SYSTEMPATH\CodeIgniter.php(520): CodeIgniter\CodeIgniter->runController(Object(App\Controllers\Chat))
 6 SYSTEMPATH\CodeIgniter.php(363): CodeIgniter\CodeIgniter->handleRequest(null, Object(Config\Cache), false)
 7 SYSTEMPATH\Boot.php(417): CodeIgniter\CodeIgniter->run()
 8 SYSTEMPATH\Boot.php(68): CodeIgniter\Boot::runCodeIgniter(Object(CodeIgniter\CodeIgniter))
 9 FCPATH\index.php(59): CodeIgniter\Boot::bootWeb(Object(Config\Paths))
CRITICAL - 2026-08-29 18:05:25 --> [Caused by] CodeIgniter\Database\Exceptions\DatabaseException: You have an error in your SQL syntax; check the manual that corresponds to your MariaDB server version for the right syntax to use near '? AND `receiverId` = ?) OR (`senderId` = ? AND receiverId = ?)) :((senderId =...' at line 3
in SYSTEMPATH\Database\MySQLi\Connection.php on line 310.
 1 SYSTEMPATH\Database\BaseConnection.php(908): CodeIgniter\Database\MySQLi\Connection->execute('SELECT COUNT(*) AS `numrows`
FROM `messages`
WHERE ((senderId = ? AND `receiverId` = ?) OR (`senderId` = ? AND receiverId = ?)) :((senderId = ? AND `receiverId` = ?) OR (`senderId` = ? AND `receiverId` = ?)):')
 2 SYSTEMPATH\Database\BaseConnection.php(825): CodeIgniter\Database\BaseConnection->simpleQuery('SELECT COUNT(*) AS `numrows`
FROM `messages`
WHERE ((senderId = ? AND `receiverId` = ?) OR (`senderId` = ? AND receiverId = ?)) :((senderId = ? AND `receiverId` = ?) OR (`senderId` = ? AND `receiverId` = ?)):')
 3 SYSTEMPATH\Database\BaseBuilder.php(1731): CodeIgniter\Database\BaseConnection->query('SELECT COUNT(*) AS `numrows`
FROM `messages`
WHERE ((senderId = ? AND `receiverId` = ?) OR (`senderId` = ? AND receiverId = ?)) :((senderId = ? AND `receiverId` = ?) OR (`senderId` = ? AND `receiverId` = ?)):', [...], false)
 4 APPPATH\Models\MessageModel.php(87): CodeIgniter\Database\BaseBuilder->countAllResults()
 5 APPPATH\Controllers\Chat.php(176): App\Models\MessageModel->getConversationCount('207c49c0f2fc6493', '5349b44df9bf8543')
 6 SYSTEMPATH\CodeIgniter.php(974): App\Controllers\Chat->getMessages('5349b44df9bf8543')
 7 SYSTEMPATH\CodeIgniter.php(520): CodeIgniter\CodeIgniter->runController(Object(App\Controllers\Chat))
 8 SYSTEMPATH\CodeIgniter.php(363): CodeIgniter\CodeIgniter->handleRequest(null, Object(Config\Cache), false)
 9 SYSTEMPATH\Boot.php(417): CodeIgniter\CodeIgniter->run()
10 SYSTEMPATH\Boot.php(68): CodeIgniter\Boot::runCodeIgniter(Object(CodeIgniter\CodeIgniter))
11 FCPATH\index.php(59): CodeIgniter\Boot::bootWeb(Object(Config\Paths))
CRITICAL - 2026-08-29 18:05:25 --> [Caused by] mysqli_sql_exception: You have an error in your SQL syntax; check the manual that corresponds to your MariaDB server version for the right syntax to use near '? AND `receiverId` = ?) OR (`senderId` = ? AND receiverId = ?)) :((senderId =...' at line 3
in SYSTEMPATH\Database\MySQLi\Connection.php on line 300.
 1 SYSTEMPATH\Database\MySQLi\Connection.php(300): mysqli->query('SELECT COUNT(*) AS `numrows`
FROM `messages`
WHERE ((senderId = ? AND `receiverId` = ?) OR (`senderId` = ? AND receiverId = ?)) :((senderId = ? AND `receiverId` = ?) OR (`senderId` = ? AND `receiverId` = ?)):', 0)
 2 SYSTEMPATH\Database\BaseConnection.php(908): CodeIgniter\Database\MySQLi\Connection->execute('SELECT COUNT(*) AS `numrows`
FROM `messages`
WHERE ((senderId = ? AND `receiverId` = ?) OR (`senderId` = ? AND receiverId = ?)) :((senderId = ? AND `receiverId` = ?) OR (`senderId` = ? AND `receiverId` = ?)):')
 3 SYSTEMPATH\Database\BaseConnection.php(825): CodeIgniter\Database\BaseConnection->simpleQuery('SELECT COUNT(*) AS `numrows`
FROM `messages`
WHERE ((senderId = ? AND `receiverId` = ?) OR (`senderId` = ? AND receiverId = ?)) :((senderId = ? AND `receiverId` = ?) OR (`senderId` = ? AND `receiverId` = ?)):')
 4 SYSTEMPATH\Database\BaseBuilder.php(1731): CodeIgniter\Database\BaseConnection->query('SELECT COUNT(*) AS `numrows`
FROM `messages`
WHERE ((senderId = ? AND `receiverId` = ?) OR (`senderId` = ? AND receiverId = ?)) :((senderId = ? AND `receiverId` = ?) OR (`senderId` = ? AND `receiverId` = ?)):', [...], false)
 5 APPPATH\Models\MessageModel.php(87): CodeIgniter\Database\BaseBuilder->countAllResults()
 6 APPPATH\Controllers\Chat.php(176): App\Models\MessageModel->getConversationCount('207c49c0f2fc6493', '5349b44df9bf8543')
 7 SYSTEMPATH\CodeIgniter.php(974): App\Controllers\Chat->getMessages('5349b44df9bf8543')
 8 SYSTEMPATH\CodeIgniter.php(520): CodeIgniter\CodeIgniter->runController(Object(App\Controllers\Chat))
 9 SYSTEMPATH\CodeIgniter.php(363): CodeIgniter\CodeIgniter->handleRequest(null, Object(Config\Cache), false)
10 SYSTEMPATH\Boot.php(417): CodeIgniter\CodeIgniter->run()
11 SYSTEMPATH\Boot.php(68): CodeIgniter\Boot::runCodeIgniter(Object(CodeIgniter\CodeIgniter))
12 FCPATH\index.php(59): CodeIgniter\Boot::bootWeb(Object(Config\Paths))
ERROR - 2026-08-29 18:05:28 --> You have an error in your SQL syntax; check the manual that corresponds to your MariaDB server version for the right syntax to use near '? AND `receiverId` = ?) OR (`senderId` = ? AND receiverId = ?)) :((senderId =...' at line 3
in SYSTEMPATH\Database\MySQLi\Connection.php on line 300.
 1 SYSTEMPATH\Database\MySQLi\Connection.php(300): mysqli->query('SELECT COUNT(*) AS `numrows`
FROM `messages`
WHERE ((senderId = ? AND `receiverId` = ?) OR (`senderId` = ? AND receiverId = ?)) :((senderId = ? AND `receiverId` = ?) OR (`senderId` = ? AND `receiverId` = ?)):', 0)
 2 SYSTEMPATH\Database\BaseConnection.php(908): CodeIgniter\Database\MySQLi\Connection->execute('SELECT COUNT(*) AS `numrows`
FROM `messages`
WHERE ((senderId = ? AND `receiverId` = ?) OR (`senderId` = ? AND receiverId = ?)) :((senderId = ? AND `receiverId` = ?) OR (`senderId` = ? AND `receiverId` = ?)):')
 3 SYSTEMPATH\Database\BaseConnection.php(825): CodeIgniter\Database\BaseConnection->simpleQuery('SELECT COUNT(*) AS `numrows`
FROM `messages`
WHERE ((senderId = ? AND `receiverId` = ?) OR (`senderId` = ? AND receiverId = ?)) :((senderId = ? AND `receiverId` = ?) OR (`senderId` = ? AND `receiverId` = ?)):')
 4 SYSTEMPATH\Database\BaseBuilder.php(1731): CodeIgniter\Database\BaseConnection->query('SELECT COUNT(*) AS `numrows`
FROM `messages`
WHERE ((senderId = ? AND `receiverId` = ?) OR (`senderId` = ? AND receiverId = ?)) :((senderId = ? AND `receiverId` = ?) OR (`senderId` = ? AND `receiverId` = ?)):', [...], false)
 5 APPPATH\Models\MessageModel.php(87): CodeIgniter\Database\BaseBuilder->countAllResults()
 6 APPPATH\Controllers\Chat.php(176): App\Models\MessageModel->getConversationCount('207c49c0f2fc6493', '5349b44df9bf8543')
 7 SYSTEMPATH\CodeIgniter.php(974): App\Controllers\Chat->getMessages('5349b44df9bf8543')
 8 SYSTEMPATH\CodeIgniter.php(520): CodeIgniter\CodeIgniter->runController(Object(App\Controllers\Chat))
 9 SYSTEMPATH\CodeIgniter.php(363): CodeIgniter\CodeIgniter->handleRequest(null, Object(Config\Cache), false)
10 SYSTEMPATH\Boot.php(417): CodeIgniter\CodeIgniter->run()
11 SYSTEMPATH\Boot.php(68): CodeIgniter\Boot::runCodeIgniter(Object(CodeIgniter\CodeIgniter))
12 FCPATH\index.php(59): CodeIgniter\Boot::bootWeb(Object(Config\Paths))
CRITICAL - 2026-08-29 18:05:28 --> CodeIgniter\Database\Exceptions\DatabaseException: You have an error in your SQL syntax; check the manual that corresponds to your MariaDB server version for the right syntax to use near '? AND `receiverId` = ?) OR (`senderId` = ? AND receiverId = ?)) :((senderId =...' at line 3
[Method: GET, Route: employee/chat/messages/5349b44df9bf8543]
in SYSTEMPATH\Database\BaseConnection.php on line 863.
 1 SYSTEMPATH\Database\BaseBuilder.php(1731): CodeIgniter\Database\BaseConnection->query('SELECT COUNT(*) AS `numrows`
FROM `messages`
WHERE ((senderId = ? AND `receiverId` = ?) OR (`senderId` = ? AND receiverId = ?)) :((senderId = ? AND `receiverId` = ?) OR (`senderId` = ? AND `receiverId` = ?)):', [...], false)
 2 APPPATH\Models\MessageModel.php(87): CodeIgniter\Database\BaseBuilder->countAllResults()
 3 APPPATH\Controllers\Chat.php(176): App\Models\MessageModel->getConversationCount('207c49c0f2fc6493', '5349b44df9bf8543')
 4 SYSTEMPATH\CodeIgniter.php(974): App\Controllers\Chat->getMessages('5349b44df9bf8543')
 5 SYSTEMPATH\CodeIgniter.php(520): CodeIgniter\CodeIgniter->runController(Object(App\Controllers\Chat))
 6 SYSTEMPATH\CodeIgniter.php(363): CodeIgniter\CodeIgniter->handleRequest(null, Object(Config\Cache), false)
 7 SYSTEMPATH\Boot.php(417): CodeIgniter\CodeIgniter->run()
 8 SYSTEMPATH\Boot.php(68): CodeIgniter\Boot::runCodeIgniter(Object(CodeIgniter\CodeIgniter))
 9 FCPATH\index.php(59): CodeIgniter\Boot::bootWeb(Object(Config\Paths))
CRITICAL - 2026-08-29 18:05:28 --> [Caused by] CodeIgniter\Database\Exceptions\DatabaseException: You have an error in your SQL syntax; check the manual that corresponds to your MariaDB server version for the right syntax to use near '? AND `receiverId` = ?) OR (`senderId` = ? AND receiverId = ?)) :((senderId =...' at line 3
in SYSTEMPATH\Database\MySQLi\Connection.php on line 310.
 1 SYSTEMPATH\Database\BaseConnection.php(908): CodeIgniter\Database\MySQLi\Connection->execute('SELECT COUNT(*) AS `numrows`
FROM `messages`
WHERE ((senderId = ? AND `receiverId` = ?) OR (`senderId` = ? AND receiverId = ?)) :((senderId = ? AND `receiverId` = ?) OR (`senderId` = ? AND `receiverId` = ?)):')
 2 SYSTEMPATH\Database\BaseConnection.php(825): CodeIgniter\Database\BaseConnection->simpleQuery('SELECT COUNT(*) AS `numrows`
FROM `messages`
WHERE ((senderId = ? AND `receiverId` = ?) OR (`senderId` = ? AND receiverId = ?)) :((senderId = ? AND `receiverId` = ?) OR (`senderId` = ? AND `receiverId` = ?)):')
 3 SYSTEMPATH\Database\BaseBuilder.php(1731): CodeIgniter\Database\BaseConnection->query('SELECT COUNT(*) AS `numrows`
FROM `messages`
WHERE ((senderId = ? AND `receiverId` = ?) OR (`senderId` = ? AND receiverId = ?)) :((senderId = ? AND `receiverId` = ?) OR (`senderId` = ? AND `receiverId` = ?)):', [...], false)
 4 APPPATH\Models\MessageModel.php(87): CodeIgniter\Database\BaseBuilder->countAllResults()
 5 APPPATH\Controllers\Chat.php(176): App\Models\MessageModel->getConversationCount('207c49c0f2fc6493', '5349b44df9bf8543')
 6 SYSTEMPATH\CodeIgniter.php(974): App\Controllers\Chat->getMessages('5349b44df9bf8543')
 7 SYSTEMPATH\CodeIgniter.php(520): CodeIgniter\CodeIgniter->runController(Object(App\Controllers\Chat))
 8 SYSTEMPATH\CodeIgniter.php(363): CodeIgniter\CodeIgniter->handleRequest(null, Object(Config\Cache), false)
 9 SYSTEMPATH\Boot.php(417): CodeIgniter\CodeIgniter->run()
10 SYSTEMPATH\Boot.php(68): CodeIgniter\Boot::runCodeIgniter(Object(CodeIgniter\CodeIgniter))
11 FCPATH\index.php(59): CodeIgniter\Boot::bootWeb(Object(Config\Paths))
CRITICAL - 2026-08-29 18:05:28 --> [Caused by] mysqli_sql_exception: You have an error in your SQL syntax; check the manual that corresponds to your MariaDB server version for the right syntax to use near '? AND `receiverId` = ?) OR (`senderId` = ? AND receiverId = ?)) :((senderId =...' at line 3
in SYSTEMPATH\Database\MySQLi\Connection.php on line 300.
 1 SYSTEMPATH\Database\MySQLi\Connection.php(300): mysqli->query('SELECT COUNT(*) AS `numrows`
FROM `messages`
WHERE ((senderId = ? AND `receiverId` = ?) OR (`senderId` = ? AND receiverId = ?)) :((senderId = ? AND `receiverId` = ?) OR (`senderId` = ? AND `receiverId` = ?)):', 0)
 2 SYSTEMPATH\Database\BaseConnection.php(908): CodeIgniter\Database\MySQLi\Connection->execute('SELECT COUNT(*) AS `numrows`
FROM `messages`
WHERE ((senderId = ? AND `receiverId` = ?) OR (`senderId` = ? AND receiverId = ?)) :((senderId = ? AND `receiverId` = ?) OR (`senderId` = ? AND `receiverId` = ?)):')
 3 SYSTEMPATH\Database\BaseConnection.php(825): CodeIgniter\Database\BaseConnection->simpleQuery('SELECT COUNT(*) AS `numrows`
FROM `messages`
WHERE ((senderId = ? AND `receiverId` = ?) OR (`senderId` = ? AND receiverId = ?)) :((senderId = ? AND `receiverId` = ?) OR (`senderId` = ? AND `receiverId` = ?)):')
 4 SYSTEMPATH\Database\BaseBuilder.php(1731): CodeIgniter\Database\BaseConnection->query('SELECT COUNT(*) AS `numrows`
FROM `messages`
WHERE ((senderId = ? AND `receiverId` = ?) OR (`senderId` = ? AND receiverId = ?)) :((senderId = ? AND `receiverId` = ?) OR (`senderId` = ? AND `receiverId` = ?)):', [...], false)
 5 APPPATH\Models\MessageModel.php(87): CodeIgniter\Database\BaseBuilder->countAllResults()
 6 APPPATH\Controllers\Chat.php(176): App\Models\MessageModel->getConversationCount('207c49c0f2fc6493', '5349b44df9bf8543')
 7 SYSTEMPATH\CodeIgniter.php(974): App\Controllers\Chat->getMessages('5349b44df9bf8543')
 8 SYSTEMPATH\CodeIgniter.php(520): CodeIgniter\CodeIgniter->runController(Object(App\Controllers\Chat))
 9 SYSTEMPATH\CodeIgniter.php(363): CodeIgniter\CodeIgniter->handleRequest(null, Object(Config\Cache), false)
10 SYSTEMPATH\Boot.php(417): CodeIgniter\CodeIgniter->run()
11 SYSTEMPATH\Boot.php(68): CodeIgniter\Boot::runCodeIgniter(Object(CodeIgniter\CodeIgniter))
12 FCPATH\index.php(59): CodeIgniter\Boot::bootWeb(Object(Config\Paths))
ERROR - 2026-08-29 18:05:31 --> You have an error in your SQL syntax; check the manual that corresponds to your MariaDB server version for the right syntax to use near '? AND `receiverId` = ?) OR (`senderId` = ? AND receiverId = ?)) :((senderId =...' at line 3
in SYSTEMPATH\Database\MySQLi\Connection.php on line 300.
 1 SYSTEMPATH\Database\MySQLi\Connection.php(300): mysqli->query('SELECT COUNT(*) AS `numrows`
FROM `messages`
WHERE ((senderId = ? AND `receiverId` = ?) OR (`senderId` = ? AND receiverId = ?)) :((senderId = ? AND `receiverId` = ?) OR (`senderId` = ? AND `receiverId` = ?)):', 0)
 2 SYSTEMPATH\Database\BaseConnection.php(908): CodeIgniter\Database\MySQLi\Connection->execute('SELECT COUNT(*) AS `numrows`
FROM `messages`
WHERE ((senderId = ? AND `receiverId` = ?) OR (`senderId` = ? AND receiverId = ?)) :((senderId = ? AND `receiverId` = ?) OR (`senderId` = ? AND `receiverId` = ?)):')
 3 SYSTEMPATH\Database\BaseConnection.php(825): CodeIgniter\Database\BaseConnection->simpleQuery('SELECT COUNT(*) AS `numrows`
FROM `messages`
WHERE ((senderId = ? AND `receiverId` = ?) OR (`senderId` = ? AND receiverId = ?)) :((senderId = ? AND `receiverId` = ?) OR (`senderId` = ? AND `receiverId` = ?)):')
 4 SYSTEMPATH\Database\BaseBuilder.php(1731): CodeIgniter\Database\BaseConnection->query('SELECT COUNT(*) AS `numrows`
FROM `messages`
WHERE ((senderId = ? AND `receiverId` = ?) OR (`senderId` = ? AND receiverId = ?)) :((senderId = ? AND `receiverId` = ?) OR (`senderId` = ? AND `receiverId` = ?)):', [...], false)
 5 APPPATH\Models\MessageModel.php(87): CodeIgniter\Database\BaseBuilder->countAllResults()
 6 APPPATH\Controllers\Chat.php(176): App\Models\MessageModel->getConversationCount('207c49c0f2fc6493', '5349b44df9bf8543')
 7 SYSTEMPATH\CodeIgniter.php(974): App\Controllers\Chat->getMessages('5349b44df9bf8543')
 8 SYSTEMPATH\CodeIgniter.php(520): CodeIgniter\CodeIgniter->runController(Object(App\Controllers\Chat))
 9 SYSTEMPATH\CodeIgniter.php(363): CodeIgniter\CodeIgniter->handleRequest(null, Object(Config\Cache), false)
10 SYSTEMPATH\Boot.php(417): CodeIgniter\CodeIgniter->run()
11 SYSTEMPATH\Boot.php(68): CodeIgniter\Boot::runCodeIgniter(Object(CodeIgniter\CodeIgniter))
12 FCPATH\index.php(59): CodeIgniter\Boot::bootWeb(Object(Config\Paths))
CRITICAL - 2026-08-29 18:05:31 --> CodeIgniter\Database\Exceptions\DatabaseException: You have an error in your SQL syntax; check the manual that corresponds to your MariaDB server version for the right syntax to use near '? AND `receiverId` = ?) OR (`senderId` = ? AND receiverId = ?)) :((senderId =...' at line 3
[Method: GET, Route: employee/chat/messages/5349b44df9bf8543]
in SYSTEMPATH\Database\BaseConnection.php on line 863.
 1 SYSTEMPATH\Database\BaseBuilder.php(1731): CodeIgniter\Database\BaseConnection->query('SELECT COUNT(*) AS `numrows`
FROM `messages`
WHERE ((senderId = ? AND `receiverId` = ?) OR (`senderId` = ? AND receiverId = ?)) :((senderId = ? AND `receiverId` = ?) OR (`senderId` = ? AND `receiverId` = ?)):', [...], false)
 2 APPPATH\Models\MessageModel.php(87): CodeIgniter\Database\BaseBuilder->countAllResults()
 3 APPPATH\Controllers\Chat.php(176): App\Models\MessageModel->getConversationCount('207c49c0f2fc6493', '5349b44df9bf8543')
 4 SYSTEMPATH\CodeIgniter.php(974): App\Controllers\Chat->getMessages('5349b44df9bf8543')
 5 SYSTEMPATH\CodeIgniter.php(520): CodeIgniter\CodeIgniter->runController(Object(App\Controllers\Chat))
 6 SYSTEMPATH\CodeIgniter.php(363): CodeIgniter\CodeIgniter->handleRequest(null, Object(Config\Cache), false)
 7 SYSTEMPATH\Boot.php(417): CodeIgniter\CodeIgniter->run()
 8 SYSTEMPATH\Boot.php(68): CodeIgniter\Boot::runCodeIgniter(Object(CodeIgniter\CodeIgniter))
 9 FCPATH\index.php(59): CodeIgniter\Boot::bootWeb(Object(Config\Paths))
CRITICAL - 2026-08-29 18:05:31 --> [Caused by] CodeIgniter\Database\Exceptions\DatabaseException: You have an error in your SQL syntax; check the manual that corresponds to your MariaDB server version for the right syntax to use near '? AND `receiverId` = ?) OR (`senderId` = ? AND receiverId = ?)) :((senderId =...' at line 3
in SYSTEMPATH\Database\MySQLi\Connection.php on line 310.
 1 SYSTEMPATH\Database\BaseConnection.php(908): CodeIgniter\Database\MySQLi\Connection->execute('SELECT COUNT(*) AS `numrows`
FROM `messages`
WHERE ((senderId = ? AND `receiverId` = ?) OR (`senderId` = ? AND receiverId = ?)) :((senderId = ? AND `receiverId` = ?) OR (`senderId` = ? AND `receiverId` = ?)):')
 2 SYSTEMPATH\Database\BaseConnection.php(825): CodeIgniter\Database\BaseConnection->simpleQuery('SELECT COUNT(*) AS `numrows`
FROM `messages`
WHERE ((senderId = ? AND `receiverId` = ?) OR (`senderId` = ? AND receiverId = ?)) :((senderId = ? AND `receiverId` = ?) OR (`senderId` = ? AND `receiverId` = ?)):')
 3 SYSTEMPATH\Database\BaseBuilder.php(1731): CodeIgniter\Database\BaseConnection->query('SELECT COUNT(*) AS `numrows`
FROM `messages`
WHERE ((senderId = ? AND `receiverId` = ?) OR (`senderId` = ? AND receiverId = ?)) :((senderId = ? AND `receiverId` = ?) OR (`senderId` = ? AND `receiverId` = ?)):', [...], false)
 4 APPPATH\Models\MessageModel.php(87): CodeIgniter\Database\BaseBuilder->countAllResults()
 5 APPPATH\Controllers\Chat.php(176): App\Models\MessageModel->getConversationCount('207c49c0f2fc6493', '5349b44df9bf8543')
 6 SYSTEMPATH\CodeIgniter.php(974): App\Controllers\Chat->getMessages('5349b44df9bf8543')
 7 SYSTEMPATH\CodeIgniter.php(520): CodeIgniter\CodeIgniter->runController(Object(App\Controllers\Chat))
 8 SYSTEMPATH\CodeIgniter.php(363): CodeIgniter\CodeIgniter->handleRequest(null, Object(Config\Cache), false)
 9 SYSTEMPATH\Boot.php(417): CodeIgniter\CodeIgniter->run()
10 SYSTEMPATH\Boot.php(68): CodeIgniter\Boot::runCodeIgniter(Object(CodeIgniter\CodeIgniter))
11 FCPATH\index.php(59): CodeIgniter\Boot::bootWeb(Object(Config\Paths))
CRITICAL - 2026-08-29 18:05:31 --> [Caused by] mysqli_sql_exception: You have an error in your SQL syntax; check the manual that corresponds to your MariaDB server version for the right syntax to use near '? AND `receiverId` = ?) OR (`senderId` = ? AND receiverId = ?)) :((senderId =...' at line 3
in SYSTEMPATH\Database\MySQLi\Connection.php on line 300.
 1 SYSTEMPATH\Database\MySQLi\Connection.php(300): mysqli->query('SELECT COUNT(*) AS `numrows`
FROM `messages`
WHERE ((senderId = ? AND `receiverId` = ?) OR (`senderId` = ? AND receiverId = ?)) :((senderId = ? AND `receiverId` = ?) OR (`senderId` = ? AND `receiverId` = ?)):', 0)
 2 SYSTEMPATH\Database\BaseConnection.php(908): CodeIgniter\Database\MySQLi\Connection->execute('SELECT COUNT(*) AS `numrows`
FROM `messages`
WHERE ((senderId = ? AND `receiverId` = ?) OR (`senderId` = ? AND receiverId = ?)) :((senderId = ? AND `receiverId` = ?) OR (`senderId` = ? AND `receiverId` = ?)):')
 3 SYSTEMPATH\Database\BaseConnection.php(825): CodeIgniter\Database\BaseConnection->simpleQuery('SELECT COUNT(*) AS `numrows`
FROM `messages`
WHERE ((senderId = ? AND `receiverId` = ?) OR (`senderId` = ? AND receiverId = ?)) :((senderId = ? AND `receiverId` = ?) OR (`senderId` = ? AND `receiverId` = ?)):')
 4 SYSTEMPATH\Database\BaseBuilder.php(1731): CodeIgniter\Database\BaseConnection->query('SELECT COUNT(*) AS `numrows`
FROM `messages`
WHERE ((senderId = ? AND `receiverId` = ?) OR (`senderId` = ? AND receiverId = ?)) :((senderId = ? AND `receiverId` = ?) OR (`senderId` = ? AND `receiverId` = ?)):', [...], false)
 5 APPPATH\Models\MessageModel.php(87): CodeIgniter\Database\BaseBuilder->countAllResults()
 6 APPPATH\Controllers\Chat.php(176): App\Models\MessageModel->getConversationCount('207c49c0f2fc6493', '5349b44df9bf8543')
 7 SYSTEMPATH\CodeIgniter.php(974): App\Controllers\Chat->getMessages('5349b44df9bf8543')
 8 SYSTEMPATH\CodeIgniter.php(520): CodeIgniter\CodeIgniter->runController(Object(App\Controllers\Chat))
 9 SYSTEMPATH\CodeIgniter.php(363): CodeIgniter\CodeIgniter->handleRequest(null, Object(Config\Cache), false)
10 SYSTEMPATH\Boot.php(417): CodeIgniter\CodeIgniter->run()
11 SYSTEMPATH\Boot.php(68): CodeIgniter\Boot::runCodeIgniter(Object(CodeIgniter\CodeIgniter))
12 FCPATH\index.php(59): CodeIgniter\Boot::bootWeb(Object(Config\Paths))
ERROR - 2026-08-29 18:05:34 --> You have an error in your SQL syntax; check the manual that corresponds to your MariaDB server version for the right syntax to use near '? AND `receiverId` = ?) OR (`senderId` = ? AND receiverId = ?)) :((senderId =...' at line 3
in SYSTEMPATH\Database\MySQLi\Connection.php on line 300.
 1 SYSTEMPATH\Database\MySQLi\Connection.php(300): mysqli->query('SELECT COUNT(*) AS `numrows`
FROM `messages`
WHERE ((senderId = ? AND `receiverId` = ?) OR (`senderId` = ? AND receiverId = ?)) :((senderId = ? AND `receiverId` = ?) OR (`senderId` = ? AND `receiverId` = ?)):', 0)
 2 SYSTEMPATH\Database\BaseConnection.php(908): CodeIgniter\Database\MySQLi\Connection->execute('SELECT COUNT(*) AS `numrows`
FROM `messages`
WHERE ((senderId = ? AND `receiverId` = ?) OR (`senderId` = ? AND receiverId = ?)) :((senderId = ? AND `receiverId` = ?) OR (`senderId` = ? AND `receiverId` = ?)):')
 3 SYSTEMPATH\Database\BaseConnection.php(825): CodeIgniter\Database\BaseConnection->simpleQuery('SELECT COUNT(*) AS `numrows`
FROM `messages`
WHERE ((senderId = ? AND `receiverId` = ?) OR (`senderId` = ? AND receiverId = ?)) :((senderId = ? AND `receiverId` = ?) OR (`senderId` = ? AND `receiverId` = ?)):')
 4 SYSTEMPATH\Database\BaseBuilder.php(1731): CodeIgniter\Database\BaseConnection->query('SELECT COUNT(*) AS `numrows`
FROM `messages`
WHERE ((senderId = ? AND `receiverId` = ?) OR (`senderId` = ? AND receiverId = ?)) :((senderId = ? AND `receiverId` = ?) OR (`senderId` = ? AND `receiverId` = ?)):', [...], false)
 5 APPPATH\Models\MessageModel.php(87): CodeIgniter\Database\BaseBuilder->countAllResults()
 6 APPPATH\Controllers\Chat.php(176): App\Models\MessageModel->getConversationCount('207c49c0f2fc6493', '5349b44df9bf8543')
 7 SYSTEMPATH\CodeIgniter.php(974): App\Controllers\Chat->getMessages('5349b44df9bf8543')
 8 SYSTEMPATH\CodeIgniter.php(520): CodeIgniter\CodeIgniter->runController(Object(App\Controllers\Chat))
 9 SYSTEMPATH\CodeIgniter.php(363): CodeIgniter\CodeIgniter->handleRequest(null, Object(Config\Cache), false)
10 SYSTEMPATH\Boot.php(417): CodeIgniter\CodeIgniter->run()
11 SYSTEMPATH\Boot.php(68): CodeIgniter\Boot::runCodeIgniter(Object(CodeIgniter\CodeIgniter))
12 FCPATH\index.php(59): CodeIgniter\Boot::bootWeb(Object(Config\Paths))
CRITICAL - 2026-08-29 18:05:34 --> CodeIgniter\Database\Exceptions\DatabaseException: You have an error in your SQL syntax; check the manual that corresponds to your MariaDB server version for the right syntax to use near '? AND `receiverId` = ?) OR (`senderId` = ? AND receiverId = ?)) :((senderId =...' at line 3
[Method: GET, Route: employee/chat/messages/5349b44df9bf8543]
in SYSTEMPATH\Database\BaseConnection.php on line 863.
 1 SYSTEMPATH\Database\BaseBuilder.php(1731): CodeIgniter\Database\BaseConnection->query('SELECT COUNT(*) AS `numrows`
FROM `messages`
WHERE ((senderId = ? AND `receiverId` = ?) OR (`senderId` = ? AND receiverId = ?)) :((senderId = ? AND `receiverId` = ?) OR (`senderId` = ? AND `receiverId` = ?)):', [...], false)
 2 APPPATH\Models\MessageModel.php(87): CodeIgniter\Database\BaseBuilder->countAllResults()
 3 APPPATH\Controllers\Chat.php(176): App\Models\MessageModel->getConversationCount('207c49c0f2fc6493', '5349b44df9bf8543')
 4 SYSTEMPATH\CodeIgniter.php(974): App\Controllers\Chat->getMessages('5349b44df9bf8543')
 5 SYSTEMPATH\CodeIgniter.php(520): CodeIgniter\CodeIgniter->runController(Object(App\Controllers\Chat))
 6 SYSTEMPATH\CodeIgniter.php(363): CodeIgniter\CodeIgniter->handleRequest(null, Object(Config\Cache), false)
 7 SYSTEMPATH\Boot.php(417): CodeIgniter\CodeIgniter->run()
 8 SYSTEMPATH\Boot.php(68): CodeIgniter\Boot::runCodeIgniter(Object(CodeIgniter\CodeIgniter))
 9 FCPATH\index.php(59): CodeIgniter\Boot::bootWeb(Object(Config\Paths))
CRITICAL - 2026-08-29 18:05:34 --> [Caused by] CodeIgniter\Database\Exceptions\DatabaseException: You have an error in your SQL syntax; check the manual that corresponds to your MariaDB server version for the right syntax to use near '? AND `receiverId` = ?) OR (`senderId` = ? AND receiverId = ?)) :((senderId =...' at line 3
in SYSTEMPATH\Database\MySQLi\Connection.php on line 310.
 1 SYSTEMPATH\Database\BaseConnection.php(908): CodeIgniter\Database\MySQLi\Connection->execute('SELECT COUNT(*) AS `numrows`
FROM `messages`
WHERE ((senderId = ? AND `receiverId` = ?) OR (`senderId` = ? AND receiverId = ?)) :((senderId = ? AND `receiverId` = ?) OR (`senderId` = ? AND `receiverId` = ?)):')
 2 SYSTEMPATH\Database\BaseConnection.php(825): CodeIgniter\Database\BaseConnection->simpleQuery('SELECT COUNT(*) AS `numrows`
FROM `messages`
WHERE ((senderId = ? AND `receiverId` = ?) OR (`senderId` = ? AND receiverId = ?)) :((senderId = ? AND `receiverId` = ?) OR (`senderId` = ? AND `receiverId` = ?)):')
 3 SYSTEMPATH\Database\BaseBuilder.php(1731): CodeIgniter\Database\BaseConnection->query('SELECT COUNT(*) AS `numrows`
FROM `messages`
WHERE ((senderId = ? AND `receiverId` = ?) OR (`senderId` = ? AND receiverId = ?)) :((senderId = ? AND `receiverId` = ?) OR (`senderId` = ? AND `receiverId` = ?)):', [...], false)
 4 APPPATH\Models\MessageModel.php(87): CodeIgniter\Database\BaseBuilder->countAllResults()
 5 APPPATH\Controllers\Chat.php(176): App\Models\MessageModel->getConversationCount('207c49c0f2fc6493', '5349b44df9bf8543')
 6 SYSTEMPATH\CodeIgniter.php(974): App\Controllers\Chat->getMessages('5349b44df9bf8543')
 7 SYSTEMPATH\CodeIgniter.php(520): CodeIgniter\CodeIgniter->runController(Object(App\Controllers\Chat))
 8 SYSTEMPATH\CodeIgniter.php(363): CodeIgniter\CodeIgniter->handleRequest(null, Object(Config\Cache), false)
 9 SYSTEMPATH\Boot.php(417): CodeIgniter\CodeIgniter->run()
10 SYSTEMPATH\Boot.php(68): CodeIgniter\Boot::runCodeIgniter(Object(CodeIgniter\CodeIgniter))
11 FCPATH\index.php(59): CodeIgniter\Boot::bootWeb(Object(Config\Paths))
CRITICAL - 2026-08-29 18:05:34 --> [Caused by] mysqli_sql_exception: You have an error in your SQL syntax; check the manual that corresponds to your MariaDB server version for the right syntax to use near '? AND `receiverId` = ?) OR (`senderId` = ? AND receiverId = ?)) :((senderId =...' at line 3
in SYSTEMPATH\Database\MySQLi\Connection.php on line 300.
 1 SYSTEMPATH\Database\MySQLi\Connection.php(300): mysqli->query('SELECT COUNT(*) AS `numrows`
FROM `messages`
WHERE ((senderId = ? AND `receiverId` = ?) OR (`senderId` = ? AND receiverId = ?)) :((senderId = ? AND `receiverId` = ?) OR (`senderId` = ? AND `receiverId` = ?)):', 0)
 2 SYSTEMPATH\Database\BaseConnection.php(908): CodeIgniter\Database\MySQLi\Connection->execute('SELECT COUNT(*) AS `numrows`
FROM `messages`
WHERE ((senderId = ? AND `receiverId` = ?) OR (`senderId` = ? AND receiverId = ?)) :((senderId = ? AND `receiverId` = ?) OR (`senderId` = ? AND `receiverId` = ?)):')
 3 SYSTEMPATH\Database\BaseConnection.php(825): CodeIgniter\Database\BaseConnection->simpleQuery('SELECT COUNT(*) AS `numrows`
FROM `messages`
WHERE ((senderId = ? AND `receiverId` = ?) OR (`senderId` = ? AND receiverId = ?)) :((senderId = ? AND `receiverId` = ?) OR (`senderId` = ? AND `receiverId` = ?)):')
 4 SYSTEMPATH\Database\BaseBuilder.php(1731): CodeIgniter\Database\BaseConnection->query('SELECT COUNT(*) AS `numrows`
FROM `messages`
WHERE ((senderId = ? AND `receiverId` = ?) OR (`senderId` = ? AND receiverId = ?)) :((senderId = ? AND `receiverId` = ?) OR (`senderId` = ? AND `receiverId` = ?)):', [...], false)
 5 APPPATH\Models\MessageModel.php(87): CodeIgniter\Database\BaseBuilder->countAllResults()
 6 APPPATH\Controllers\Chat.php(176): App\Models\MessageModel->getConversationCount('207c49c0f2fc6493', '5349b44df9bf8543')
 7 SYSTEMPATH\CodeIgniter.php(974): App\Controllers\Chat->getMessages('5349b44df9bf8543')
 8 SYSTEMPATH\CodeIgniter.php(520): CodeIgniter\CodeIgniter->runController(Object(App\Controllers\Chat))
 9 SYSTEMPATH\CodeIgniter.php(363): CodeIgniter\CodeIgniter->handleRequest(null, Object(Config\Cache), false)
10 SYSTEMPATH\Boot.php(417): CodeIgniter\CodeIgniter->run()
11 SYSTEMPATH\Boot.php(68): CodeIgniter\Boot::runCodeIgniter(Object(CodeIgniter\CodeIgniter))
12 FCPATH\index.php(59): CodeIgniter\Boot::bootWeb(Object(Config\Paths))
ERROR - 2026-08-29 18:05:37 --> You have an error in your SQL syntax; check the manual that corresponds to your MariaDB server version for the right syntax to use near '? AND `receiverId` = ?) OR (`senderId` = ? AND receiverId = ?)) :((senderId =...' at line 3
in SYSTEMPATH\Database\MySQLi\Connection.php on line 300.
 1 SYSTEMPATH\Database\MySQLi\Connection.php(300): mysqli->query('SELECT COUNT(*) AS `numrows`
FROM `messages`
WHERE ((senderId = ? AND `receiverId` = ?) OR (`senderId` = ? AND receiverId = ?)) :((senderId = ? AND `receiverId` = ?) OR (`senderId` = ? AND `receiverId` = ?)):', 0)
 2 SYSTEMPATH\Database\BaseConnection.php(908): CodeIgniter\Database\MySQLi\Connection->execute('SELECT COUNT(*) AS `numrows`
FROM `messages`
WHERE ((senderId = ? AND `receiverId` = ?) OR (`senderId` = ? AND receiverId = ?)) :((senderId = ? AND `receiverId` = ?) OR (`senderId` = ? AND `receiverId` = ?)):')
 3 SYSTEMPATH\Database\BaseConnection.php(825): CodeIgniter\Database\BaseConnection->simpleQuery('SELECT COUNT(*) AS `numrows`
FROM `messages`
WHERE ((senderId = ? AND `receiverId` = ?) OR (`senderId` = ? AND receiverId = ?)) :((senderId = ? AND `receiverId` = ?) OR (`senderId` = ? AND `receiverId` = ?)):')
 4 SYSTEMPATH\Database\BaseBuilder.php(1731): CodeIgniter\Database\BaseConnection->query('SELECT COUNT(*) AS `numrows`
FROM `messages`
WHERE ((senderId = ? AND `receiverId` = ?) OR (`senderId` = ? AND receiverId = ?)) :((senderId = ? AND `receiverId` = ?) OR (`senderId` = ? AND `receiverId` = ?)):', [...], false)
 5 APPPATH\Models\MessageModel.php(87): CodeIgniter\Database\BaseBuilder->countAllResults()
 6 APPPATH\Controllers\Chat.php(176): App\Models\MessageModel->getConversationCount('207c49c0f2fc6493', '5349b44df9bf8543')
 7 SYSTEMPATH\CodeIgniter.php(974): App\Controllers\Chat->getMessages('5349b44df9bf8543')
 8 SYSTEMPATH\CodeIgniter.php(520): CodeIgniter\CodeIgniter->runController(Object(App\Controllers\Chat))
 9 SYSTEMPATH\CodeIgniter.php(363): CodeIgniter\CodeIgniter->handleRequest(null, Object(Config\Cache), false)
10 SYSTEMPATH\Boot.php(417): CodeIgniter\CodeIgniter->run()
11 SYSTEMPATH\Boot.php(68): CodeIgniter\Boot::runCodeIgniter(Object(CodeIgniter\CodeIgniter))
12 FCPATH\index.php(59): CodeIgniter\Boot::bootWeb(Object(Config\Paths))
CRITICAL - 2026-08-29 18:05:37 --> CodeIgniter\Database\Exceptions\DatabaseException: You have an error in your SQL syntax; check the manual that corresponds to your MariaDB server version for the right syntax to use near '? AND `receiverId` = ?) OR (`senderId` = ? AND receiverId = ?)) :((senderId =...' at line 3
[Method: GET, Route: employee/chat/messages/5349b44df9bf8543]
in SYSTEMPATH\Database\BaseConnection.php on line 863.
 1 SYSTEMPATH\Database\BaseBuilder.php(1731): CodeIgniter\Database\BaseConnection->query('SELECT COUNT(*) AS `numrows`
FROM `messages`
WHERE ((senderId = ? AND `receiverId` = ?) OR (`senderId` = ? AND receiverId = ?)) :((senderId = ? AND `receiverId` = ?) OR (`senderId` = ? AND `receiverId` = ?)):', [...], false)
 2 APPPATH\Models\MessageModel.php(87): CodeIgniter\Database\BaseBuilder->countAllResults()
 3 APPPATH\Controllers\Chat.php(176): App\Models\MessageModel->getConversationCount('207c49c0f2fc6493', '5349b44df9bf8543')
 4 SYSTEMPATH\CodeIgniter.php(974): App\Controllers\Chat->getMessages('5349b44df9bf8543')
 5 SYSTEMPATH\CodeIgniter.php(520): CodeIgniter\CodeIgniter->runController(Object(App\Controllers\Chat))
 6 SYSTEMPATH\CodeIgniter.php(363): CodeIgniter\CodeIgniter->handleRequest(null, Object(Config\Cache), false)
 7 SYSTEMPATH\Boot.php(417): CodeIgniter\CodeIgniter->run()
 8 SYSTEMPATH\Boot.php(68): CodeIgniter\Boot::runCodeIgniter(Object(CodeIgniter\CodeIgniter))
 9 FCPATH\index.php(59): CodeIgniter\Boot::bootWeb(Object(Config\Paths))
CRITICAL - 2026-08-29 18:05:37 --> [Caused by] CodeIgniter\Database\Exceptions\DatabaseException: You have an error in your SQL syntax; check the manual that corresponds to your MariaDB server version for the right syntax to use near '? AND `receiverId` = ?) OR (`senderId` = ? AND receiverId = ?)) :((senderId =...' at line 3
in SYSTEMPATH\Database\MySQLi\Connection.php on line 310.
 1 SYSTEMPATH\Database\BaseConnection.php(908): CodeIgniter\Database\MySQLi\Connection->execute('SELECT COUNT(*) AS `numrows`
FROM `messages`
WHERE ((senderId = ? AND `receiverId` = ?) OR (`senderId` = ? AND receiverId = ?)) :((senderId = ? AND `receiverId` = ?) OR (`senderId` = ? AND `receiverId` = ?)):')
 2 SYSTEMPATH\Database\BaseConnection.php(825): CodeIgniter\Database\BaseConnection->simpleQuery('SELECT COUNT(*) AS `numrows`
FROM `messages`
WHERE ((senderId = ? AND `receiverId` = ?) OR (`senderId` = ? AND receiverId = ?)) :((senderId = ? AND `receiverId` = ?) OR (`senderId` = ? AND `receiverId` = ?)):')
 3 SYSTEMPATH\Database\BaseBuilder.php(1731): CodeIgniter\Database\BaseConnection->query('SELECT COUNT(*) AS `numrows`
FROM `messages`
WHERE ((senderId = ? AND `receiverId` = ?) OR (`senderId` = ? AND receiverId = ?)) :((senderId = ? AND `receiverId` = ?) OR (`senderId` = ? AND `receiverId` = ?)):', [...], false)
 4 APPPATH\Models\MessageModel.php(87): CodeIgniter\Database\BaseBuilder->countAllResults()
 5 APPPATH\Controllers\Chat.php(176): App\Models\MessageModel->getConversationCount('207c49c0f2fc6493', '5349b44df9bf8543')
 6 SYSTEMPATH\CodeIgniter.php(974): App\Controllers\Chat->getMessages('5349b44df9bf8543')
 7 SYSTEMPATH\CodeIgniter.php(520): CodeIgniter\CodeIgniter->runController(Object(App\Controllers\Chat))
 8 SYSTEMPATH\CodeIgniter.php(363): CodeIgniter\CodeIgniter->handleRequest(null, Object(Config\Cache), false)
 9 SYSTEMPATH\Boot.php(417): CodeIgniter\CodeIgniter->run()
10 SYSTEMPATH\Boot.php(68): CodeIgniter\Boot::runCodeIgniter(Object(CodeIgniter\CodeIgniter))
11 FCPATH\index.php(59): CodeIgniter\Boot::bootWeb(Object(Config\Paths))
CRITICAL - 2026-08-29 18:05:37 --> [Caused by] mysqli_sql_exception: You have an error in your SQL syntax; check the manual that corresponds to your MariaDB server version for the right syntax to use near '? AND `receiverId` = ?) OR (`senderId` = ? AND receiverId = ?)) :((senderId =...' at line 3
in SYSTEMPATH\Database\MySQLi\Connection.php on line 300.
 1 SYSTEMPATH\Database\MySQLi\Connection.php(300): mysqli->query('SELECT COUNT(*) AS `numrows`
FROM `messages`
WHERE ((senderId = ? AND `receiverId` = ?) OR (`senderId` = ? AND receiverId = ?)) :((senderId = ? AND `receiverId` = ?) OR (`senderId` = ? AND `receiverId` = ?)):', 0)
 2 SYSTEMPATH\Database\BaseConnection.php(908): CodeIgniter\Database\MySQLi\Connection->execute('SELECT COUNT(*) AS `numrows`
FROM `messages`
WHERE ((senderId = ? AND `receiverId` = ?) OR (`senderId` = ? AND receiverId = ?)) :((senderId = ? AND `receiverId` = ?) OR (`senderId` = ? AND `receiverId` = ?)):')
 3 SYSTEMPATH\Database\BaseConnection.php(825): CodeIgniter\Database\BaseConnection->simpleQuery('SELECT COUNT(*) AS `numrows`
FROM `messages`
WHERE ((senderId = ? AND `receiverId` = ?) OR (`senderId` = ? AND receiverId = ?)) :((senderId = ? AND `receiverId` = ?) OR (`senderId` = ? AND `receiverId` = ?)):')
 4 SYSTEMPATH\Database\BaseBuilder.php(1731): CodeIgniter\Database\BaseConnection->query('SELECT COUNT(*) AS `numrows`
FROM `messages`
WHERE ((senderId = ? AND `receiverId` = ?) OR (`senderId` = ? AND receiverId = ?)) :((senderId = ? AND `receiverId` = ?) OR (`senderId` = ? AND `receiverId` = ?)):', [...], false)
 5 APPPATH\Models\MessageModel.php(87): CodeIgniter\Database\BaseBuilder->countAllResults()
 6 APPPATH\Controllers\Chat.php(176): App\Models\MessageModel->getConversationCount('207c49c0f2fc6493', '5349b44df9bf8543')
 7 SYSTEMPATH\CodeIgniter.php(974): App\Controllers\Chat->getMessages('5349b44df9bf8543')
 8 SYSTEMPATH\CodeIgniter.php(520): CodeIgniter\CodeIgniter->runController(Object(App\Controllers\Chat))
 9 SYSTEMPATH\CodeIgniter.php(363): CodeIgniter\CodeIgniter->handleRequest(null, Object(Config\Cache), false)
10 SYSTEMPATH\Boot.php(417): CodeIgniter\CodeIgniter->run()
11 SYSTEMPATH\Boot.php(68): CodeIgniter\Boot::runCodeIgniter(Object(CodeIgniter\CodeIgniter))
12 FCPATH\index.php(59): CodeIgniter\Boot::bootWeb(Object(Config\Paths))
ERROR - 2026-08-29 18:05:40 --> You have an error in your SQL syntax; check the manual that corresponds to your MariaDB server version for the right syntax to use near '? AND `receiverId` = ?) OR (`senderId` = ? AND receiverId = ?)) :((senderId =...' at line 3
in SYSTEMPATH\Database\MySQLi\Connection.php on line 300.
 1 SYSTEMPATH\Database\MySQLi\Connection.php(300): mysqli->query('SELECT COUNT(*) AS `numrows`
FROM `messages`
WHERE ((senderId = ? AND `receiverId` = ?) OR (`senderId` = ? AND receiverId = ?)) :((senderId = ? AND `receiverId` = ?) OR (`senderId` = ? AND `receiverId` = ?)):', 0)
 2 SYSTEMPATH\Database\BaseConnection.php(908): CodeIgniter\Database\MySQLi\Connection->execute('SELECT COUNT(*) AS `numrows`
FROM `messages`
WHERE ((senderId = ? AND `receiverId` = ?) OR (`senderId` = ? AND receiverId = ?)) :((senderId = ? AND `receiverId` = ?) OR (`senderId` = ? AND `receiverId` = ?)):')
 3 SYSTEMPATH\Database\BaseConnection.php(825): CodeIgniter\Database\BaseConnection->simpleQuery('SELECT COUNT(*) AS `numrows`
FROM `messages`
WHERE ((senderId = ? AND `receiverId` = ?) OR (`senderId` = ? AND receiverId = ?)) :((senderId = ? AND `receiverId` = ?) OR (`senderId` = ? AND `receiverId` = ?)):')
 4 SYSTEMPATH\Database\BaseBuilder.php(1731): CodeIgniter\Database\BaseConnection->query('SELECT COUNT(*) AS `numrows`
FROM `messages`
WHERE ((senderId = ? AND `receiverId` = ?) OR (`senderId` = ? AND receiverId = ?)) :((senderId = ? AND `receiverId` = ?) OR (`senderId` = ? AND `receiverId` = ?)):', [...], false)
 5 APPPATH\Models\MessageModel.php(87): CodeIgniter\Database\BaseBuilder->countAllResults()
 6 APPPATH\Controllers\Chat.php(176): App\Models\MessageModel->getConversationCount('207c49c0f2fc6493', '5349b44df9bf8543')
 7 SYSTEMPATH\CodeIgniter.php(974): App\Controllers\Chat->getMessages('5349b44df9bf8543')
 8 SYSTEMPATH\CodeIgniter.php(520): CodeIgniter\CodeIgniter->runController(Object(App\Controllers\Chat))
 9 SYSTEMPATH\CodeIgniter.php(363): CodeIgniter\CodeIgniter->handleRequest(null, Object(Config\Cache), false)
10 SYSTEMPATH\Boot.php(417): CodeIgniter\CodeIgniter->run()
11 SYSTEMPATH\Boot.php(68): CodeIgniter\Boot::runCodeIgniter(Object(CodeIgniter\CodeIgniter))
12 FCPATH\index.php(59): CodeIgniter\Boot::bootWeb(Object(Config\Paths))
CRITICAL - 2026-08-29 18:05:40 --> CodeIgniter\Database\Exceptions\DatabaseException: You have an error in your SQL syntax; check the manual that corresponds to your MariaDB server version for the right syntax to use near '? AND `receiverId` = ?) OR (`senderId` = ? AND receiverId = ?)) :((senderId =...' at line 3
[Method: GET, Route: employee/chat/messages/5349b44df9bf8543]
in SYSTEMPATH\Database\BaseConnection.php on line 863.
 1 SYSTEMPATH\Database\BaseBuilder.php(1731): CodeIgniter\Database\BaseConnection->query('SELECT COUNT(*) AS `numrows`
FROM `messages`
WHERE ((senderId = ? AND `receiverId` = ?) OR (`senderId` = ? AND receiverId = ?)) :((senderId = ? AND `receiverId` = ?) OR (`senderId` = ? AND `receiverId` = ?)):', [...], false)
 2 APPPATH\Models\MessageModel.php(87): CodeIgniter\Database\BaseBuilder->countAllResults()
 3 APPPATH\Controllers\Chat.php(176): App\Models\MessageModel->getConversationCount('207c49c0f2fc6493', '5349b44df9bf8543')
 4 SYSTEMPATH\CodeIgniter.php(974): App\Controllers\Chat->getMessages('5349b44df9bf8543')
 5 SYSTEMPATH\CodeIgniter.php(520): CodeIgniter\CodeIgniter->runController(Object(App\Controllers\Chat))
 6 SYSTEMPATH\CodeIgniter.php(363): CodeIgniter\CodeIgniter->handleRequest(null, Object(Config\Cache), false)
 7 SYSTEMPATH\Boot.php(417): CodeIgniter\CodeIgniter->run()
 8 SYSTEMPATH\Boot.php(68): CodeIgniter\Boot::runCodeIgniter(Object(CodeIgniter\CodeIgniter))
 9 FCPATH\index.php(59): CodeIgniter\Boot::bootWeb(Object(Config\Paths))
CRITICAL - 2026-08-29 18:05:40 --> [Caused by] CodeIgniter\Database\Exceptions\DatabaseException: You have an error in your SQL syntax; check the manual that corresponds to your MariaDB server version for the right syntax to use near '? AND `receiverId` = ?) OR (`senderId` = ? AND receiverId = ?)) :((senderId =...' at line 3
in SYSTEMPATH\Database\MySQLi\Connection.php on line 310.
 1 SYSTEMPATH\Database\BaseConnection.php(908): CodeIgniter\Database\MySQLi\Connection->execute('SELECT COUNT(*) AS `numrows`
FROM `messages`
WHERE ((senderId = ? AND `receiverId` = ?) OR (`senderId` = ? AND receiverId = ?)) :((senderId = ? AND `receiverId` = ?) OR (`senderId` = ? AND `receiverId` = ?)):')
 2 SYSTEMPATH\Database\BaseConnection.php(825): CodeIgniter\Database\BaseConnection->simpleQuery('SELECT COUNT(*) AS `numrows`
FROM `messages`
WHERE ((senderId = ? AND `receiverId` = ?) OR (`senderId` = ? AND receiverId = ?)) :((senderId = ? AND `receiverId` = ?) OR (`senderId` = ? AND `receiverId` = ?)):')
 3 SYSTEMPATH\Database\BaseBuilder.php(1731): CodeIgniter\Database\BaseConnection->query('SELECT COUNT(*) AS `numrows`
FROM `messages`
WHERE ((senderId = ? AND `receiverId` = ?) OR (`senderId` = ? AND receiverId = ?)) :((senderId = ? AND `receiverId` = ?) OR (`senderId` = ? AND `receiverId` = ?)):', [...], false)
 4 APPPATH\Models\MessageModel.php(87): CodeIgniter\Database\BaseBuilder->countAllResults()
 5 APPPATH\Controllers\Chat.php(176): App\Models\MessageModel->getConversationCount('207c49c0f2fc6493', '5349b44df9bf8543')
 6 SYSTEMPATH\CodeIgniter.php(974): App\Controllers\Chat->getMessages('5349b44df9bf8543')
 7 SYSTEMPATH\CodeIgniter.php(520): CodeIgniter\CodeIgniter->runController(Object(App\Controllers\Chat))
 8 SYSTEMPATH\CodeIgniter.php(363): CodeIgniter\CodeIgniter->handleRequest(null, Object(Config\Cache), false)
 9 SYSTEMPATH\Boot.php(417): CodeIgniter\CodeIgniter->run()
10 SYSTEMPATH\Boot.php(68): CodeIgniter\Boot::runCodeIgniter(Object(CodeIgniter\CodeIgniter))
11 FCPATH\index.php(59): CodeIgniter\Boot::bootWeb(Object(Config\Paths))
CRITICAL - 2026-08-29 18:05:40 --> [Caused by] mysqli_sql_exception: You have an error in your SQL syntax; check the manual that corresponds to your MariaDB server version for the right syntax to use near '? AND `receiverId` = ?) OR (`senderId` = ? AND receiverId = ?)) :((senderId =...' at line 3
in SYSTEMPATH\Database\MySQLi\Connection.php on line 300.
 1 SYSTEMPATH\Database\MySQLi\Connection.php(300): mysqli->query('SELECT COUNT(*) AS `numrows`
FROM `messages`
WHERE ((senderId = ? AND `receiverId` = ?) OR (`senderId` = ? AND receiverId = ?)) :((senderId = ? AND `receiverId` = ?) OR (`senderId` = ? AND `receiverId` = ?)):', 0)
 2 SYSTEMPATH\Database\BaseConnection.php(908): CodeIgniter\Database\MySQLi\Connection->execute('SELECT COUNT(*) AS `numrows`
FROM `messages`
WHERE ((senderId = ? AND `receiverId` = ?) OR (`senderId` = ? AND receiverId = ?)) :((senderId = ? AND `receiverId` = ?) OR (`senderId` = ? AND `receiverId` = ?)):')
 3 SYSTEMPATH\Database\BaseConnection.php(825): CodeIgniter\Database\BaseConnection->simpleQuery('SELECT COUNT(*) AS `numrows`
FROM `messages`
WHERE ((senderId = ? AND `receiverId` = ?) OR (`senderId` = ? AND receiverId = ?)) :((senderId = ? AND `receiverId` = ?) OR (`senderId` = ? AND `receiverId` = ?)):')
 4 SYSTEMPATH\Database\BaseBuilder.php(1731): CodeIgniter\Database\BaseConnection->query('SELECT COUNT(*) AS `numrows`
FROM `messages`
WHERE ((senderId = ? AND `receiverId` = ?) OR (`senderId` = ? AND receiverId = ?)) :((senderId = ? AND `receiverId` = ?) OR (`senderId` = ? AND `receiverId` = ?)):', [...], false)
 5 APPPATH\Models\MessageModel.php(87): CodeIgniter\Database\BaseBuilder->countAllResults()
 6 APPPATH\Controllers\Chat.php(176): App\Models\MessageModel->getConversationCount('207c49c0f2fc6493', '5349b44df9bf8543')
 7 SYSTEMPATH\CodeIgniter.php(974): App\Controllers\Chat->getMessages('5349b44df9bf8543')
 8 SYSTEMPATH\CodeIgniter.php(520): CodeIgniter\CodeIgniter->runController(Object(App\Controllers\Chat))
 9 SYSTEMPATH\CodeIgniter.php(363): CodeIgniter\CodeIgniter->handleRequest(null, Object(Config\Cache), false)
10 SYSTEMPATH\Boot.php(417): CodeIgniter\CodeIgniter->run()
11 SYSTEMPATH\Boot.php(68): CodeIgniter\Boot::runCodeIgniter(Object(CodeIgniter\CodeIgniter))
12 FCPATH\index.php(59): CodeIgniter\Boot::bootWeb(Object(Config\Paths))
ERROR - 2026-08-29 18:05:43 --> You have an error in your SQL syntax; check the manual that corresponds to your MariaDB server version for the right syntax to use near '? AND `receiverId` = ?) OR (`senderId` = ? AND receiverId = ?)) :((senderId =...' at line 3
in SYSTEMPATH\Database\MySQLi\Connection.php on line 300.
 1 SYSTEMPATH\Database\MySQLi\Connection.php(300): mysqli->query('SELECT COUNT(*) AS `numrows`
FROM `messages`
WHERE ((senderId = ? AND `receiverId` = ?) OR (`senderId` = ? AND receiverId = ?)) :((senderId = ? AND `receiverId` = ?) OR (`senderId` = ? AND `receiverId` = ?)):', 0)
 2 SYSTEMPATH\Database\BaseConnection.php(908): CodeIgniter\Database\MySQLi\Connection->execute('SELECT COUNT(*) AS `numrows`
FROM `messages`
WHERE ((senderId = ? AND `receiverId` = ?) OR (`senderId` = ? AND receiverId = ?)) :((senderId = ? AND `receiverId` = ?) OR (`senderId` = ? AND `receiverId` = ?)):')
 3 SYSTEMPATH\Database\BaseConnection.php(825): CodeIgniter\Database\BaseConnection->simpleQuery('SELECT COUNT(*) AS `numrows`
FROM `messages`
WHERE ((senderId = ? AND `receiverId` = ?) OR (`senderId` = ? AND receiverId = ?)) :((senderId = ? AND `receiverId` = ?) OR (`senderId` = ? AND `receiverId` = ?)):')
 4 SYSTEMPATH\Database\BaseBuilder.php(1731): CodeIgniter\Database\BaseConnection->query('SELECT COUNT(*) AS `numrows`
FROM `messages`
WHERE ((senderId = ? AND `receiverId` = ?) OR (`senderId` = ? AND receiverId = ?)) :((senderId = ? AND `receiverId` = ?) OR (`senderId` = ? AND `receiverId` = ?)):', [...], false)
 5 APPPATH\Models\MessageModel.php(87): CodeIgniter\Database\BaseBuilder->countAllResults()
 6 APPPATH\Controllers\Chat.php(176): App\Models\MessageModel->getConversationCount('207c49c0f2fc6493', '5349b44df9bf8543')
 7 SYSTEMPATH\CodeIgniter.php(974): App\Controllers\Chat->getMessages('5349b44df9bf8543')
 8 SYSTEMPATH\CodeIgniter.php(520): CodeIgniter\CodeIgniter->runController(Object(App\Controllers\Chat))
 9 SYSTEMPATH\CodeIgniter.php(363): CodeIgniter\CodeIgniter->handleRequest(null, Object(Config\Cache), false)
10 SYSTEMPATH\Boot.php(417): CodeIgniter\CodeIgniter->run()
11 SYSTEMPATH\Boot.php(68): CodeIgniter\Boot::runCodeIgniter(Object(CodeIgniter\CodeIgniter))
12 FCPATH\index.php(59): CodeIgniter\Boot::bootWeb(Object(Config\Paths))
CRITICAL - 2026-08-29 18:05:43 --> CodeIgniter\Database\Exceptions\DatabaseException: You have an error in your SQL syntax; check the manual that corresponds to your MariaDB server version for the right syntax to use near '? AND `receiverId` = ?) OR (`senderId` = ? AND receiverId = ?)) :((senderId =...' at line 3
[Method: GET, Route: employee/chat/messages/5349b44df9bf8543]
in SYSTEMPATH\Database\BaseConnection.php on line 863.
 1 SYSTEMPATH\Database\BaseBuilder.php(1731): CodeIgniter\Database\BaseConnection->query('SELECT COUNT(*) AS `numrows`
FROM `messages`
WHERE ((senderId = ? AND `receiverId` = ?) OR (`senderId` = ? AND receiverId = ?)) :((senderId = ? AND `receiverId` = ?) OR (`senderId` = ? AND `receiverId` = ?)):', [...], false)
 2 APPPATH\Models\MessageModel.php(87): CodeIgniter\Database\BaseBuilder->countAllResults()
 3 APPPATH\Controllers\Chat.php(176): App\Models\MessageModel->getConversationCount('207c49c0f2fc6493', '5349b44df9bf8543')
 4 SYSTEMPATH\CodeIgniter.php(974): App\Controllers\Chat->getMessages('5349b44df9bf8543')
 5 SYSTEMPATH\CodeIgniter.php(520): CodeIgniter\CodeIgniter->runController(Object(App\Controllers\Chat))
 6 SYSTEMPATH\CodeIgniter.php(363): CodeIgniter\CodeIgniter->handleRequest(null, Object(Config\Cache), false)
 7 SYSTEMPATH\Boot.php(417): CodeIgniter\CodeIgniter->run()
 8 SYSTEMPATH\Boot.php(68): CodeIgniter\Boot::runCodeIgniter(Object(CodeIgniter\CodeIgniter))
 9 FCPATH\index.php(59): CodeIgniter\Boot::bootWeb(Object(Config\Paths))
CRITICAL - 2026-08-29 18:05:43 --> [Caused by] CodeIgniter\Database\Exceptions\DatabaseException: You have an error in your SQL syntax; check the manual that corresponds to your MariaDB server version for the right syntax to use near '? AND `receiverId` = ?) OR (`senderId` = ? AND receiverId = ?)) :((senderId =...' at line 3
in SYSTEMPATH\Database\MySQLi\Connection.php on line 310.
 1 SYSTEMPATH\Database\BaseConnection.php(908): CodeIgniter\Database\MySQLi\Connection->execute('SELECT COUNT(*) AS `numrows`
FROM `messages`
WHERE ((senderId = ? AND `receiverId` = ?) OR (`senderId` = ? AND receiverId = ?)) :((senderId = ? AND `receiverId` = ?) OR (`senderId` = ? AND `receiverId` = ?)):')
 2 SYSTEMPATH\Database\BaseConnection.php(825): CodeIgniter\Database\BaseConnection->simpleQuery('SELECT COUNT(*) AS `numrows`
FROM `messages`
WHERE ((senderId = ? AND `receiverId` = ?) OR (`senderId` = ? AND receiverId = ?)) :((senderId = ? AND `receiverId` = ?) OR (`senderId` = ? AND `receiverId` = ?)):')
 3 SYSTEMPATH\Database\BaseBuilder.php(1731): CodeIgniter\Database\BaseConnection->query('SELECT COUNT(*) AS `numrows`
FROM `messages`
WHERE ((senderId = ? AND `receiverId` = ?) OR (`senderId` = ? AND receiverId = ?)) :((senderId = ? AND `receiverId` = ?) OR (`senderId` = ? AND `receiverId` = ?)):', [...], false)
 4 APPPATH\Models\MessageModel.php(87): CodeIgniter\Database\BaseBuilder->countAllResults()
 5 APPPATH\Controllers\Chat.php(176): App\Models\MessageModel->getConversationCount('207c49c0f2fc6493', '5349b44df9bf8543')
 6 SYSTEMPATH\CodeIgniter.php(974): App\Controllers\Chat->getMessages('5349b44df9bf8543')
 7 SYSTEMPATH\CodeIgniter.php(520): CodeIgniter\CodeIgniter->runController(Object(App\Controllers\Chat))
 8 SYSTEMPATH\CodeIgniter.php(363): CodeIgniter\CodeIgniter->handleRequest(null, Object(Config\Cache), false)
 9 SYSTEMPATH\Boot.php(417): CodeIgniter\CodeIgniter->run()
10 SYSTEMPATH\Boot.php(68): CodeIgniter\Boot::runCodeIgniter(Object(CodeIgniter\CodeIgniter))
11 FCPATH\index.php(59): CodeIgniter\Boot::bootWeb(Object(Config\Paths))
CRITICAL - 2026-08-29 18:05:43 --> [Caused by] mysqli_sql_exception: You have an error in your SQL syntax; check the manual that corresponds to your MariaDB server version for the right syntax to use near '? AND `receiverId` = ?) OR (`senderId` = ? AND receiverId = ?)) :((senderId =...' at line 3
in SYSTEMPATH\Database\MySQLi\Connection.php on line 300.
 1 SYSTEMPATH\Database\MySQLi\Connection.php(300): mysqli->query('SELECT COUNT(*) AS `numrows`
FROM `messages`
WHERE ((senderId = ? AND `receiverId` = ?) OR (`senderId` = ? AND receiverId = ?)) :((senderId = ? AND `receiverId` = ?) OR (`senderId` = ? AND `receiverId` = ?)):', 0)
 2 SYSTEMPATH\Database\BaseConnection.php(908): CodeIgniter\Database\MySQLi\Connection->execute('SELECT COUNT(*) AS `numrows`
FROM `messages`
WHERE ((senderId = ? AND `receiverId` = ?) OR (`senderId` = ? AND receiverId = ?)) :((senderId = ? AND `receiverId` = ?) OR (`senderId` = ? AND `receiverId` = ?)):')
 3 SYSTEMPATH\Database\BaseConnection.php(825): CodeIgniter\Database\BaseConnection->simpleQuery('SELECT COUNT(*) AS `numrows`
FROM `messages`
WHERE ((senderId = ? AND `receiverId` = ?) OR (`senderId` = ? AND receiverId = ?)) :((senderId = ? AND `receiverId` = ?) OR (`senderId` = ? AND `receiverId` = ?)):')
 4 SYSTEMPATH\Database\BaseBuilder.php(1731): CodeIgniter\Database\BaseConnection->query('SELECT COUNT(*) AS `numrows`
FROM `messages`
WHERE ((senderId = ? AND `receiverId` = ?) OR (`senderId` = ? AND receiverId = ?)) :((senderId = ? AND `receiverId` = ?) OR (`senderId` = ? AND `receiverId` = ?)):', [...], false)
 5 APPPATH\Models\MessageModel.php(87): CodeIgniter\Database\BaseBuilder->countAllResults()
 6 APPPATH\Controllers\Chat.php(176): App\Models\MessageModel->getConversationCount('207c49c0f2fc6493', '5349b44df9bf8543')
 7 SYSTEMPATH\CodeIgniter.php(974): App\Controllers\Chat->getMessages('5349b44df9bf8543')
 8 SYSTEMPATH\CodeIgniter.php(520): CodeIgniter\CodeIgniter->runController(Object(App\Controllers\Chat))
 9 SYSTEMPATH\CodeIgniter.php(363): CodeIgniter\CodeIgniter->handleRequest(null, Object(Config\Cache), false)
10 SYSTEMPATH\Boot.php(417): CodeIgniter\CodeIgniter->run()
11 SYSTEMPATH\Boot.php(68): CodeIgniter\Boot::runCodeIgniter(Object(CodeIgniter\CodeIgniter))
12 FCPATH\index.php(59): CodeIgniter\Boot::bootWeb(Object(Config\Paths))
ERROR - 2026-08-29 18:05:46 --> You have an error in your SQL syntax; check the manual that corresponds to your MariaDB server version for the right syntax to use near '? AND `receiverId` = ?) OR (`senderId` = ? AND receiverId = ?)) :((senderId =...' at line 3
in SYSTEMPATH\Database\MySQLi\Connection.php on line 300.
 1 SYSTEMPATH\Database\MySQLi\Connection.php(300): mysqli->query('SELECT COUNT(*) AS `numrows`
FROM `messages`
WHERE ((senderId = ? AND `receiverId` = ?) OR (`senderId` = ? AND receiverId = ?)) :((senderId = ? AND `receiverId` = ?) OR (`senderId` = ? AND `receiverId` = ?)):', 0)
 2 SYSTEMPATH\Database\BaseConnection.php(908): CodeIgniter\Database\MySQLi\Connection->execute('SELECT COUNT(*) AS `numrows`
FROM `messages`
WHERE ((senderId = ? AND `receiverId` = ?) OR (`senderId` = ? AND receiverId = ?)) :((senderId = ? AND `receiverId` = ?) OR (`senderId` = ? AND `receiverId` = ?)):')
 3 SYSTEMPATH\Database\BaseConnection.php(825): CodeIgniter\Database\BaseConnection->simpleQuery('SELECT COUNT(*) AS `numrows`
FROM `messages`
WHERE ((senderId = ? AND `receiverId` = ?) OR (`senderId` = ? AND receiverId = ?)) :((senderId = ? AND `receiverId` = ?) OR (`senderId` = ? AND `receiverId` = ?)):')
 4 SYSTEMPATH\Database\BaseBuilder.php(1731): CodeIgniter\Database\BaseConnection->query('SELECT COUNT(*) AS `numrows`
FROM `messages`
WHERE ((senderId = ? AND `receiverId` = ?) OR (`senderId` = ? AND receiverId = ?)) :((senderId = ? AND `receiverId` = ?) OR (`senderId` = ? AND `receiverId` = ?)):', [...], false)
 5 APPPATH\Models\MessageModel.php(87): CodeIgniter\Database\BaseBuilder->countAllResults()
 6 APPPATH\Controllers\Chat.php(176): App\Models\MessageModel->getConversationCount('207c49c0f2fc6493', '5349b44df9bf8543')
 7 SYSTEMPATH\CodeIgniter.php(974): App\Controllers\Chat->getMessages('5349b44df9bf8543')
 8 SYSTEMPATH\CodeIgniter.php(520): CodeIgniter\CodeIgniter->runController(Object(App\Controllers\Chat))
 9 SYSTEMPATH\CodeIgniter.php(363): CodeIgniter\CodeIgniter->handleRequest(null, Object(Config\Cache), false)
10 SYSTEMPATH\Boot.php(417): CodeIgniter\CodeIgniter->run()
11 SYSTEMPATH\Boot.php(68): CodeIgniter\Boot::runCodeIgniter(Object(CodeIgniter\CodeIgniter))
12 FCPATH\index.php(59): CodeIgniter\Boot::bootWeb(Object(Config\Paths))
CRITICAL - 2026-08-29 18:05:46 --> CodeIgniter\Database\Exceptions\DatabaseException: You have an error in your SQL syntax; check the manual that corresponds to your MariaDB server version for the right syntax to use near '? AND `receiverId` = ?) OR (`senderId` = ? AND receiverId = ?)) :((senderId =...' at line 3
[Method: GET, Route: employee/chat/messages/5349b44df9bf8543]
in SYSTEMPATH\Database\BaseConnection.php on line 863.
 1 SYSTEMPATH\Database\BaseBuilder.php(1731): CodeIgniter\Database\BaseConnection->query('SELECT COUNT(*) AS `numrows`
FROM `messages`
WHERE ((senderId = ? AND `receiverId` = ?) OR (`senderId` = ? AND receiverId = ?)) :((senderId = ? AND `receiverId` = ?) OR (`senderId` = ? AND `receiverId` = ?)):', [...], false)
 2 APPPATH\Models\MessageModel.php(87): CodeIgniter\Database\BaseBuilder->countAllResults()
 3 APPPATH\Controllers\Chat.php(176): App\Models\MessageModel->getConversationCount('207c49c0f2fc6493', '5349b44df9bf8543')
 4 SYSTEMPATH\CodeIgniter.php(974): App\Controllers\Chat->getMessages('5349b44df9bf8543')
 5 SYSTEMPATH\CodeIgniter.php(520): CodeIgniter\CodeIgniter->runController(Object(App\Controllers\Chat))
 6 SYSTEMPATH\CodeIgniter.php(363): CodeIgniter\CodeIgniter->handleRequest(null, Object(Config\Cache), false)
 7 SYSTEMPATH\Boot.php(417): CodeIgniter\CodeIgniter->run()
 8 SYSTEMPATH\Boot.php(68): CodeIgniter\Boot::runCodeIgniter(Object(CodeIgniter\CodeIgniter))
 9 FCPATH\index.php(59): CodeIgniter\Boot::bootWeb(Object(Config\Paths))
CRITICAL - 2026-08-29 18:05:46 --> [Caused by] CodeIgniter\Database\Exceptions\DatabaseException: You have an error in your SQL syntax; check the manual that corresponds to your MariaDB server version for the right syntax to use near '? AND `receiverId` = ?) OR (`senderId` = ? AND receiverId = ?)) :((senderId =...' at line 3
in SYSTEMPATH\Database\MySQLi\Connection.php on line 310.
 1 SYSTEMPATH\Database\BaseConnection.php(908): CodeIgniter\Database\MySQLi\Connection->execute('SELECT COUNT(*) AS `numrows`
FROM `messages`
WHERE ((senderId = ? AND `receiverId` = ?) OR (`senderId` = ? AND receiverId = ?)) :((senderId = ? AND `receiverId` = ?) OR (`senderId` = ? AND `receiverId` = ?)):')
 2 SYSTEMPATH\Database\BaseConnection.php(825): CodeIgniter\Database\BaseConnection->simpleQuery('SELECT COUNT(*) AS `numrows`
FROM `messages`
WHERE ((senderId = ? AND `receiverId` = ?) OR (`senderId` = ? AND receiverId = ?)) :((senderId = ? AND `receiverId` = ?) OR (`senderId` = ? AND `receiverId` = ?)):')
 3 SYSTEMPATH\Database\BaseBuilder.php(1731): CodeIgniter\Database\BaseConnection->query('SELECT COUNT(*) AS `numrows`
FROM `messages`
WHERE ((senderId = ? AND `receiverId` = ?) OR (`senderId` = ? AND receiverId = ?)) :((senderId = ? AND `receiverId` = ?) OR (`senderId` = ? AND `receiverId` = ?)):', [...], false)
 4 APPPATH\Models\MessageModel.php(87): CodeIgniter\Database\BaseBuilder->countAllResults()
 5 APPPATH\Controllers\Chat.php(176): App\Models\MessageModel->getConversationCount('207c49c0f2fc6493', '5349b44df9bf8543')
 6 SYSTEMPATH\CodeIgniter.php(974): App\Controllers\Chat->getMessages('5349b44df9bf8543')
 7 SYSTEMPATH\CodeIgniter.php(520): CodeIgniter\CodeIgniter->runController(Object(App\Controllers\Chat))
 8 SYSTEMPATH\CodeIgniter.php(363): CodeIgniter\CodeIgniter->handleRequest(null, Object(Config\Cache), false)
 9 SYSTEMPATH\Boot.php(417): CodeIgniter\CodeIgniter->run()
10 SYSTEMPATH\Boot.php(68): CodeIgniter\Boot::runCodeIgniter(Object(CodeIgniter\CodeIgniter))
11 FCPATH\index.php(59): CodeIgniter\Boot::bootWeb(Object(Config\Paths))
CRITICAL - 2026-08-29 18:05:46 --> [Caused by] mysqli_sql_exception: You have an error in your SQL syntax; check the manual that corresponds to your MariaDB server version for the right syntax to use near '? AND `receiverId` = ?) OR (`senderId` = ? AND receiverId = ?)) :((senderId =...' at line 3
in SYSTEMPATH\Database\MySQLi\Connection.php on line 300.
 1 SYSTEMPATH\Database\MySQLi\Connection.php(300): mysqli->query('SELECT COUNT(*) AS `numrows`
FROM `messages`
WHERE ((senderId = ? AND `receiverId` = ?) OR (`senderId` = ? AND receiverId = ?)) :((senderId = ? AND `receiverId` = ?) OR (`senderId` = ? AND `receiverId` = ?)):', 0)
 2 SYSTEMPATH\Database\BaseConnection.php(908): CodeIgniter\Database\MySQLi\Connection->execute('SELECT COUNT(*) AS `numrows`
FROM `messages`
WHERE ((senderId = ? AND `receiverId` = ?) OR (`senderId` = ? AND receiverId = ?)) :((senderId = ? AND `receiverId` = ?) OR (`senderId` = ? AND `receiverId` = ?)):')
 3 SYSTEMPATH\Database\BaseConnection.php(825): CodeIgniter\Database\BaseConnection->simpleQuery('SELECT COUNT(*) AS `numrows`
FROM `messages`
WHERE ((senderId = ? AND `receiverId` = ?) OR (`senderId` = ? AND receiverId = ?)) :((senderId = ? AND `receiverId` = ?) OR (`senderId` = ? AND `receiverId` = ?)):')
 4 SYSTEMPATH\Database\BaseBuilder.php(1731): CodeIgniter\Database\BaseConnection->query('SELECT COUNT(*) AS `numrows`
FROM `messages`
WHERE ((senderId = ? AND `receiverId` = ?) OR (`senderId` = ? AND receiverId = ?)) :((senderId = ? AND `receiverId` = ?) OR (`senderId` = ? AND `receiverId` = ?)):', [...], false)
 5 APPPATH\Models\MessageModel.php(87): CodeIgniter\Database\BaseBuilder->countAllResults()
 6 APPPATH\Controllers\Chat.php(176): App\Models\MessageModel->getConversationCount('207c49c0f2fc6493', '5349b44df9bf8543')
 7 SYSTEMPATH\CodeIgniter.php(974): App\Controllers\Chat->getMessages('5349b44df9bf8543')
 8 SYSTEMPATH\CodeIgniter.php(520): CodeIgniter\CodeIgniter->runController(Object(App\Controllers\Chat))
 9 SYSTEMPATH\CodeIgniter.php(363): CodeIgniter\CodeIgniter->handleRequest(null, Object(Config\Cache), false)
10 SYSTEMPATH\Boot.php(417): CodeIgniter\CodeIgniter->run()
11 SYSTEMPATH\Boot.php(68): CodeIgniter\Boot::runCodeIgniter(Object(CodeIgniter\CodeIgniter))
12 FCPATH\index.php(59): CodeIgniter\Boot::bootWeb(Object(Config\Paths))
ERROR - 2026-08-29 18:05:49 --> You have an error in your SQL syntax; check the manual that corresponds to your MariaDB server version for the right syntax to use near '? AND `receiverId` = ?) OR (`senderId` = ? AND receiverId = ?)) :((senderId =...' at line 3
in SYSTEMPATH\Database\MySQLi\Connection.php on line 300.
 1 SYSTEMPATH\Database\MySQLi\Connection.php(300): mysqli->query('SELECT COUNT(*) AS `numrows`
FROM `messages`
WHERE ((senderId = ? AND `receiverId` = ?) OR (`senderId` = ? AND receiverId = ?)) :((senderId = ? AND `receiverId` = ?) OR (`senderId` = ? AND `receiverId` = ?)):', 0)
 2 SYSTEMPATH\Database\BaseConnection.php(908): CodeIgniter\Database\MySQLi\Connection->execute('SELECT COUNT(*) AS `numrows`
FROM `messages`
WHERE ((senderId = ? AND `receiverId` = ?) OR (`senderId` = ? AND receiverId = ?)) :((senderId = ? AND `receiverId` = ?) OR (`senderId` = ? AND `receiverId` = ?)):')
 3 SYSTEMPATH\Database\BaseConnection.php(825): CodeIgniter\Database\BaseConnection->simpleQuery('SELECT COUNT(*) AS `numrows`
FROM `messages`
WHERE ((senderId = ? AND `receiverId` = ?) OR (`senderId` = ? AND receiverId = ?)) :((senderId = ? AND `receiverId` = ?) OR (`senderId` = ? AND `receiverId` = ?)):')
 4 SYSTEMPATH\Database\BaseBuilder.php(1731): CodeIgniter\Database\BaseConnection->query('SELECT COUNT(*) AS `numrows`
FROM `messages`
WHERE ((senderId = ? AND `receiverId` = ?) OR (`senderId` = ? AND receiverId = ?)) :((senderId = ? AND `receiverId` = ?) OR (`senderId` = ? AND `receiverId` = ?)):', [...], false)
 5 APPPATH\Models\MessageModel.php(87): CodeIgniter\Database\BaseBuilder->countAllResults()
 6 APPPATH\Controllers\Chat.php(176): App\Models\MessageModel->getConversationCount('207c49c0f2fc6493', '5349b44df9bf8543')
 7 SYSTEMPATH\CodeIgniter.php(974): App\Controllers\Chat->getMessages('5349b44df9bf8543')
 8 SYSTEMPATH\CodeIgniter.php(520): CodeIgniter\CodeIgniter->runController(Object(App\Controllers\Chat))
 9 SYSTEMPATH\CodeIgniter.php(363): CodeIgniter\CodeIgniter->handleRequest(null, Object(Config\Cache), false)
10 SYSTEMPATH\Boot.php(417): CodeIgniter\CodeIgniter->run()
11 SYSTEMPATH\Boot.php(68): CodeIgniter\Boot::runCodeIgniter(Object(CodeIgniter\CodeIgniter))
12 FCPATH\index.php(59): CodeIgniter\Boot::bootWeb(Object(Config\Paths))
CRITICAL - 2026-08-29 18:05:49 --> CodeIgniter\Database\Exceptions\DatabaseException: You have an error in your SQL syntax; check the manual that corresponds to your MariaDB server version for the right syntax to use near '? AND `receiverId` = ?) OR (`senderId` = ? AND receiverId = ?)) :((senderId =...' at line 3
[Method: GET, Route: employee/chat/messages/5349b44df9bf8543]
in SYSTEMPATH\Database\BaseConnection.php on line 863.
 1 SYSTEMPATH\Database\BaseBuilder.php(1731): CodeIgniter\Database\BaseConnection->query('SELECT COUNT(*) AS `numrows`
FROM `messages`
WHERE ((senderId = ? AND `receiverId` = ?) OR (`senderId` = ? AND receiverId = ?)) :((senderId = ? AND `receiverId` = ?) OR (`senderId` = ? AND `receiverId` = ?)):', [...], false)
 2 APPPATH\Models\MessageModel.php(87): CodeIgniter\Database\BaseBuilder->countAllResults()
 3 APPPATH\Controllers\Chat.php(176): App\Models\MessageModel->getConversationCount('207c49c0f2fc6493', '5349b44df9bf8543')
 4 SYSTEMPATH\CodeIgniter.php(974): App\Controllers\Chat->getMessages('5349b44df9bf8543')
 5 SYSTEMPATH\CodeIgniter.php(520): CodeIgniter\CodeIgniter->runController(Object(App\Controllers\Chat))
 6 SYSTEMPATH\CodeIgniter.php(363): CodeIgniter\CodeIgniter->handleRequest(null, Object(Config\Cache), false)
 7 SYSTEMPATH\Boot.php(417): CodeIgniter\CodeIgniter->run()
 8 SYSTEMPATH\Boot.php(68): CodeIgniter\Boot::runCodeIgniter(Object(CodeIgniter\CodeIgniter))
 9 FCPATH\index.php(59): CodeIgniter\Boot::bootWeb(Object(Config\Paths))
CRITICAL - 2026-08-29 18:05:49 --> [Caused by] CodeIgniter\Database\Exceptions\DatabaseException: You have an error in your SQL syntax; check the manual that corresponds to your MariaDB server version for the right syntax to use near '? AND `receiverId` = ?) OR (`senderId` = ? AND receiverId = ?)) :((senderId =...' at line 3
in SYSTEMPATH\Database\MySQLi\Connection.php on line 310.
 1 SYSTEMPATH\Database\BaseConnection.php(908): CodeIgniter\Database\MySQLi\Connection->execute('SELECT COUNT(*) AS `numrows`
FROM `messages`
WHERE ((senderId = ? AND `receiverId` = ?) OR (`senderId` = ? AND receiverId = ?)) :((senderId = ? AND `receiverId` = ?) OR (`senderId` = ? AND `receiverId` = ?)):')
 2 SYSTEMPATH\Database\BaseConnection.php(825): CodeIgniter\Database\BaseConnection->simpleQuery('SELECT COUNT(*) AS `numrows`
FROM `messages`
WHERE ((senderId = ? AND `receiverId` = ?) OR (`senderId` = ? AND receiverId = ?)) :((senderId = ? AND `receiverId` = ?) OR (`senderId` = ? AND `receiverId` = ?)):')
 3 SYSTEMPATH\Database\BaseBuilder.php(1731): CodeIgniter\Database\BaseConnection->query('SELECT COUNT(*) AS `numrows`
FROM `messages`
WHERE ((senderId = ? AND `receiverId` = ?) OR (`senderId` = ? AND receiverId = ?)) :((senderId = ? AND `receiverId` = ?) OR (`senderId` = ? AND `receiverId` = ?)):', [...], false)
 4 APPPATH\Models\MessageModel.php(87): CodeIgniter\Database\BaseBuilder->countAllResults()
 5 APPPATH\Controllers\Chat.php(176): App\Models\MessageModel->getConversationCount('207c49c0f2fc6493', '5349b44df9bf8543')
 6 SYSTEMPATH\CodeIgniter.php(974): App\Controllers\Chat->getMessages('5349b44df9bf8543')
 7 SYSTEMPATH\CodeIgniter.php(520): CodeIgniter\CodeIgniter->runController(Object(App\Controllers\Chat))
 8 SYSTEMPATH\CodeIgniter.php(363): CodeIgniter\CodeIgniter->handleRequest(null, Object(Config\Cache), false)
 9 SYSTEMPATH\Boot.php(417): CodeIgniter\CodeIgniter->run()
10 SYSTEMPATH\Boot.php(68): CodeIgniter\Boot::runCodeIgniter(Object(CodeIgniter\CodeIgniter))
11 FCPATH\index.php(59): CodeIgniter\Boot::bootWeb(Object(Config\Paths))
CRITICAL - 2026-08-29 18:05:49 --> [Caused by] mysqli_sql_exception: You have an error in your SQL syntax; check the manual that corresponds to your MariaDB server version for the right syntax to use near '? AND `receiverId` = ?) OR (`senderId` = ? AND receiverId = ?)) :((senderId =...' at line 3
in SYSTEMPATH\Database\MySQLi\Connection.php on line 300.
 1 SYSTEMPATH\Database\MySQLi\Connection.php(300): mysqli->query('SELECT COUNT(*) AS `numrows`
FROM `messages`
WHERE ((senderId = ? AND `receiverId` = ?) OR (`senderId` = ? AND receiverId = ?)) :((senderId = ? AND `receiverId` = ?) OR (`senderId` = ? AND `receiverId` = ?)):', 0)
 2 SYSTEMPATH\Database\BaseConnection.php(908): CodeIgniter\Database\MySQLi\Connection->execute('SELECT COUNT(*) AS `numrows`
FROM `messages`
WHERE ((senderId = ? AND `receiverId` = ?) OR (`senderId` = ? AND receiverId = ?)) :((senderId = ? AND `receiverId` = ?) OR (`senderId` = ? AND `receiverId` = ?)):')
 3 SYSTEMPATH\Database\BaseConnection.php(825): CodeIgniter\Database\BaseConnection->simpleQuery('SELECT COUNT(*) AS `numrows`
FROM `messages`
WHERE ((senderId = ? AND `receiverId` = ?) OR (`senderId` = ? AND receiverId = ?)) :((senderId = ? AND `receiverId` = ?) OR (`senderId` = ? AND `receiverId` = ?)):')
 4 SYSTEMPATH\Database\BaseBuilder.php(1731): CodeIgniter\Database\BaseConnection->query('SELECT COUNT(*) AS `numrows`
FROM `messages`
WHERE ((senderId = ? AND `receiverId` = ?) OR (`senderId` = ? AND receiverId = ?)) :((senderId = ? AND `receiverId` = ?) OR (`senderId` = ? AND `receiverId` = ?)):', [...], false)
 5 APPPATH\Models\MessageModel.php(87): CodeIgniter\Database\BaseBuilder->countAllResults()
 6 APPPATH\Controllers\Chat.php(176): App\Models\MessageModel->getConversationCount('207c49c0f2fc6493', '5349b44df9bf8543')
 7 SYSTEMPATH\CodeIgniter.php(974): App\Controllers\Chat->getMessages('5349b44df9bf8543')
 8 SYSTEMPATH\CodeIgniter.php(520): CodeIgniter\CodeIgniter->runController(Object(App\Controllers\Chat))
 9 SYSTEMPATH\CodeIgniter.php(363): CodeIgniter\CodeIgniter->handleRequest(null, Object(Config\Cache), false)
10 SYSTEMPATH\Boot.php(417): CodeIgniter\CodeIgniter->run()
11 SYSTEMPATH\Boot.php(68): CodeIgniter\Boot::runCodeIgniter(Object(CodeIgniter\CodeIgniter))
12 FCPATH\index.php(59): CodeIgniter\Boot::bootWeb(Object(Config\Paths))
ERROR - 2026-08-29 18:05:52 --> You have an error in your SQL syntax; check the manual that corresponds to your MariaDB server version for the right syntax to use near '? AND `receiverId` = ?) OR (`senderId` = ? AND receiverId = ?)) :((senderId =...' at line 3
in SYSTEMPATH\Database\MySQLi\Connection.php on line 300.
 1 SYSTEMPATH\Database\MySQLi\Connection.php(300): mysqli->query('SELECT COUNT(*) AS `numrows`
FROM `messages`
WHERE ((senderId = ? AND `receiverId` = ?) OR (`senderId` = ? AND receiverId = ?)) :((senderId = ? AND `receiverId` = ?) OR (`senderId` = ? AND `receiverId` = ?)):', 0)
 2 SYSTEMPATH\Database\BaseConnection.php(908): CodeIgniter\Database\MySQLi\Connection->execute('SELECT COUNT(*) AS `numrows`
FROM `messages`
WHERE ((senderId = ? AND `receiverId` = ?) OR (`senderId` = ? AND receiverId = ?)) :((senderId = ? AND `receiverId` = ?) OR (`senderId` = ? AND `receiverId` = ?)):')
 3 SYSTEMPATH\Database\BaseConnection.php(825): CodeIgniter\Database\BaseConnection->simpleQuery('SELECT COUNT(*) AS `numrows`
FROM `messages`
WHERE ((senderId = ? AND `receiverId` = ?) OR (`senderId` = ? AND receiverId = ?)) :((senderId = ? AND `receiverId` = ?) OR (`senderId` = ? AND `receiverId` = ?)):')
 4 SYSTEMPATH\Database\BaseBuilder.php(1731): CodeIgniter\Database\BaseConnection->query('SELECT COUNT(*) AS `numrows`
FROM `messages`
WHERE ((senderId = ? AND `receiverId` = ?) OR (`senderId` = ? AND receiverId = ?)) :((senderId = ? AND `receiverId` = ?) OR (`senderId` = ? AND `receiverId` = ?)):', [...], false)
 5 APPPATH\Models\MessageModel.php(87): CodeIgniter\Database\BaseBuilder->countAllResults()
 6 APPPATH\Controllers\Chat.php(176): App\Models\MessageModel->getConversationCount('207c49c0f2fc6493', '5349b44df9bf8543')
 7 SYSTEMPATH\CodeIgniter.php(974): App\Controllers\Chat->getMessages('5349b44df9bf8543')
 8 SYSTEMPATH\CodeIgniter.php(520): CodeIgniter\CodeIgniter->runController(Object(App\Controllers\Chat))
 9 SYSTEMPATH\CodeIgniter.php(363): CodeIgniter\CodeIgniter->handleRequest(null, Object(Config\Cache), false)
10 SYSTEMPATH\Boot.php(417): CodeIgniter\CodeIgniter->run()
11 SYSTEMPATH\Boot.php(68): CodeIgniter\Boot::runCodeIgniter(Object(CodeIgniter\CodeIgniter))
12 FCPATH\index.php(59): CodeIgniter\Boot::bootWeb(Object(Config\Paths))
CRITICAL - 2026-08-29 18:05:52 --> CodeIgniter\Database\Exceptions\DatabaseException: You have an error in your SQL syntax; check the manual that corresponds to your MariaDB server version for the right syntax to use near '? AND `receiverId` = ?) OR (`senderId` = ? AND receiverId = ?)) :((senderId =...' at line 3
[Method: GET, Route: employee/chat/messages/5349b44df9bf8543]
in SYSTEMPATH\Database\BaseConnection.php on line 863.
 1 SYSTEMPATH\Database\BaseBuilder.php(1731): CodeIgniter\Database\BaseConnection->query('SELECT COUNT(*) AS `numrows`
FROM `messages`
WHERE ((senderId = ? AND `receiverId` = ?) OR (`senderId` = ? AND receiverId = ?)) :((senderId = ? AND `receiverId` = ?) OR (`senderId` = ? AND `receiverId` = ?)):', [...], false)
 2 APPPATH\Models\MessageModel.php(87): CodeIgniter\Database\BaseBuilder->countAllResults()
 3 APPPATH\Controllers\Chat.php(176): App\Models\MessageModel->getConversationCount('207c49c0f2fc6493', '5349b44df9bf8543')
 4 SYSTEMPATH\CodeIgniter.php(974): App\Controllers\Chat->getMessages('5349b44df9bf8543')
 5 SYSTEMPATH\CodeIgniter.php(520): CodeIgniter\CodeIgniter->runController(Object(App\Controllers\Chat))
 6 SYSTEMPATH\CodeIgniter.php(363): CodeIgniter\CodeIgniter->handleRequest(null, Object(Config\Cache), false)
 7 SYSTEMPATH\Boot.php(417): CodeIgniter\CodeIgniter->run()
 8 SYSTEMPATH\Boot.php(68): CodeIgniter\Boot::runCodeIgniter(Object(CodeIgniter\CodeIgniter))
 9 FCPATH\index.php(59): CodeIgniter\Boot::bootWeb(Object(Config\Paths))
CRITICAL - 2026-08-29 18:05:52 --> [Caused by] CodeIgniter\Database\Exceptions\DatabaseException: You have an error in your SQL syntax; check the manual that corresponds to your MariaDB server version for the right syntax to use near '? AND `receiverId` = ?) OR (`senderId` = ? AND receiverId = ?)) :((senderId =...' at line 3
in SYSTEMPATH\Database\MySQLi\Connection.php on line 310.
 1 SYSTEMPATH\Database\BaseConnection.php(908): CodeIgniter\Database\MySQLi\Connection->execute('SELECT COUNT(*) AS `numrows`
FROM `messages`
WHERE ((senderId = ? AND `receiverId` = ?) OR (`senderId` = ? AND receiverId = ?)) :((senderId = ? AND `receiverId` = ?) OR (`senderId` = ? AND `receiverId` = ?)):')
 2 SYSTEMPATH\Database\BaseConnection.php(825): CodeIgniter\Database\BaseConnection->simpleQuery('SELECT COUNT(*) AS `numrows`
FROM `messages`
WHERE ((senderId = ? AND `receiverId` = ?) OR (`senderId` = ? AND receiverId = ?)) :((senderId = ? AND `receiverId` = ?) OR (`senderId` = ? AND `receiverId` = ?)):')
 3 SYSTEMPATH\Database\BaseBuilder.php(1731): CodeIgniter\Database\BaseConnection->query('SELECT COUNT(*) AS `numrows`
FROM `messages`
WHERE ((senderId = ? AND `receiverId` = ?) OR (`senderId` = ? AND receiverId = ?)) :((senderId = ? AND `receiverId` = ?) OR (`senderId` = ? AND `receiverId` = ?)):', [...], false)
 4 APPPATH\Models\MessageModel.php(87): CodeIgniter\Database\BaseBuilder->countAllResults()
 5 APPPATH\Controllers\Chat.php(176): App\Models\MessageModel->getConversationCount('207c49c0f2fc6493', '5349b44df9bf8543')
 6 SYSTEMPATH\CodeIgniter.php(974): App\Controllers\Chat->getMessages('5349b44df9bf8543')
 7 SYSTEMPATH\CodeIgniter.php(520): CodeIgniter\CodeIgniter->runController(Object(App\Controllers\Chat))
 8 SYSTEMPATH\CodeIgniter.php(363): CodeIgniter\CodeIgniter->handleRequest(null, Object(Config\Cache), false)
 9 SYSTEMPATH\Boot.php(417): CodeIgniter\CodeIgniter->run()
10 SYSTEMPATH\Boot.php(68): CodeIgniter\Boot::runCodeIgniter(Object(CodeIgniter\CodeIgniter))
11 FCPATH\index.php(59): CodeIgniter\Boot::bootWeb(Object(Config\Paths))
CRITICAL - 2026-08-29 18:05:52 --> [Caused by] mysqli_sql_exception: You have an error in your SQL syntax; check the manual that corresponds to your MariaDB server version for the right syntax to use near '? AND `receiverId` = ?) OR (`senderId` = ? AND receiverId = ?)) :((senderId =...' at line 3
in SYSTEMPATH\Database\MySQLi\Connection.php on line 300.
 1 SYSTEMPATH\Database\MySQLi\Connection.php(300): mysqli->query('SELECT COUNT(*) AS `numrows`
FROM `messages`
WHERE ((senderId = ? AND `receiverId` = ?) OR (`senderId` = ? AND receiverId = ?)) :((senderId = ? AND `receiverId` = ?) OR (`senderId` = ? AND `receiverId` = ?)):', 0)
 2 SYSTEMPATH\Database\BaseConnection.php(908): CodeIgniter\Database\MySQLi\Connection->execute('SELECT COUNT(*) AS `numrows`
FROM `messages`
WHERE ((senderId = ? AND `receiverId` = ?) OR (`senderId` = ? AND receiverId = ?)) :((senderId = ? AND `receiverId` = ?) OR (`senderId` = ? AND `receiverId` = ?)):')
 3 SYSTEMPATH\Database\BaseConnection.php(825): CodeIgniter\Database\BaseConnection->simpleQuery('SELECT COUNT(*) AS `numrows`
FROM `messages`
WHERE ((senderId = ? AND `receiverId` = ?) OR (`senderId` = ? AND receiverId = ?)) :((senderId = ? AND `receiverId` = ?) OR (`senderId` = ? AND `receiverId` = ?)):')
 4 SYSTEMPATH\Database\BaseBuilder.php(1731): CodeIgniter\Database\BaseConnection->query('SELECT COUNT(*) AS `numrows`
FROM `messages`
WHERE ((senderId = ? AND `receiverId` = ?) OR (`senderId` = ? AND receiverId = ?)) :((senderId = ? AND `receiverId` = ?) OR (`senderId` = ? AND `receiverId` = ?)):', [...], false)
 5 APPPATH\Models\MessageModel.php(87): CodeIgniter\Database\BaseBuilder->countAllResults()
 6 APPPATH\Controllers\Chat.php(176): App\Models\MessageModel->getConversationCount('207c49c0f2fc6493', '5349b44df9bf8543')
 7 SYSTEMPATH\CodeIgniter.php(974): App\Controllers\Chat->getMessages('5349b44df9bf8543')
 8 SYSTEMPATH\CodeIgniter.php(520): CodeIgniter\CodeIgniter->runController(Object(App\Controllers\Chat))
 9 SYSTEMPATH\CodeIgniter.php(363): CodeIgniter\CodeIgniter->handleRequest(null, Object(Config\Cache), false)
10 SYSTEMPATH\Boot.php(417): CodeIgniter\CodeIgniter->run()
11 SYSTEMPATH\Boot.php(68): CodeIgniter\Boot::runCodeIgniter(Object(CodeIgniter\CodeIgniter))
12 FCPATH\index.php(59): CodeIgniter\Boot::bootWeb(Object(Config\Paths))
ERROR - 2026-08-29 18:05:55 --> You have an error in your SQL syntax; check the manual that corresponds to your MariaDB server version for the right syntax to use near '? AND `receiverId` = ?) OR (`senderId` = ? AND receiverId = ?)) :((senderId =...' at line 3
in SYSTEMPATH\Database\MySQLi\Connection.php on line 300.
 1 SYSTEMPATH\Database\MySQLi\Connection.php(300): mysqli->query('SELECT COUNT(*) AS `numrows`
FROM `messages`
WHERE ((senderId = ? AND `receiverId` = ?) OR (`senderId` = ? AND receiverId = ?)) :((senderId = ? AND `receiverId` = ?) OR (`senderId` = ? AND `receiverId` = ?)):', 0)
 2 SYSTEMPATH\Database\BaseConnection.php(908): CodeIgniter\Database\MySQLi\Connection->execute('SELECT COUNT(*) AS `numrows`
FROM `messages`
WHERE ((senderId = ? AND `receiverId` = ?) OR (`senderId` = ? AND receiverId = ?)) :((senderId = ? AND `receiverId` = ?) OR (`senderId` = ? AND `receiverId` = ?)):')
 3 SYSTEMPATH\Database\BaseConnection.php(825): CodeIgniter\Database\BaseConnection->simpleQuery('SELECT COUNT(*) AS `numrows`
FROM `messages`
WHERE ((senderId = ? AND `receiverId` = ?) OR (`senderId` = ? AND receiverId = ?)) :((senderId = ? AND `receiverId` = ?) OR (`senderId` = ? AND `receiverId` = ?)):')
 4 SYSTEMPATH\Database\BaseBuilder.php(1731): CodeIgniter\Database\BaseConnection->query('SELECT COUNT(*) AS `numrows`
FROM `messages`
WHERE ((senderId = ? AND `receiverId` = ?) OR (`senderId` = ? AND receiverId = ?)) :((senderId = ? AND `receiverId` = ?) OR (`senderId` = ? AND `receiverId` = ?)):', [...], false)
 5 APPPATH\Models\MessageModel.php(87): CodeIgniter\Database\BaseBuilder->countAllResults()
 6 APPPATH\Controllers\Chat.php(176): App\Models\MessageModel->getConversationCount('207c49c0f2fc6493', '5349b44df9bf8543')
 7 SYSTEMPATH\CodeIgniter.php(974): App\Controllers\Chat->getMessages('5349b44df9bf8543')
 8 SYSTEMPATH\CodeIgniter.php(520): CodeIgniter\CodeIgniter->runController(Object(App\Controllers\Chat))
 9 SYSTEMPATH\CodeIgniter.php(363): CodeIgniter\CodeIgniter->handleRequest(null, Object(Config\Cache), false)
10 SYSTEMPATH\Boot.php(417): CodeIgniter\CodeIgniter->run()
11 SYSTEMPATH\Boot.php(68): CodeIgniter\Boot::runCodeIgniter(Object(CodeIgniter\CodeIgniter))
12 FCPATH\index.php(59): CodeIgniter\Boot::bootWeb(Object(Config\Paths))
CRITICAL - 2026-08-29 18:05:55 --> CodeIgniter\Database\Exceptions\DatabaseException: You have an error in your SQL syntax; check the manual that corresponds to your MariaDB server version for the right syntax to use near '? AND `receiverId` = ?) OR (`senderId` = ? AND receiverId = ?)) :((senderId =...' at line 3
[Method: GET, Route: employee/chat/messages/5349b44df9bf8543]
in SYSTEMPATH\Database\BaseConnection.php on line 863.
 1 SYSTEMPATH\Database\BaseBuilder.php(1731): CodeIgniter\Database\BaseConnection->query('SELECT COUNT(*) AS `numrows`
FROM `messages`
WHERE ((senderId = ? AND `receiverId` = ?) OR (`senderId` = ? AND receiverId = ?)) :((senderId = ? AND `receiverId` = ?) OR (`senderId` = ? AND `receiverId` = ?)):', [...], false)
 2 APPPATH\Models\MessageModel.php(87): CodeIgniter\Database\BaseBuilder->countAllResults()
 3 APPPATH\Controllers\Chat.php(176): App\Models\MessageModel->getConversationCount('207c49c0f2fc6493', '5349b44df9bf8543')
 4 SYSTEMPATH\CodeIgniter.php(974): App\Controllers\Chat->getMessages('5349b44df9bf8543')
 5 SYSTEMPATH\CodeIgniter.php(520): CodeIgniter\CodeIgniter->runController(Object(App\Controllers\Chat))
 6 SYSTEMPATH\CodeIgniter.php(363): CodeIgniter\CodeIgniter->handleRequest(null, Object(Config\Cache), false)
 7 SYSTEMPATH\Boot.php(417): CodeIgniter\CodeIgniter->run()
 8 SYSTEMPATH\Boot.php(68): CodeIgniter\Boot::runCodeIgniter(Object(CodeIgniter\CodeIgniter))
 9 FCPATH\index.php(59): CodeIgniter\Boot::bootWeb(Object(Config\Paths))
CRITICAL - 2026-08-29 18:05:55 --> [Caused by] CodeIgniter\Database\Exceptions\DatabaseException: You have an error in your SQL syntax; check the manual that corresponds to your MariaDB server version for the right syntax to use near '? AND `receiverId` = ?) OR (`senderId` = ? AND receiverId = ?)) :((senderId =...' at line 3
in SYSTEMPATH\Database\MySQLi\Connection.php on line 310.
 1 SYSTEMPATH\Database\BaseConnection.php(908): CodeIgniter\Database\MySQLi\Connection->execute('SELECT COUNT(*) AS `numrows`
FROM `messages`
WHERE ((senderId = ? AND `receiverId` = ?) OR (`senderId` = ? AND receiverId = ?)) :((senderId = ? AND `receiverId` = ?) OR (`senderId` = ? AND `receiverId` = ?)):')
 2 SYSTEMPATH\Database\BaseConnection.php(825): CodeIgniter\Database\BaseConnection->simpleQuery('SELECT COUNT(*) AS `numrows`
FROM `messages`
WHERE ((senderId = ? AND `receiverId` = ?) OR (`senderId` = ? AND receiverId = ?)) :((senderId = ? AND `receiverId` = ?) OR (`senderId` = ? AND `receiverId` = ?)):')
 3 SYSTEMPATH\Database\BaseBuilder.php(1731): CodeIgniter\Database\BaseConnection->query('SELECT COUNT(*) AS `numrows`
FROM `messages`
WHERE ((senderId = ? AND `receiverId` = ?) OR (`senderId` = ? AND receiverId = ?)) :((senderId = ? AND `receiverId` = ?) OR (`senderId` = ? AND `receiverId` = ?)):', [...], false)
 4 APPPATH\Models\MessageModel.php(87): CodeIgniter\Database\BaseBuilder->countAllResults()
 5 APPPATH\Controllers\Chat.php(176): App\Models\MessageModel->getConversationCount('207c49c0f2fc6493', '5349b44df9bf8543')
 6 SYSTEMPATH\CodeIgniter.php(974): App\Controllers\Chat->getMessages('5349b44df9bf8543')
 7 SYSTEMPATH\CodeIgniter.php(520): CodeIgniter\CodeIgniter->runController(Object(App\Controllers\Chat))
 8 SYSTEMPATH\CodeIgniter.php(363): CodeIgniter\CodeIgniter->handleRequest(null, Object(Config\Cache), false)
 9 SYSTEMPATH\Boot.php(417): CodeIgniter\CodeIgniter->run()
10 SYSTEMPATH\Boot.php(68): CodeIgniter\Boot::runCodeIgniter(Object(CodeIgniter\CodeIgniter))
11 FCPATH\index.php(59): CodeIgniter\Boot::bootWeb(Object(Config\Paths))
CRITICAL - 2026-08-29 18:05:55 --> [Caused by] mysqli_sql_exception: You have an error in your SQL syntax; check the manual that corresponds to your MariaDB server version for the right syntax to use near '? AND `receiverId` = ?) OR (`senderId` = ? AND receiverId = ?)) :((senderId =...' at line 3
in SYSTEMPATH\Database\MySQLi\Connection.php on line 300.
 1 SYSTEMPATH\Database\MySQLi\Connection.php(300): mysqli->query('SELECT COUNT(*) AS `numrows`
FROM `messages`
WHERE ((senderId = ? AND `receiverId` = ?) OR (`senderId` = ? AND receiverId = ?)) :((senderId = ? AND `receiverId` = ?) OR (`senderId` = ? AND `receiverId` = ?)):', 0)
 2 SYSTEMPATH\Database\BaseConnection.php(908): CodeIgniter\Database\MySQLi\Connection->execute('SELECT COUNT(*) AS `numrows`
FROM `messages`
WHERE ((senderId = ? AND `receiverId` = ?) OR (`senderId` = ? AND receiverId = ?)) :((senderId = ? AND `receiverId` = ?) OR (`senderId` = ? AND `receiverId` = ?)):')
 3 SYSTEMPATH\Database\BaseConnection.php(825): CodeIgniter\Database\BaseConnection->simpleQuery('SELECT COUNT(*) AS `numrows`
FROM `messages`
WHERE ((senderId = ? AND `receiverId` = ?) OR (`senderId` = ? AND receiverId = ?)) :((senderId = ? AND `receiverId` = ?) OR (`senderId` = ? AND `receiverId` = ?)):')
 4 SYSTEMPATH\Database\BaseBuilder.php(1731): CodeIgniter\Database\BaseConnection->query('SELECT COUNT(*) AS `numrows`
FROM `messages`
WHERE ((senderId = ? AND `receiverId` = ?) OR (`senderId` = ? AND receiverId = ?)) :((senderId = ? AND `receiverId` = ?) OR (`senderId` = ? AND `receiverId` = ?)):', [...], false)
 5 APPPATH\Models\MessageModel.php(87): CodeIgniter\Database\BaseBuilder->countAllResults()
 6 APPPATH\Controllers\Chat.php(176): App\Models\MessageModel->getConversationCount('207c49c0f2fc6493', '5349b44df9bf8543')
 7 SYSTEMPATH\CodeIgniter.php(974): App\Controllers\Chat->getMessages('5349b44df9bf8543')
 8 SYSTEMPATH\CodeIgniter.php(520): CodeIgniter\CodeIgniter->runController(Object(App\Controllers\Chat))
 9 SYSTEMPATH\CodeIgniter.php(363): CodeIgniter\CodeIgniter->handleRequest(null, Object(Config\Cache), false)
10 SYSTEMPATH\Boot.php(417): CodeIgniter\CodeIgniter->run()
11 SYSTEMPATH\Boot.php(68): CodeIgniter\Boot::runCodeIgniter(Object(CodeIgniter\CodeIgniter))
12 FCPATH\index.php(59): CodeIgniter\Boot::bootWeb(Object(Config\Paths))
ERROR - 2026-08-29 18:05:58 --> You have an error in your SQL syntax; check the manual that corresponds to your MariaDB server version for the right syntax to use near '? AND `receiverId` = ?) OR (`senderId` = ? AND receiverId = ?)) :((senderId =...' at line 3
in SYSTEMPATH\Database\MySQLi\Connection.php on line 300.
 1 SYSTEMPATH\Database\MySQLi\Connection.php(300): mysqli->query('SELECT COUNT(*) AS `numrows`
FROM `messages`
WHERE ((senderId = ? AND `receiverId` = ?) OR (`senderId` = ? AND receiverId = ?)) :((senderId = ? AND `receiverId` = ?) OR (`senderId` = ? AND `receiverId` = ?)):', 0)
 2 SYSTEMPATH\Database\BaseConnection.php(908): CodeIgniter\Database\MySQLi\Connection->execute('SELECT COUNT(*) AS `numrows`
FROM `messages`
WHERE ((senderId = ? AND `receiverId` = ?) OR (`senderId` = ? AND receiverId = ?)) :((senderId = ? AND `receiverId` = ?) OR (`senderId` = ? AND `receiverId` = ?)):')
 3 SYSTEMPATH\Database\BaseConnection.php(825): CodeIgniter\Database\BaseConnection->simpleQuery('SELECT COUNT(*) AS `numrows`
FROM `messages`
WHERE ((senderId = ? AND `receiverId` = ?) OR (`senderId` = ? AND receiverId = ?)) :((senderId = ? AND `receiverId` = ?) OR (`senderId` = ? AND `receiverId` = ?)):')
 4 SYSTEMPATH\Database\BaseBuilder.php(1731): CodeIgniter\Database\BaseConnection->query('SELECT COUNT(*) AS `numrows`
FROM `messages`
WHERE ((senderId = ? AND `receiverId` = ?) OR (`senderId` = ? AND receiverId = ?)) :((senderId = ? AND `receiverId` = ?) OR (`senderId` = ? AND `receiverId` = ?)):', [...], false)
 5 APPPATH\Models\MessageModel.php(87): CodeIgniter\Database\BaseBuilder->countAllResults()
 6 APPPATH\Controllers\Chat.php(176): App\Models\MessageModel->getConversationCount('207c49c0f2fc6493', '5349b44df9bf8543')
 7 SYSTEMPATH\CodeIgniter.php(974): App\Controllers\Chat->getMessages('5349b44df9bf8543')
 8 SYSTEMPATH\CodeIgniter.php(520): CodeIgniter\CodeIgniter->runController(Object(App\Controllers\Chat))
 9 SYSTEMPATH\CodeIgniter.php(363): CodeIgniter\CodeIgniter->handleRequest(null, Object(Config\Cache), false)
10 SYSTEMPATH\Boot.php(417): CodeIgniter\CodeIgniter->run()
11 SYSTEMPATH\Boot.php(68): CodeIgniter\Boot::runCodeIgniter(Object(CodeIgniter\CodeIgniter))
12 FCPATH\index.php(59): CodeIgniter\Boot::bootWeb(Object(Config\Paths))
CRITICAL - 2026-08-29 18:05:58 --> CodeIgniter\Database\Exceptions\DatabaseException: You have an error in your SQL syntax; check the manual that corresponds to your MariaDB server version for the right syntax to use near '? AND `receiverId` = ?) OR (`senderId` = ? AND receiverId = ?)) :((senderId =...' at line 3
[Method: GET, Route: employee/chat/messages/5349b44df9bf8543]
in SYSTEMPATH\Database\BaseConnection.php on line 863.
 1 SYSTEMPATH\Database\BaseBuilder.php(1731): CodeIgniter\Database\BaseConnection->query('SELECT COUNT(*) AS `numrows`
FROM `messages`
WHERE ((senderId = ? AND `receiverId` = ?) OR (`senderId` = ? AND receiverId = ?)) :((senderId = ? AND `receiverId` = ?) OR (`senderId` = ? AND `receiverId` = ?)):', [...], false)
 2 APPPATH\Models\MessageModel.php(87): CodeIgniter\Database\BaseBuilder->countAllResults()
 3 APPPATH\Controllers\Chat.php(176): App\Models\MessageModel->getConversationCount('207c49c0f2fc6493', '5349b44df9bf8543')
 4 SYSTEMPATH\CodeIgniter.php(974): App\Controllers\Chat->getMessages('5349b44df9bf8543')
 5 SYSTEMPATH\CodeIgniter.php(520): CodeIgniter\CodeIgniter->runController(Object(App\Controllers\Chat))
 6 SYSTEMPATH\CodeIgniter.php(363): CodeIgniter\CodeIgniter->handleRequest(null, Object(Config\Cache), false)
 7 SYSTEMPATH\Boot.php(417): CodeIgniter\CodeIgniter->run()
 8 SYSTEMPATH\Boot.php(68): CodeIgniter\Boot::runCodeIgniter(Object(CodeIgniter\CodeIgniter))
 9 FCPATH\index.php(59): CodeIgniter\Boot::bootWeb(Object(Config\Paths))
CRITICAL - 2026-08-29 18:05:58 --> [Caused by] CodeIgniter\Database\Exceptions\DatabaseException: You have an error in your SQL syntax; check the manual that corresponds to your MariaDB server version for the right syntax to use near '? AND `receiverId` = ?) OR (`senderId` = ? AND receiverId = ?)) :((senderId =...' at line 3
in SYSTEMPATH\Database\MySQLi\Connection.php on line 310.
 1 SYSTEMPATH\Database\BaseConnection.php(908): CodeIgniter\Database\MySQLi\Connection->execute('SELECT COUNT(*) AS `numrows`
FROM `messages`
WHERE ((senderId = ? AND `receiverId` = ?) OR (`senderId` = ? AND receiverId = ?)) :((senderId = ? AND `receiverId` = ?) OR (`senderId` = ? AND `receiverId` = ?)):')
 2 SYSTEMPATH\Database\BaseConnection.php(825): CodeIgniter\Database\BaseConnection->simpleQuery('SELECT COUNT(*) AS `numrows`
FROM `messages`
WHERE ((senderId = ? AND `receiverId` = ?) OR (`senderId` = ? AND receiverId = ?)) :((senderId = ? AND `receiverId` = ?) OR (`senderId` = ? AND `receiverId` = ?)):')
 3 SYSTEMPATH\Database\BaseBuilder.php(1731): CodeIgniter\Database\BaseConnection->query('SELECT COUNT(*) AS `numrows`
FROM `messages`
WHERE ((senderId = ? AND `receiverId` = ?) OR (`senderId` = ? AND receiverId = ?)) :((senderId = ? AND `receiverId` = ?) OR (`senderId` = ? AND `receiverId` = ?)):', [...], false)
 4 APPPATH\Models\MessageModel.php(87): CodeIgniter\Database\BaseBuilder->countAllResults()
 5 APPPATH\Controllers\Chat.php(176): App\Models\MessageModel->getConversationCount('207c49c0f2fc6493', '5349b44df9bf8543')
 6 SYSTEMPATH\CodeIgniter.php(974): App\Controllers\Chat->getMessages('5349b44df9bf8543')
 7 SYSTEMPATH\CodeIgniter.php(520): CodeIgniter\CodeIgniter->runController(Object(App\Controllers\Chat))
 8 SYSTEMPATH\CodeIgniter.php(363): CodeIgniter\CodeIgniter->handleRequest(null, Object(Config\Cache), false)
 9 SYSTEMPATH\Boot.php(417): CodeIgniter\CodeIgniter->run()
10 SYSTEMPATH\Boot.php(68): CodeIgniter\Boot::runCodeIgniter(Object(CodeIgniter\CodeIgniter))
11 FCPATH\index.php(59): CodeIgniter\Boot::bootWeb(Object(Config\Paths))
CRITICAL - 2026-08-29 18:05:58 --> [Caused by] mysqli_sql_exception: You have an error in your SQL syntax; check the manual that corresponds to your MariaDB server version for the right syntax to use near '? AND `receiverId` = ?) OR (`senderId` = ? AND receiverId = ?)) :((senderId =...' at line 3
in SYSTEMPATH\Database\MySQLi\Connection.php on line 300.
 1 SYSTEMPATH\Database\MySQLi\Connection.php(300): mysqli->query('SELECT COUNT(*) AS `numrows`
FROM `messages`
WHERE ((senderId = ? AND `receiverId` = ?) OR (`senderId` = ? AND receiverId = ?)) :((senderId = ? AND `receiverId` = ?) OR (`senderId` = ? AND `receiverId` = ?)):', 0)
 2 SYSTEMPATH\Database\BaseConnection.php(908): CodeIgniter\Database\MySQLi\Connection->execute('SELECT COUNT(*) AS `numrows`
FROM `messages`
WHERE ((senderId = ? AND `receiverId` = ?) OR (`senderId` = ? AND receiverId = ?)) :((senderId = ? AND `receiverId` = ?) OR (`senderId` = ? AND `receiverId` = ?)):')
 3 SYSTEMPATH\Database\BaseConnection.php(825): CodeIgniter\Database\BaseConnection->simpleQuery('SELECT COUNT(*) AS `numrows`
FROM `messages`
WHERE ((senderId = ? AND `receiverId` = ?) OR (`senderId` = ? AND receiverId = ?)) :((senderId = ? AND `receiverId` = ?) OR (`senderId` = ? AND `receiverId` = ?)):')
 4 SYSTEMPATH\Database\BaseBuilder.php(1731): CodeIgniter\Database\BaseConnection->query('SELECT COUNT(*) AS `numrows`
FROM `messages`
WHERE ((senderId = ? AND `receiverId` = ?) OR (`senderId` = ? AND receiverId = ?)) :((senderId = ? AND `receiverId` = ?) OR (`senderId` = ? AND `receiverId` = ?)):', [...], false)
 5 APPPATH\Models\MessageModel.php(87): CodeIgniter\Database\BaseBuilder->countAllResults()
 6 APPPATH\Controllers\Chat.php(176): App\Models\MessageModel->getConversationCount('207c49c0f2fc6493', '5349b44df9bf8543')
 7 SYSTEMPATH\CodeIgniter.php(974): App\Controllers\Chat->getMessages('5349b44df9bf8543')
 8 SYSTEMPATH\CodeIgniter.php(520): CodeIgniter\CodeIgniter->runController(Object(App\Controllers\Chat))
 9 SYSTEMPATH\CodeIgniter.php(363): CodeIgniter\CodeIgniter->handleRequest(null, Object(Config\Cache), false)
10 SYSTEMPATH\Boot.php(417): CodeIgniter\CodeIgniter->run()
11 SYSTEMPATH\Boot.php(68): CodeIgniter\Boot::runCodeIgniter(Object(CodeIgniter\CodeIgniter))
12 FCPATH\index.php(59): CodeIgniter\Boot::bootWeb(Object(Config\Paths))
ERROR - 2026-08-29 18:06:01 --> You have an error in your SQL syntax; check the manual that corresponds to your MariaDB server version for the right syntax to use near '? AND `receiverId` = ?) OR (`senderId` = ? AND receiverId = ?)) :((senderId =...' at line 3
in SYSTEMPATH\Database\MySQLi\Connection.php on line 300.
 1 SYSTEMPATH\Database\MySQLi\Connection.php(300): mysqli->query('SELECT COUNT(*) AS `numrows`
FROM `messages`
WHERE ((senderId = ? AND `receiverId` = ?) OR (`senderId` = ? AND receiverId = ?)) :((senderId = ? AND `receiverId` = ?) OR (`senderId` = ? AND `receiverId` = ?)):', 0)
 2 SYSTEMPATH\Database\BaseConnection.php(908): CodeIgniter\Database\MySQLi\Connection->execute('SELECT COUNT(*) AS `numrows`
FROM `messages`
WHERE ((senderId = ? AND `receiverId` = ?) OR (`senderId` = ? AND receiverId = ?)) :((senderId = ? AND `receiverId` = ?) OR (`senderId` = ? AND `receiverId` = ?)):')
 3 SYSTEMPATH\Database\BaseConnection.php(825): CodeIgniter\Database\BaseConnection->simpleQuery('SELECT COUNT(*) AS `numrows`
FROM `messages`
WHERE ((senderId = ? AND `receiverId` = ?) OR (`senderId` = ? AND receiverId = ?)) :((senderId = ? AND `receiverId` = ?) OR (`senderId` = ? AND `receiverId` = ?)):')
 4 SYSTEMPATH\Database\BaseBuilder.php(1731): CodeIgniter\Database\BaseConnection->query('SELECT COUNT(*) AS `numrows`
FROM `messages`
WHERE ((senderId = ? AND `receiverId` = ?) OR (`senderId` = ? AND receiverId = ?)) :((senderId = ? AND `receiverId` = ?) OR (`senderId` = ? AND `receiverId` = ?)):', [...], false)
 5 APPPATH\Models\MessageModel.php(87): CodeIgniter\Database\BaseBuilder->countAllResults()
 6 APPPATH\Controllers\Chat.php(176): App\Models\MessageModel->getConversationCount('207c49c0f2fc6493', '5349b44df9bf8543')
 7 SYSTEMPATH\CodeIgniter.php(974): App\Controllers\Chat->getMessages('5349b44df9bf8543')
 8 SYSTEMPATH\CodeIgniter.php(520): CodeIgniter\CodeIgniter->runController(Object(App\Controllers\Chat))
 9 SYSTEMPATH\CodeIgniter.php(363): CodeIgniter\CodeIgniter->handleRequest(null, Object(Config\Cache), false)
10 SYSTEMPATH\Boot.php(417): CodeIgniter\CodeIgniter->run()
11 SYSTEMPATH\Boot.php(68): CodeIgniter\Boot::runCodeIgniter(Object(CodeIgniter\CodeIgniter))
12 FCPATH\index.php(59): CodeIgniter\Boot::bootWeb(Object(Config\Paths))
CRITICAL - 2026-08-29 18:06:01 --> CodeIgniter\Database\Exceptions\DatabaseException: You have an error in your SQL syntax; check the manual that corresponds to your MariaDB server version for the right syntax to use near '? AND `receiverId` = ?) OR (`senderId` = ? AND receiverId = ?)) :((senderId =...' at line 3
[Method: GET, Route: employee/chat/messages/5349b44df9bf8543]
in SYSTEMPATH\Database\BaseConnection.php on line 863.
 1 SYSTEMPATH\Database\BaseBuilder.php(1731): CodeIgniter\Database\BaseConnection->query('SELECT COUNT(*) AS `numrows`
FROM `messages`
WHERE ((senderId = ? AND `receiverId` = ?) OR (`senderId` = ? AND receiverId = ?)) :((senderId = ? AND `receiverId` = ?) OR (`senderId` = ? AND `receiverId` = ?)):', [...], false)
 2 APPPATH\Models\MessageModel.php(87): CodeIgniter\Database\BaseBuilder->countAllResults()
 3 APPPATH\Controllers\Chat.php(176): App\Models\MessageModel->getConversationCount('207c49c0f2fc6493', '5349b44df9bf8543')
 4 SYSTEMPATH\CodeIgniter.php(974): App\Controllers\Chat->getMessages('5349b44df9bf8543')
 5 SYSTEMPATH\CodeIgniter.php(520): CodeIgniter\CodeIgniter->runController(Object(App\Controllers\Chat))
 6 SYSTEMPATH\CodeIgniter.php(363): CodeIgniter\CodeIgniter->handleRequest(null, Object(Config\Cache), false)
 7 SYSTEMPATH\Boot.php(417): CodeIgniter\CodeIgniter->run()
 8 SYSTEMPATH\Boot.php(68): CodeIgniter\Boot::runCodeIgniter(Object(CodeIgniter\CodeIgniter))
 9 FCPATH\index.php(59): CodeIgniter\Boot::bootWeb(Object(Config\Paths))
CRITICAL - 2026-08-29 18:06:01 --> [Caused by] CodeIgniter\Database\Exceptions\DatabaseException: You have an error in your SQL syntax; check the manual that corresponds to your MariaDB server version for the right syntax to use near '? AND `receiverId` = ?) OR (`senderId` = ? AND receiverId = ?)) :((senderId =...' at line 3
in SYSTEMPATH\Database\MySQLi\Connection.php on line 310.
 1 SYSTEMPATH\Database\BaseConnection.php(908): CodeIgniter\Database\MySQLi\Connection->execute('SELECT COUNT(*) AS `numrows`
FROM `messages`
WHERE ((senderId = ? AND `receiverId` = ?) OR (`senderId` = ? AND receiverId = ?)) :((senderId = ? AND `receiverId` = ?) OR (`senderId` = ? AND `receiverId` = ?)):')
 2 SYSTEMPATH\Database\BaseConnection.php(825): CodeIgniter\Database\BaseConnection->simpleQuery('SELECT COUNT(*) AS `numrows`
FROM `messages`
WHERE ((senderId = ? AND `receiverId` = ?) OR (`senderId` = ? AND receiverId = ?)) :((senderId = ? AND `receiverId` = ?) OR (`senderId` = ? AND `receiverId` = ?)):')
 3 SYSTEMPATH\Database\BaseBuilder.php(1731): CodeIgniter\Database\BaseConnection->query('SELECT COUNT(*) AS `numrows`
FROM `messages`
WHERE ((senderId = ? AND `receiverId` = ?) OR (`senderId` = ? AND receiverId = ?)) :((senderId = ? AND `receiverId` = ?) OR (`senderId` = ? AND `receiverId` = ?)):', [...], false)
 4 APPPATH\Models\MessageModel.php(87): CodeIgniter\Database\BaseBuilder->countAllResults()
 5 APPPATH\Controllers\Chat.php(176): App\Models\MessageModel->getConversationCount('207c49c0f2fc6493', '5349b44df9bf8543')
 6 SYSTEMPATH\CodeIgniter.php(974): App\Controllers\Chat->getMessages('5349b44df9bf8543')
 7 SYSTEMPATH\CodeIgniter.php(520): CodeIgniter\CodeIgniter->runController(Object(App\Controllers\Chat))
 8 SYSTEMPATH\CodeIgniter.php(363): CodeIgniter\CodeIgniter->handleRequest(null, Object(Config\Cache), false)
 9 SYSTEMPATH\Boot.php(417): CodeIgniter\CodeIgniter->run()
10 SYSTEMPATH\Boot.php(68): CodeIgniter\Boot::runCodeIgniter(Object(CodeIgniter\CodeIgniter))
11 FCPATH\index.php(59): CodeIgniter\Boot::bootWeb(Object(Config\Paths))
CRITICAL - 2026-08-29 18:06:01 --> [Caused by] mysqli_sql_exception: You have an error in your SQL syntax; check the manual that corresponds to your MariaDB server version for the right syntax to use near '? AND `receiverId` = ?) OR (`senderId` = ? AND receiverId = ?)) :((senderId =...' at line 3
in SYSTEMPATH\Database\MySQLi\Connection.php on line 300.
 1 SYSTEMPATH\Database\MySQLi\Connection.php(300): mysqli->query('SELECT COUNT(*) AS `numrows`
FROM `messages`
WHERE ((senderId = ? AND `receiverId` = ?) OR (`senderId` = ? AND receiverId = ?)) :((senderId = ? AND `receiverId` = ?) OR (`senderId` = ? AND `receiverId` = ?)):', 0)
 2 SYSTEMPATH\Database\BaseConnection.php(908): CodeIgniter\Database\MySQLi\Connection->execute('SELECT COUNT(*) AS `numrows`
FROM `messages`
WHERE ((senderId = ? AND `receiverId` = ?) OR (`senderId` = ? AND receiverId = ?)) :((senderId = ? AND `receiverId` = ?) OR (`senderId` = ? AND `receiverId` = ?)):')
 3 SYSTEMPATH\Database\BaseConnection.php(825): CodeIgniter\Database\BaseConnection->simpleQuery('SELECT COUNT(*) AS `numrows`
FROM `messages`
WHERE ((senderId = ? AND `receiverId` = ?) OR (`senderId` = ? AND receiverId = ?)) :((senderId = ? AND `receiverId` = ?) OR (`senderId` = ? AND `receiverId` = ?)):')
 4 SYSTEMPATH\Database\BaseBuilder.php(1731): CodeIgniter\Database\BaseConnection->query('SELECT COUNT(*) AS `numrows`
FROM `messages`
WHERE ((senderId = ? AND `receiverId` = ?) OR (`senderId` = ? AND receiverId = ?)) :((senderId = ? AND `receiverId` = ?) OR (`senderId` = ? AND `receiverId` = ?)):', [...], false)
 5 APPPATH\Models\MessageModel.php(87): CodeIgniter\Database\BaseBuilder->countAllResults()
 6 APPPATH\Controllers\Chat.php(176): App\Models\MessageModel->getConversationCount('207c49c0f2fc6493', '5349b44df9bf8543')
 7 SYSTEMPATH\CodeIgniter.php(974): App\Controllers\Chat->getMessages('5349b44df9bf8543')
 8 SYSTEMPATH\CodeIgniter.php(520): CodeIgniter\CodeIgniter->runController(Object(App\Controllers\Chat))
 9 SYSTEMPATH\CodeIgniter.php(363): CodeIgniter\CodeIgniter->handleRequest(null, Object(Config\Cache), false)
10 SYSTEMPATH\Boot.php(417): CodeIgniter\CodeIgniter->run()
11 SYSTEMPATH\Boot.php(68): CodeIgniter\Boot::runCodeIgniter(Object(CodeIgniter\CodeIgniter))
12 FCPATH\index.php(59): CodeIgniter\Boot::bootWeb(Object(Config\Paths))
ERROR - 2026-08-29 18:06:04 --> You have an error in your SQL syntax; check the manual that corresponds to your MariaDB server version for the right syntax to use near '? AND `receiverId` = ?) OR (`senderId` = ? AND receiverId = ?)) :((senderId =...' at line 3
in SYSTEMPATH\Database\MySQLi\Connection.php on line 300.
 1 SYSTEMPATH\Database\MySQLi\Connection.php(300): mysqli->query('SELECT COUNT(*) AS `numrows`
FROM `messages`
WHERE ((senderId = ? AND `receiverId` = ?) OR (`senderId` = ? AND receiverId = ?)) :((senderId = ? AND `receiverId` = ?) OR (`senderId` = ? AND `receiverId` = ?)):', 0)
 2 SYSTEMPATH\Database\BaseConnection.php(908): CodeIgniter\Database\MySQLi\Connection->execute('SELECT COUNT(*) AS `numrows`
FROM `messages`
WHERE ((senderId = ? AND `receiverId` = ?) OR (`senderId` = ? AND receiverId = ?)) :((senderId = ? AND `receiverId` = ?) OR (`senderId` = ? AND `receiverId` = ?)):')
 3 SYSTEMPATH\Database\BaseConnection.php(825): CodeIgniter\Database\BaseConnection->simpleQuery('SELECT COUNT(*) AS `numrows`
FROM `messages`
WHERE ((senderId = ? AND `receiverId` = ?) OR (`senderId` = ? AND receiverId = ?)) :((senderId = ? AND `receiverId` = ?) OR (`senderId` = ? AND `receiverId` = ?)):')
 4 SYSTEMPATH\Database\BaseBuilder.php(1731): CodeIgniter\Database\BaseConnection->query('SELECT COUNT(*) AS `numrows`
FROM `messages`
WHERE ((senderId = ? AND `receiverId` = ?) OR (`senderId` = ? AND receiverId = ?)) :((senderId = ? AND `receiverId` = ?) OR (`senderId` = ? AND `receiverId` = ?)):', [...], false)
 5 APPPATH\Models\MessageModel.php(87): CodeIgniter\Database\BaseBuilder->countAllResults()
 6 APPPATH\Controllers\Chat.php(176): App\Models\MessageModel->getConversationCount('207c49c0f2fc6493', '5349b44df9bf8543')
 7 SYSTEMPATH\CodeIgniter.php(974): App\Controllers\Chat->getMessages('5349b44df9bf8543')
 8 SYSTEMPATH\CodeIgniter.php(520): CodeIgniter\CodeIgniter->runController(Object(App\Controllers\Chat))
 9 SYSTEMPATH\CodeIgniter.php(363): CodeIgniter\CodeIgniter->handleRequest(null, Object(Config\Cache), false)
10 SYSTEMPATH\Boot.php(417): CodeIgniter\CodeIgniter->run()
11 SYSTEMPATH\Boot.php(68): CodeIgniter\Boot::runCodeIgniter(Object(CodeIgniter\CodeIgniter))
12 FCPATH\index.php(59): CodeIgniter\Boot::bootWeb(Object(Config\Paths))
CRITICAL - 2026-08-29 18:06:04 --> CodeIgniter\Database\Exceptions\DatabaseException: You have an error in your SQL syntax; check the manual that corresponds to your MariaDB server version for the right syntax to use near '? AND `receiverId` = ?) OR (`senderId` = ? AND receiverId = ?)) :((senderId =...' at line 3
[Method: GET, Route: employee/chat/messages/5349b44df9bf8543]
in SYSTEMPATH\Database\BaseConnection.php on line 863.
 1 SYSTEMPATH\Database\BaseBuilder.php(1731): CodeIgniter\Database\BaseConnection->query('SELECT COUNT(*) AS `numrows`
FROM `messages`
WHERE ((senderId = ? AND `receiverId` = ?) OR (`senderId` = ? AND receiverId = ?)) :((senderId = ? AND `receiverId` = ?) OR (`senderId` = ? AND `receiverId` = ?)):', [...], false)
 2 APPPATH\Models\MessageModel.php(87): CodeIgniter\Database\BaseBuilder->countAllResults()
 3 APPPATH\Controllers\Chat.php(176): App\Models\MessageModel->getConversationCount('207c49c0f2fc6493', '5349b44df9bf8543')
 4 SYSTEMPATH\CodeIgniter.php(974): App\Controllers\Chat->getMessages('5349b44df9bf8543')
 5 SYSTEMPATH\CodeIgniter.php(520): CodeIgniter\CodeIgniter->runController(Object(App\Controllers\Chat))
 6 SYSTEMPATH\CodeIgniter.php(363): CodeIgniter\CodeIgniter->handleRequest(null, Object(Config\Cache), false)
 7 SYSTEMPATH\Boot.php(417): CodeIgniter\CodeIgniter->run()
 8 SYSTEMPATH\Boot.php(68): CodeIgniter\Boot::runCodeIgniter(Object(CodeIgniter\CodeIgniter))
 9 FCPATH\index.php(59): CodeIgniter\Boot::bootWeb(Object(Config\Paths))
CRITICAL - 2026-08-29 18:06:04 --> [Caused by] CodeIgniter\Database\Exceptions\DatabaseException: You have an error in your SQL syntax; check the manual that corresponds to your MariaDB server version for the right syntax to use near '? AND `receiverId` = ?) OR (`senderId` = ? AND receiverId = ?)) :((senderId =...' at line 3
in SYSTEMPATH\Database\MySQLi\Connection.php on line 310.
 1 SYSTEMPATH\Database\BaseConnection.php(908): CodeIgniter\Database\MySQLi\Connection->execute('SELECT COUNT(*) AS `numrows`
FROM `messages`
WHERE ((senderId = ? AND `receiverId` = ?) OR (`senderId` = ? AND receiverId = ?)) :((senderId = ? AND `receiverId` = ?) OR (`senderId` = ? AND `receiverId` = ?)):')
 2 SYSTEMPATH\Database\BaseConnection.php(825): CodeIgniter\Database\BaseConnection->simpleQuery('SELECT COUNT(*) AS `numrows`
FROM `messages`
WHERE ((senderId = ? AND `receiverId` = ?) OR (`senderId` = ? AND receiverId = ?)) :((senderId = ? AND `receiverId` = ?) OR (`senderId` = ? AND `receiverId` = ?)):')
 3 SYSTEMPATH\Database\BaseBuilder.php(1731): CodeIgniter\Database\BaseConnection->query('SELECT COUNT(*) AS `numrows`
FROM `messages`
WHERE ((senderId = ? AND `receiverId` = ?) OR (`senderId` = ? AND receiverId = ?)) :((senderId = ? AND `receiverId` = ?) OR (`senderId` = ? AND `receiverId` = ?)):', [...], false)
 4 APPPATH\Models\MessageModel.php(87): CodeIgniter\Database\BaseBuilder->countAllResults()
 5 APPPATH\Controllers\Chat.php(176): App\Models\MessageModel->getConversationCount('207c49c0f2fc6493', '5349b44df9bf8543')
 6 SYSTEMPATH\CodeIgniter.php(974): App\Controllers\Chat->getMessages('5349b44df9bf8543')
 7 SYSTEMPATH\CodeIgniter.php(520): CodeIgniter\CodeIgniter->runController(Object(App\Controllers\Chat))
 8 SYSTEMPATH\CodeIgniter.php(363): CodeIgniter\CodeIgniter->handleRequest(null, Object(Config\Cache), false)
 9 SYSTEMPATH\Boot.php(417): CodeIgniter\CodeIgniter->run()
10 SYSTEMPATH\Boot.php(68): CodeIgniter\Boot::runCodeIgniter(Object(CodeIgniter\CodeIgniter))
11 FCPATH\index.php(59): CodeIgniter\Boot::bootWeb(Object(Config\Paths))
CRITICAL - 2026-08-29 18:06:04 --> [Caused by] mysqli_sql_exception: You have an error in your SQL syntax; check the manual that corresponds to your MariaDB server version for the right syntax to use near '? AND `receiverId` = ?) OR (`senderId` = ? AND receiverId = ?)) :((senderId =...' at line 3
in SYSTEMPATH\Database\MySQLi\Connection.php on line 300.
 1 SYSTEMPATH\Database\MySQLi\Connection.php(300): mysqli->query('SELECT COUNT(*) AS `numrows`
FROM `messages`
WHERE ((senderId = ? AND `receiverId` = ?) OR (`senderId` = ? AND receiverId = ?)) :((senderId = ? AND `receiverId` = ?) OR (`senderId` = ? AND `receiverId` = ?)):', 0)
 2 SYSTEMPATH\Database\BaseConnection.php(908): CodeIgniter\Database\MySQLi\Connection->execute('SELECT COUNT(*) AS `numrows`
FROM `messages`
WHERE ((senderId = ? AND `receiverId` = ?) OR (`senderId` = ? AND receiverId = ?)) :((senderId = ? AND `receiverId` = ?) OR (`senderId` = ? AND `receiverId` = ?)):')
 3 SYSTEMPATH\Database\BaseConnection.php(825): CodeIgniter\Database\BaseConnection->simpleQuery('SELECT COUNT(*) AS `numrows`
FROM `messages`
WHERE ((senderId = ? AND `receiverId` = ?) OR (`senderId` = ? AND receiverId = ?)) :((senderId = ? AND `receiverId` = ?) OR (`senderId` = ? AND `receiverId` = ?)):')
 4 SYSTEMPATH\Database\BaseBuilder.php(1731): CodeIgniter\Database\BaseConnection->query('SELECT COUNT(*) AS `numrows`
FROM `messages`
WHERE ((senderId = ? AND `receiverId` = ?) OR (`senderId` = ? AND receiverId = ?)) :((senderId = ? AND `receiverId` = ?) OR (`senderId` = ? AND `receiverId` = ?)):', [...], false)
 5 APPPATH\Models\MessageModel.php(87): CodeIgniter\Database\BaseBuilder->countAllResults()
 6 APPPATH\Controllers\Chat.php(176): App\Models\MessageModel->getConversationCount('207c49c0f2fc6493', '5349b44df9bf8543')
 7 SYSTEMPATH\CodeIgniter.php(974): App\Controllers\Chat->getMessages('5349b44df9bf8543')
 8 SYSTEMPATH\CodeIgniter.php(520): CodeIgniter\CodeIgniter->runController(Object(App\Controllers\Chat))
 9 SYSTEMPATH\CodeIgniter.php(363): CodeIgniter\CodeIgniter->handleRequest(null, Object(Config\Cache), false)
10 SYSTEMPATH\Boot.php(417): CodeIgniter\CodeIgniter->run()
11 SYSTEMPATH\Boot.php(68): CodeIgniter\Boot::runCodeIgniter(Object(CodeIgniter\CodeIgniter))
12 FCPATH\index.php(59): CodeIgniter\Boot::bootWeb(Object(Config\Paths))
ERROR - 2026-08-29 18:06:07 --> You have an error in your SQL syntax; check the manual that corresponds to your MariaDB server version for the right syntax to use near '? AND `receiverId` = ?) OR (`senderId` = ? AND receiverId = ?)) :((senderId =...' at line 3
in SYSTEMPATH\Database\MySQLi\Connection.php on line 300.
 1 SYSTEMPATH\Database\MySQLi\Connection.php(300): mysqli->query('SELECT COUNT(*) AS `numrows`
FROM `messages`
WHERE ((senderId = ? AND `receiverId` = ?) OR (`senderId` = ? AND receiverId = ?)) :((senderId = ? AND `receiverId` = ?) OR (`senderId` = ? AND `receiverId` = ?)):', 0)
 2 SYSTEMPATH\Database\BaseConnection.php(908): CodeIgniter\Database\MySQLi\Connection->execute('SELECT COUNT(*) AS `numrows`
FROM `messages`
WHERE ((senderId = ? AND `receiverId` = ?) OR (`senderId` = ? AND receiverId = ?)) :((senderId = ? AND `receiverId` = ?) OR (`senderId` = ? AND `receiverId` = ?)):')
 3 SYSTEMPATH\Database\BaseConnection.php(825): CodeIgniter\Database\BaseConnection->simpleQuery('SELECT COUNT(*) AS `numrows`
FROM `messages`
WHERE ((senderId = ? AND `receiverId` = ?) OR (`senderId` = ? AND receiverId = ?)) :((senderId = ? AND `receiverId` = ?) OR (`senderId` = ? AND `receiverId` = ?)):')
 4 SYSTEMPATH\Database\BaseBuilder.php(1731): CodeIgniter\Database\BaseConnection->query('SELECT COUNT(*) AS `numrows`
FROM `messages`
WHERE ((senderId = ? AND `receiverId` = ?) OR (`senderId` = ? AND receiverId = ?)) :((senderId = ? AND `receiverId` = ?) OR (`senderId` = ? AND `receiverId` = ?)):', [...], false)
 5 APPPATH\Models\MessageModel.php(87): CodeIgniter\Database\BaseBuilder->countAllResults()
 6 APPPATH\Controllers\Chat.php(176): App\Models\MessageModel->getConversationCount('207c49c0f2fc6493', '5349b44df9bf8543')
 7 SYSTEMPATH\CodeIgniter.php(974): App\Controllers\Chat->getMessages('5349b44df9bf8543')
 8 SYSTEMPATH\CodeIgniter.php(520): CodeIgniter\CodeIgniter->runController(Object(App\Controllers\Chat))
 9 SYSTEMPATH\CodeIgniter.php(363): CodeIgniter\CodeIgniter->handleRequest(null, Object(Config\Cache), false)
10 SYSTEMPATH\Boot.php(417): CodeIgniter\CodeIgniter->run()
11 SYSTEMPATH\Boot.php(68): CodeIgniter\Boot::runCodeIgniter(Object(CodeIgniter\CodeIgniter))
12 FCPATH\index.php(59): CodeIgniter\Boot::bootWeb(Object(Config\Paths))
CRITICAL - 2026-08-29 18:06:07 --> CodeIgniter\Database\Exceptions\DatabaseException: You have an error in your SQL syntax; check the manual that corresponds to your MariaDB server version for the right syntax to use near '? AND `receiverId` = ?) OR (`senderId` = ? AND receiverId = ?)) :((senderId =...' at line 3
[Method: GET, Route: employee/chat/messages/5349b44df9bf8543]
in SYSTEMPATH\Database\BaseConnection.php on line 863.
 1 SYSTEMPATH\Database\BaseBuilder.php(1731): CodeIgniter\Database\BaseConnection->query('SELECT COUNT(*) AS `numrows`
FROM `messages`
WHERE ((senderId = ? AND `receiverId` = ?) OR (`senderId` = ? AND receiverId = ?)) :((senderId = ? AND `receiverId` = ?) OR (`senderId` = ? AND `receiverId` = ?)):', [...], false)
 2 APPPATH\Models\MessageModel.php(87): CodeIgniter\Database\BaseBuilder->countAllResults()
 3 APPPATH\Controllers\Chat.php(176): App\Models\MessageModel->getConversationCount('207c49c0f2fc6493', '5349b44df9bf8543')
 4 SYSTEMPATH\CodeIgniter.php(974): App\Controllers\Chat->getMessages('5349b44df9bf8543')
 5 SYSTEMPATH\CodeIgniter.php(520): CodeIgniter\CodeIgniter->runController(Object(App\Controllers\Chat))
 6 SYSTEMPATH\CodeIgniter.php(363): CodeIgniter\CodeIgniter->handleRequest(null, Object(Config\Cache), false)
 7 SYSTEMPATH\Boot.php(417): CodeIgniter\CodeIgniter->run()
 8 SYSTEMPATH\Boot.php(68): CodeIgniter\Boot::runCodeIgniter(Object(CodeIgniter\CodeIgniter))
 9 FCPATH\index.php(59): CodeIgniter\Boot::bootWeb(Object(Config\Paths))
CRITICAL - 2026-08-29 18:06:07 --> [Caused by] CodeIgniter\Database\Exceptions\DatabaseException: You have an error in your SQL syntax; check the manual that corresponds to your MariaDB server version for the right syntax to use near '? AND `receiverId` = ?) OR (`senderId` = ? AND receiverId = ?)) :((senderId =...' at line 3
in SYSTEMPATH\Database\MySQLi\Connection.php on line 310.
 1 SYSTEMPATH\Database\BaseConnection.php(908): CodeIgniter\Database\MySQLi\Connection->execute('SELECT COUNT(*) AS `numrows`
FROM `messages`
WHERE ((senderId = ? AND `receiverId` = ?) OR (`senderId` = ? AND receiverId = ?)) :((senderId = ? AND `receiverId` = ?) OR (`senderId` = ? AND `receiverId` = ?)):')
 2 SYSTEMPATH\Database\BaseConnection.php(825): CodeIgniter\Database\BaseConnection->simpleQuery('SELECT COUNT(*) AS `numrows`
FROM `messages`
WHERE ((senderId = ? AND `receiverId` = ?) OR (`senderId` = ? AND receiverId = ?)) :((senderId = ? AND `receiverId` = ?) OR (`senderId` = ? AND `receiverId` = ?)):')
 3 SYSTEMPATH\Database\BaseBuilder.php(1731): CodeIgniter\Database\BaseConnection->query('SELECT COUNT(*) AS `numrows`
FROM `messages`
WHERE ((senderId = ? AND `receiverId` = ?) OR (`senderId` = ? AND receiverId = ?)) :((senderId = ? AND `receiverId` = ?) OR (`senderId` = ? AND `receiverId` = ?)):', [...], false)
 4 APPPATH\Models\MessageModel.php(87): CodeIgniter\Database\BaseBuilder->countAllResults()
 5 APPPATH\Controllers\Chat.php(176): App\Models\MessageModel->getConversationCount('207c49c0f2fc6493', '5349b44df9bf8543')
 6 SYSTEMPATH\CodeIgniter.php(974): App\Controllers\Chat->getMessages('5349b44df9bf8543')
 7 SYSTEMPATH\CodeIgniter.php(520): CodeIgniter\CodeIgniter->runController(Object(App\Controllers\Chat))
 8 SYSTEMPATH\CodeIgniter.php(363): CodeIgniter\CodeIgniter->handleRequest(null, Object(Config\Cache), false)
 9 SYSTEMPATH\Boot.php(417): CodeIgniter\CodeIgniter->run()
10 SYSTEMPATH\Boot.php(68): CodeIgniter\Boot::runCodeIgniter(Object(CodeIgniter\CodeIgniter))
11 FCPATH\index.php(59): CodeIgniter\Boot::bootWeb(Object(Config\Paths))
CRITICAL - 2026-08-29 18:06:07 --> [Caused by] mysqli_sql_exception: You have an error in your SQL syntax; check the manual that corresponds to your MariaDB server version for the right syntax to use near '? AND `receiverId` = ?) OR (`senderId` = ? AND receiverId = ?)) :((senderId =...' at line 3
in SYSTEMPATH\Database\MySQLi\Connection.php on line 300.
 1 SYSTEMPATH\Database\MySQLi\Connection.php(300): mysqli->query('SELECT COUNT(*) AS `numrows`
FROM `messages`
WHERE ((senderId = ? AND `receiverId` = ?) OR (`senderId` = ? AND receiverId = ?)) :((senderId = ? AND `receiverId` = ?) OR (`senderId` = ? AND `receiverId` = ?)):', 0)
 2 SYSTEMPATH\Database\BaseConnection.php(908): CodeIgniter\Database\MySQLi\Connection->execute('SELECT COUNT(*) AS `numrows`
FROM `messages`
WHERE ((senderId = ? AND `receiverId` = ?) OR (`senderId` = ? AND receiverId = ?)) :((senderId = ? AND `receiverId` = ?) OR (`senderId` = ? AND `receiverId` = ?)):')
 3 SYSTEMPATH\Database\BaseConnection.php(825): CodeIgniter\Database\BaseConnection->simpleQuery('SELECT COUNT(*) AS `numrows`
FROM `messages`
WHERE ((senderId = ? AND `receiverId` = ?) OR (`senderId` = ? AND receiverId = ?)) :((senderId = ? AND `receiverId` = ?) OR (`senderId` = ? AND `receiverId` = ?)):')
 4 SYSTEMPATH\Database\BaseBuilder.php(1731): CodeIgniter\Database\BaseConnection->query('SELECT COUNT(*) AS `numrows`
FROM `messages`
WHERE ((senderId = ? AND `receiverId` = ?) OR (`senderId` = ? AND receiverId = ?)) :((senderId = ? AND `receiverId` = ?) OR (`senderId` = ? AND `receiverId` = ?)):', [...], false)
 5 APPPATH\Models\MessageModel.php(87): CodeIgniter\Database\BaseBuilder->countAllResults()
 6 APPPATH\Controllers\Chat.php(176): App\Models\MessageModel->getConversationCount('207c49c0f2fc6493', '5349b44df9bf8543')
 7 SYSTEMPATH\CodeIgniter.php(974): App\Controllers\Chat->getMessages('5349b44df9bf8543')
 8 SYSTEMPATH\CodeIgniter.php(520): CodeIgniter\CodeIgniter->runController(Object(App\Controllers\Chat))
 9 SYSTEMPATH\CodeIgniter.php(363): CodeIgniter\CodeIgniter->handleRequest(null, Object(Config\Cache), false)
10 SYSTEMPATH\Boot.php(417): CodeIgniter\CodeIgniter->run()
11 SYSTEMPATH\Boot.php(68): CodeIgniter\Boot::runCodeIgniter(Object(CodeIgniter\CodeIgniter))
12 FCPATH\index.php(59): CodeIgniter\Boot::bootWeb(Object(Config\Paths))
ERROR - 2026-08-29 18:06:10 --> You have an error in your SQL syntax; check the manual that corresponds to your MariaDB server version for the right syntax to use near '? AND `receiverId` = ?) OR (`senderId` = ? AND receiverId = ?)) :((senderId =...' at line 3
in SYSTEMPATH\Database\MySQLi\Connection.php on line 300.
 1 SYSTEMPATH\Database\MySQLi\Connection.php(300): mysqli->query('SELECT COUNT(*) AS `numrows`
FROM `messages`
WHERE ((senderId = ? AND `receiverId` = ?) OR (`senderId` = ? AND receiverId = ?)) :((senderId = ? AND `receiverId` = ?) OR (`senderId` = ? AND `receiverId` = ?)):', 0)
 2 SYSTEMPATH\Database\BaseConnection.php(908): CodeIgniter\Database\MySQLi\Connection->execute('SELECT COUNT(*) AS `numrows`
FROM `messages`
WHERE ((senderId = ? AND `receiverId` = ?) OR (`senderId` = ? AND receiverId = ?)) :((senderId = ? AND `receiverId` = ?) OR (`senderId` = ? AND `receiverId` = ?)):')
 3 SYSTEMPATH\Database\BaseConnection.php(825): CodeIgniter\Database\BaseConnection->simpleQuery('SELECT COUNT(*) AS `numrows`
FROM `messages`
WHERE ((senderId = ? AND `receiverId` = ?) OR (`senderId` = ? AND receiverId = ?)) :((senderId = ? AND `receiverId` = ?) OR (`senderId` = ? AND `receiverId` = ?)):')
 4 SYSTEMPATH\Database\BaseBuilder.php(1731): CodeIgniter\Database\BaseConnection->query('SELECT COUNT(*) AS `numrows`
FROM `messages`
WHERE ((senderId = ? AND `receiverId` = ?) OR (`senderId` = ? AND receiverId = ?)) :((senderId = ? AND `receiverId` = ?) OR (`senderId` = ? AND `receiverId` = ?)):', [...], false)
 5 APPPATH\Models\MessageModel.php(87): CodeIgniter\Database\BaseBuilder->countAllResults()
 6 APPPATH\Controllers\Chat.php(176): App\Models\MessageModel->getConversationCount('207c49c0f2fc6493', '5349b44df9bf8543')
 7 SYSTEMPATH\CodeIgniter.php(974): App\Controllers\Chat->getMessages('5349b44df9bf8543')
 8 SYSTEMPATH\CodeIgniter.php(520): CodeIgniter\CodeIgniter->runController(Object(App\Controllers\Chat))
 9 SYSTEMPATH\CodeIgniter.php(363): CodeIgniter\CodeIgniter->handleRequest(null, Object(Config\Cache), false)
10 SYSTEMPATH\Boot.php(417): CodeIgniter\CodeIgniter->run()
11 SYSTEMPATH\Boot.php(68): CodeIgniter\Boot::runCodeIgniter(Object(CodeIgniter\CodeIgniter))
12 FCPATH\index.php(59): CodeIgniter\Boot::bootWeb(Object(Config\Paths))
CRITICAL - 2026-08-29 18:06:10 --> CodeIgniter\Database\Exceptions\DatabaseException: You have an error in your SQL syntax; check the manual that corresponds to your MariaDB server version for the right syntax to use near '? AND `receiverId` = ?) OR (`senderId` = ? AND receiverId = ?)) :((senderId =...' at line 3
[Method: GET, Route: employee/chat/messages/5349b44df9bf8543]
in SYSTEMPATH\Database\BaseConnection.php on line 863.
 1 SYSTEMPATH\Database\BaseBuilder.php(1731): CodeIgniter\Database\BaseConnection->query('SELECT COUNT(*) AS `numrows`
FROM `messages`
WHERE ((senderId = ? AND `receiverId` = ?) OR (`senderId` = ? AND receiverId = ?)) :((senderId = ? AND `receiverId` = ?) OR (`senderId` = ? AND `receiverId` = ?)):', [...], false)
 2 APPPATH\Models\MessageModel.php(87): CodeIgniter\Database\BaseBuilder->countAllResults()
 3 APPPATH\Controllers\Chat.php(176): App\Models\MessageModel->getConversationCount('207c49c0f2fc6493', '5349b44df9bf8543')
 4 SYSTEMPATH\CodeIgniter.php(974): App\Controllers\Chat->getMessages('5349b44df9bf8543')
 5 SYSTEMPATH\CodeIgniter.php(520): CodeIgniter\CodeIgniter->runController(Object(App\Controllers\Chat))
 6 SYSTEMPATH\CodeIgniter.php(363): CodeIgniter\CodeIgniter->handleRequest(null, Object(Config\Cache), false)
 7 SYSTEMPATH\Boot.php(417): CodeIgniter\CodeIgniter->run()
 8 SYSTEMPATH\Boot.php(68): CodeIgniter\Boot::runCodeIgniter(Object(CodeIgniter\CodeIgniter))
 9 FCPATH\index.php(59): CodeIgniter\Boot::bootWeb(Object(Config\Paths))
CRITICAL - 2026-08-29 18:06:10 --> [Caused by] CodeIgniter\Database\Exceptions\DatabaseException: You have an error in your SQL syntax; check the manual that corresponds to your MariaDB server version for the right syntax to use near '? AND `receiverId` = ?) OR (`senderId` = ? AND receiverId = ?)) :((senderId =...' at line 3
in SYSTEMPATH\Database\MySQLi\Connection.php on line 310.
 1 SYSTEMPATH\Database\BaseConnection.php(908): CodeIgniter\Database\MySQLi\Connection->execute('SELECT COUNT(*) AS `numrows`
FROM `messages`
WHERE ((senderId = ? AND `receiverId` = ?) OR (`senderId` = ? AND receiverId = ?)) :((senderId = ? AND `receiverId` = ?) OR (`senderId` = ? AND `receiverId` = ?)):')
 2 SYSTEMPATH\Database\BaseConnection.php(825): CodeIgniter\Database\BaseConnection->simpleQuery('SELECT COUNT(*) AS `numrows`
FROM `messages`
WHERE ((senderId = ? AND `receiverId` = ?) OR (`senderId` = ? AND receiverId = ?)) :((senderId = ? AND `receiverId` = ?) OR (`senderId` = ? AND `receiverId` = ?)):')
 3 SYSTEMPATH\Database\BaseBuilder.php(1731): CodeIgniter\Database\BaseConnection->query('SELECT COUNT(*) AS `numrows`
FROM `messages`
WHERE ((senderId = ? AND `receiverId` = ?) OR (`senderId` = ? AND receiverId = ?)) :((senderId = ? AND `receiverId` = ?) OR (`senderId` = ? AND `receiverId` = ?)):', [...], false)
 4 APPPATH\Models\MessageModel.php(87): CodeIgniter\Database\BaseBuilder->countAllResults()
 5 APPPATH\Controllers\Chat.php(176): App\Models\MessageModel->getConversationCount('207c49c0f2fc6493', '5349b44df9bf8543')
 6 SYSTEMPATH\CodeIgniter.php(974): App\Controllers\Chat->getMessages('5349b44df9bf8543')
 7 SYSTEMPATH\CodeIgniter.php(520): CodeIgniter\CodeIgniter->runController(Object(App\Controllers\Chat))
 8 SYSTEMPATH\CodeIgniter.php(363): CodeIgniter\CodeIgniter->handleRequest(null, Object(Config\Cache), false)
 9 SYSTEMPATH\Boot.php(417): CodeIgniter\CodeIgniter->run()
10 SYSTEMPATH\Boot.php(68): CodeIgniter\Boot::runCodeIgniter(Object(CodeIgniter\CodeIgniter))
11 FCPATH\index.php(59): CodeIgniter\Boot::bootWeb(Object(Config\Paths))
CRITICAL - 2026-08-29 18:06:10 --> [Caused by] mysqli_sql_exception: You have an error in your SQL syntax; check the manual that corresponds to your MariaDB server version for the right syntax to use near '? AND `receiverId` = ?) OR (`senderId` = ? AND receiverId = ?)) :((senderId =...' at line 3
in SYSTEMPATH\Database\MySQLi\Connection.php on line 300.
 1 SYSTEMPATH\Database\MySQLi\Connection.php(300): mysqli->query('SELECT COUNT(*) AS `numrows`
FROM `messages`
WHERE ((senderId = ? AND `receiverId` = ?) OR (`senderId` = ? AND receiverId = ?)) :((senderId = ? AND `receiverId` = ?) OR (`senderId` = ? AND `receiverId` = ?)):', 0)
 2 SYSTEMPATH\Database\BaseConnection.php(908): CodeIgniter\Database\MySQLi\Connection->execute('SELECT COUNT(*) AS `numrows`
FROM `messages`
WHERE ((senderId = ? AND `receiverId` = ?) OR (`senderId` = ? AND receiverId = ?)) :((senderId = ? AND `receiverId` = ?) OR (`senderId` = ? AND `receiverId` = ?)):')
 3 SYSTEMPATH\Database\BaseConnection.php(825): CodeIgniter\Database\BaseConnection->simpleQuery('SELECT COUNT(*) AS `numrows`
FROM `messages`
WHERE ((senderId = ? AND `receiverId` = ?) OR (`senderId` = ? AND receiverId = ?)) :((senderId = ? AND `receiverId` = ?) OR (`senderId` = ? AND `receiverId` = ?)):')
 4 SYSTEMPATH\Database\BaseBuilder.php(1731): CodeIgniter\Database\BaseConnection->query('SELECT COUNT(*) AS `numrows`
FROM `messages`
WHERE ((senderId = ? AND `receiverId` = ?) OR (`senderId` = ? AND receiverId = ?)) :((senderId = ? AND `receiverId` = ?) OR (`senderId` = ? AND `receiverId` = ?)):', [...], false)
 5 APPPATH\Models\MessageModel.php(87): CodeIgniter\Database\BaseBuilder->countAllResults()
 6 APPPATH\Controllers\Chat.php(176): App\Models\MessageModel->getConversationCount('207c49c0f2fc6493', '5349b44df9bf8543')
 7 SYSTEMPATH\CodeIgniter.php(974): App\Controllers\Chat->getMessages('5349b44df9bf8543')
 8 SYSTEMPATH\CodeIgniter.php(520): CodeIgniter\CodeIgniter->runController(Object(App\Controllers\Chat))
 9 SYSTEMPATH\CodeIgniter.php(363): CodeIgniter\CodeIgniter->handleRequest(null, Object(Config\Cache), false)
10 SYSTEMPATH\Boot.php(417): CodeIgniter\CodeIgniter->run()
11 SYSTEMPATH\Boot.php(68): CodeIgniter\Boot::runCodeIgniter(Object(CodeIgniter\CodeIgniter))
12 FCPATH\index.php(59): CodeIgniter\Boot::bootWeb(Object(Config\Paths))
ERROR - 2026-08-29 18:06:13 --> You have an error in your SQL syntax; check the manual that corresponds to your MariaDB server version for the right syntax to use near '? AND `receiverId` = ?) OR (`senderId` = ? AND receiverId = ?)) :((senderId =...' at line 3
in SYSTEMPATH\Database\MySQLi\Connection.php on line 300.
 1 SYSTEMPATH\Database\MySQLi\Connection.php(300): mysqli->query('SELECT COUNT(*) AS `numrows`
FROM `messages`
WHERE ((senderId = ? AND `receiverId` = ?) OR (`senderId` = ? AND receiverId = ?)) :((senderId = ? AND `receiverId` = ?) OR (`senderId` = ? AND `receiverId` = ?)):', 0)
 2 SYSTEMPATH\Database\BaseConnection.php(908): CodeIgniter\Database\MySQLi\Connection->execute('SELECT COUNT(*) AS `numrows`
FROM `messages`
WHERE ((senderId = ? AND `receiverId` = ?) OR (`senderId` = ? AND receiverId = ?)) :((senderId = ? AND `receiverId` = ?) OR (`senderId` = ? AND `receiverId` = ?)):')
 3 SYSTEMPATH\Database\BaseConnection.php(825): CodeIgniter\Database\BaseConnection->simpleQuery('SELECT COUNT(*) AS `numrows`
FROM `messages`
WHERE ((senderId = ? AND `receiverId` = ?) OR (`senderId` = ? AND receiverId = ?)) :((senderId = ? AND `receiverId` = ?) OR (`senderId` = ? AND `receiverId` = ?)):')
 4 SYSTEMPATH\Database\BaseBuilder.php(1731): CodeIgniter\Database\BaseConnection->query('SELECT COUNT(*) AS `numrows`
FROM `messages`
WHERE ((senderId = ? AND `receiverId` = ?) OR (`senderId` = ? AND receiverId = ?)) :((senderId = ? AND `receiverId` = ?) OR (`senderId` = ? AND `receiverId` = ?)):', [...], false)
 5 APPPATH\Models\MessageModel.php(87): CodeIgniter\Database\BaseBuilder->countAllResults()
 6 APPPATH\Controllers\Chat.php(176): App\Models\MessageModel->getConversationCount('207c49c0f2fc6493', '5349b44df9bf8543')
 7 SYSTEMPATH\CodeIgniter.php(974): App\Controllers\Chat->getMessages('5349b44df9bf8543')
 8 SYSTEMPATH\CodeIgniter.php(520): CodeIgniter\CodeIgniter->runController(Object(App\Controllers\Chat))
 9 SYSTEMPATH\CodeIgniter.php(363): CodeIgniter\CodeIgniter->handleRequest(null, Object(Config\Cache), false)
10 SYSTEMPATH\Boot.php(417): CodeIgniter\CodeIgniter->run()
11 SYSTEMPATH\Boot.php(68): CodeIgniter\Boot::runCodeIgniter(Object(CodeIgniter\CodeIgniter))
12 FCPATH\index.php(59): CodeIgniter\Boot::bootWeb(Object(Config\Paths))
CRITICAL - 2026-08-29 18:06:13 --> CodeIgniter\Database\Exceptions\DatabaseException: You have an error in your SQL syntax; check the manual that corresponds to your MariaDB server version for the right syntax to use near '? AND `receiverId` = ?) OR (`senderId` = ? AND receiverId = ?)) :((senderId =...' at line 3
[Method: GET, Route: employee/chat/messages/5349b44df9bf8543]
in SYSTEMPATH\Database\BaseConnection.php on line 863.
 1 SYSTEMPATH\Database\BaseBuilder.php(1731): CodeIgniter\Database\BaseConnection->query('SELECT COUNT(*) AS `numrows`
FROM `messages`
WHERE ((senderId = ? AND `receiverId` = ?) OR (`senderId` = ? AND receiverId = ?)) :((senderId = ? AND `receiverId` = ?) OR (`senderId` = ? AND `receiverId` = ?)):', [...], false)
 2 APPPATH\Models\MessageModel.php(87): CodeIgniter\Database\BaseBuilder->countAllResults()
 3 APPPATH\Controllers\Chat.php(176): App\Models\MessageModel->getConversationCount('207c49c0f2fc6493', '5349b44df9bf8543')
 4 SYSTEMPATH\CodeIgniter.php(974): App\Controllers\Chat->getMessages('5349b44df9bf8543')
 5 SYSTEMPATH\CodeIgniter.php(520): CodeIgniter\CodeIgniter->runController(Object(App\Controllers\Chat))
 6 SYSTEMPATH\CodeIgniter.php(363): CodeIgniter\CodeIgniter->handleRequest(null, Object(Config\Cache), false)
 7 SYSTEMPATH\Boot.php(417): CodeIgniter\CodeIgniter->run()
 8 SYSTEMPATH\Boot.php(68): CodeIgniter\Boot::runCodeIgniter(Object(CodeIgniter\CodeIgniter))
 9 FCPATH\index.php(59): CodeIgniter\Boot::bootWeb(Object(Config\Paths))
CRITICAL - 2026-08-29 18:06:13 --> [Caused by] CodeIgniter\Database\Exceptions\DatabaseException: You have an error in your SQL syntax; check the manual that corresponds to your MariaDB server version for the right syntax to use near '? AND `receiverId` = ?) OR (`senderId` = ? AND receiverId = ?)) :((senderId =...' at line 3
in SYSTEMPATH\Database\MySQLi\Connection.php on line 310.
 1 SYSTEMPATH\Database\BaseConnection.php(908): CodeIgniter\Database\MySQLi\Connection->execute('SELECT COUNT(*) AS `numrows`
FROM `messages`
WHERE ((senderId = ? AND `receiverId` = ?) OR (`senderId` = ? AND receiverId = ?)) :((senderId = ? AND `receiverId` = ?) OR (`senderId` = ? AND `receiverId` = ?)):')
 2 SYSTEMPATH\Database\BaseConnection.php(825): CodeIgniter\Database\BaseConnection->simpleQuery('SELECT COUNT(*) AS `numrows`
FROM `messages`
WHERE ((senderId = ? AND `receiverId` = ?) OR (`senderId` = ? AND receiverId = ?)) :((senderId = ? AND `receiverId` = ?) OR (`senderId` = ? AND `receiverId` = ?)):')
 3 SYSTEMPATH\Database\BaseBuilder.php(1731): CodeIgniter\Database\BaseConnection->query('SELECT COUNT(*) AS `numrows`
FROM `messages`
WHERE ((senderId = ? AND `receiverId` = ?) OR (`senderId` = ? AND receiverId = ?)) :((senderId = ? AND `receiverId` = ?) OR (`senderId` = ? AND `receiverId` = ?)):', [...], false)
 4 APPPATH\Models\MessageModel.php(87): CodeIgniter\Database\BaseBuilder->countAllResults()
 5 APPPATH\Controllers\Chat.php(176): App\Models\MessageModel->getConversationCount('207c49c0f2fc6493', '5349b44df9bf8543')
 6 SYSTEMPATH\CodeIgniter.php(974): App\Controllers\Chat->getMessages('5349b44df9bf8543')
 7 SYSTEMPATH\CodeIgniter.php(520): CodeIgniter\CodeIgniter->runController(Object(App\Controllers\Chat))
 8 SYSTEMPATH\CodeIgniter.php(363): CodeIgniter\CodeIgniter->handleRequest(null, Object(Config\Cache), false)
 9 SYSTEMPATH\Boot.php(417): CodeIgniter\CodeIgniter->run()
10 SYSTEMPATH\Boot.php(68): CodeIgniter\Boot::runCodeIgniter(Object(CodeIgniter\CodeIgniter))
11 FCPATH\index.php(59): CodeIgniter\Boot::bootWeb(Object(Config\Paths))
CRITICAL - 2026-08-29 18:06:13 --> [Caused by] mysqli_sql_exception: You have an error in your SQL syntax; check the manual that corresponds to your MariaDB server version for the right syntax to use near '? AND `receiverId` = ?) OR (`senderId` = ? AND receiverId = ?)) :((senderId =...' at line 3
in SYSTEMPATH\Database\MySQLi\Connection.php on line 300.
 1 SYSTEMPATH\Database\MySQLi\Connection.php(300): mysqli->query('SELECT COUNT(*) AS `numrows`
FROM `messages`
WHERE ((senderId = ? AND `receiverId` = ?) OR (`senderId` = ? AND receiverId = ?)) :((senderId = ? AND `receiverId` = ?) OR (`senderId` = ? AND `receiverId` = ?)):', 0)
 2 SYSTEMPATH\Database\BaseConnection.php(908): CodeIgniter\Database\MySQLi\Connection->execute('SELECT COUNT(*) AS `numrows`
FROM `messages`
WHERE ((senderId = ? AND `receiverId` = ?) OR (`senderId` = ? AND receiverId = ?)) :((senderId = ? AND `receiverId` = ?) OR (`senderId` = ? AND `receiverId` = ?)):')
 3 SYSTEMPATH\Database\BaseConnection.php(825): CodeIgniter\Database\BaseConnection->simpleQuery('SELECT COUNT(*) AS `numrows`
FROM `messages`
WHERE ((senderId = ? AND `receiverId` = ?) OR (`senderId` = ? AND receiverId = ?)) :((senderId = ? AND `receiverId` = ?) OR (`senderId` = ? AND `receiverId` = ?)):')
 4 SYSTEMPATH\Database\BaseBuilder.php(1731): CodeIgniter\Database\BaseConnection->query('SELECT COUNT(*) AS `numrows`
FROM `messages`
WHERE ((senderId = ? AND `receiverId` = ?) OR (`senderId` = ? AND receiverId = ?)) :((senderId = ? AND `receiverId` = ?) OR (`senderId` = ? AND `receiverId` = ?)):', [...], false)
 5 APPPATH\Models\MessageModel.php(87): CodeIgniter\Database\BaseBuilder->countAllResults()
 6 APPPATH\Controllers\Chat.php(176): App\Models\MessageModel->getConversationCount('207c49c0f2fc6493', '5349b44df9bf8543')
 7 SYSTEMPATH\CodeIgniter.php(974): App\Controllers\Chat->getMessages('5349b44df9bf8543')
 8 SYSTEMPATH\CodeIgniter.php(520): CodeIgniter\CodeIgniter->runController(Object(App\Controllers\Chat))
 9 SYSTEMPATH\CodeIgniter.php(363): CodeIgniter\CodeIgniter->handleRequest(null, Object(Config\Cache), false)
10 SYSTEMPATH\Boot.php(417): CodeIgniter\CodeIgniter->run()
11 SYSTEMPATH\Boot.php(68): CodeIgniter\Boot::runCodeIgniter(Object(CodeIgniter\CodeIgniter))
12 FCPATH\index.php(59): CodeIgniter\Boot::bootWeb(Object(Config\Paths))
ERROR - 2026-08-29 18:06:16 --> You have an error in your SQL syntax; check the manual that corresponds to your MariaDB server version for the right syntax to use near '? AND `receiverId` = ?) OR (`senderId` = ? AND receiverId = ?)) :((senderId =...' at line 3
in SYSTEMPATH\Database\MySQLi\Connection.php on line 300.
 1 SYSTEMPATH\Database\MySQLi\Connection.php(300): mysqli->query('SELECT COUNT(*) AS `numrows`
FROM `messages`
WHERE ((senderId = ? AND `receiverId` = ?) OR (`senderId` = ? AND receiverId = ?)) :((senderId = ? AND `receiverId` = ?) OR (`senderId` = ? AND `receiverId` = ?)):', 0)
 2 SYSTEMPATH\Database\BaseConnection.php(908): CodeIgniter\Database\MySQLi\Connection->execute('SELECT COUNT(*) AS `numrows`
FROM `messages`
WHERE ((senderId = ? AND `receiverId` = ?) OR (`senderId` = ? AND receiverId = ?)) :((senderId = ? AND `receiverId` = ?) OR (`senderId` = ? AND `receiverId` = ?)):')
 3 SYSTEMPATH\Database\BaseConnection.php(825): CodeIgniter\Database\BaseConnection->simpleQuery('SELECT COUNT(*) AS `numrows`
FROM `messages`
WHERE ((senderId = ? AND `receiverId` = ?) OR (`senderId` = ? AND receiverId = ?)) :((senderId = ? AND `receiverId` = ?) OR (`senderId` = ? AND `receiverId` = ?)):')
 4 SYSTEMPATH\Database\BaseBuilder.php(1731): CodeIgniter\Database\BaseConnection->query('SELECT COUNT(*) AS `numrows`
FROM `messages`
WHERE ((senderId = ? AND `receiverId` = ?) OR (`senderId` = ? AND receiverId = ?)) :((senderId = ? AND `receiverId` = ?) OR (`senderId` = ? AND `receiverId` = ?)):', [...], false)
 5 APPPATH\Models\MessageModel.php(87): CodeIgniter\Database\BaseBuilder->countAllResults()
 6 APPPATH\Controllers\Chat.php(176): App\Models\MessageModel->getConversationCount('207c49c0f2fc6493', '5349b44df9bf8543')
 7 SYSTEMPATH\CodeIgniter.php(974): App\Controllers\Chat->getMessages('5349b44df9bf8543')
 8 SYSTEMPATH\CodeIgniter.php(520): CodeIgniter\CodeIgniter->runController(Object(App\Controllers\Chat))
 9 SYSTEMPATH\CodeIgniter.php(363): CodeIgniter\CodeIgniter->handleRequest(null, Object(Config\Cache), false)
10 SYSTEMPATH\Boot.php(417): CodeIgniter\CodeIgniter->run()
11 SYSTEMPATH\Boot.php(68): CodeIgniter\Boot::runCodeIgniter(Object(CodeIgniter\CodeIgniter))
12 FCPATH\index.php(59): CodeIgniter\Boot::bootWeb(Object(Config\Paths))
CRITICAL - 2026-08-29 18:06:16 --> CodeIgniter\Database\Exceptions\DatabaseException: You have an error in your SQL syntax; check the manual that corresponds to your MariaDB server version for the right syntax to use near '? AND `receiverId` = ?) OR (`senderId` = ? AND receiverId = ?)) :((senderId =...' at line 3
[Method: GET, Route: employee/chat/messages/5349b44df9bf8543]
in SYSTEMPATH\Database\BaseConnection.php on line 863.
 1 SYSTEMPATH\Database\BaseBuilder.php(1731): CodeIgniter\Database\BaseConnection->query('SELECT COUNT(*) AS `numrows`
FROM `messages`
WHERE ((senderId = ? AND `receiverId` = ?) OR (`senderId` = ? AND receiverId = ?)) :((senderId = ? AND `receiverId` = ?) OR (`senderId` = ? AND `receiverId` = ?)):', [...], false)
 2 APPPATH\Models\MessageModel.php(87): CodeIgniter\Database\BaseBuilder->countAllResults()
 3 APPPATH\Controllers\Chat.php(176): App\Models\MessageModel->getConversationCount('207c49c0f2fc6493', '5349b44df9bf8543')
 4 SYSTEMPATH\CodeIgniter.php(974): App\Controllers\Chat->getMessages('5349b44df9bf8543')
 5 SYSTEMPATH\CodeIgniter.php(520): CodeIgniter\CodeIgniter->runController(Object(App\Controllers\Chat))
 6 SYSTEMPATH\CodeIgniter.php(363): CodeIgniter\CodeIgniter->handleRequest(null, Object(Config\Cache), false)
 7 SYSTEMPATH\Boot.php(417): CodeIgniter\CodeIgniter->run()
 8 SYSTEMPATH\Boot.php(68): CodeIgniter\Boot::runCodeIgniter(Object(CodeIgniter\CodeIgniter))
 9 FCPATH\index.php(59): CodeIgniter\Boot::bootWeb(Object(Config\Paths))
CRITICAL - 2026-08-29 18:06:16 --> [Caused by] CodeIgniter\Database\Exceptions\DatabaseException: You have an error in your SQL syntax; check the manual that corresponds to your MariaDB server version for the right syntax to use near '? AND `receiverId` = ?) OR (`senderId` = ? AND receiverId = ?)) :((senderId =...' at line 3
in SYSTEMPATH\Database\MySQLi\Connection.php on line 310.
 1 SYSTEMPATH\Database\BaseConnection.php(908): CodeIgniter\Database\MySQLi\Connection->execute('SELECT COUNT(*) AS `numrows`
FROM `messages`
WHERE ((senderId = ? AND `receiverId` = ?) OR (`senderId` = ? AND receiverId = ?)) :((senderId = ? AND `receiverId` = ?) OR (`senderId` = ? AND `receiverId` = ?)):')
 2 SYSTEMPATH\Database\BaseConnection.php(825): CodeIgniter\Database\BaseConnection->simpleQuery('SELECT COUNT(*) AS `numrows`
FROM `messages`
WHERE ((senderId = ? AND `receiverId` = ?) OR (`senderId` = ? AND receiverId = ?)) :((senderId = ? AND `receiverId` = ?) OR (`senderId` = ? AND `receiverId` = ?)):')
 3 SYSTEMPATH\Database\BaseBuilder.php(1731): CodeIgniter\Database\BaseConnection->query('SELECT COUNT(*) AS `numrows`
FROM `messages`
WHERE ((senderId = ? AND `receiverId` = ?) OR (`senderId` = ? AND receiverId = ?)) :((senderId = ? AND `receiverId` = ?) OR (`senderId` = ? AND `receiverId` = ?)):', [...], false)
 4 APPPATH\Models\MessageModel.php(87): CodeIgniter\Database\BaseBuilder->countAllResults()
 5 APPPATH\Controllers\Chat.php(176): App\Models\MessageModel->getConversationCount('207c49c0f2fc6493', '5349b44df9bf8543')
 6 SYSTEMPATH\CodeIgniter.php(974): App\Controllers\Chat->getMessages('5349b44df9bf8543')
 7 SYSTEMPATH\CodeIgniter.php(520): CodeIgniter\CodeIgniter->runController(Object(App\Controllers\Chat))
 8 SYSTEMPATH\CodeIgniter.php(363): CodeIgniter\CodeIgniter->handleRequest(null, Object(Config\Cache), false)
 9 SYSTEMPATH\Boot.php(417): CodeIgniter\CodeIgniter->run()
10 SYSTEMPATH\Boot.php(68): CodeIgniter\Boot::runCodeIgniter(Object(CodeIgniter\CodeIgniter))
11 FCPATH\index.php(59): CodeIgniter\Boot::bootWeb(Object(Config\Paths))
CRITICAL - 2026-08-29 18:06:16 --> [Caused by] mysqli_sql_exception: You have an error in your SQL syntax; check the manual that corresponds to your MariaDB server version for the right syntax to use near '? AND `receiverId` = ?) OR (`senderId` = ? AND receiverId = ?)) :((senderId =...' at line 3
in SYSTEMPATH\Database\MySQLi\Connection.php on line 300.
 1 SYSTEMPATH\Database\MySQLi\Connection.php(300): mysqli->query('SELECT COUNT(*) AS `numrows`
FROM `messages`
WHERE ((senderId = ? AND `receiverId` = ?) OR (`senderId` = ? AND receiverId = ?)) :((senderId = ? AND `receiverId` = ?) OR (`senderId` = ? AND `receiverId` = ?)):', 0)
 2 SYSTEMPATH\Database\BaseConnection.php(908): CodeIgniter\Database\MySQLi\Connection->execute('SELECT COUNT(*) AS `numrows`
FROM `messages`
WHERE ((senderId = ? AND `receiverId` = ?) OR (`senderId` = ? AND receiverId = ?)) :((senderId = ? AND `receiverId` = ?) OR (`senderId` = ? AND `receiverId` = ?)):')
 3 SYSTEMPATH\Database\BaseConnection.php(825): CodeIgniter\Database\BaseConnection->simpleQuery('SELECT COUNT(*) AS `numrows`
FROM `messages`
WHERE ((senderId = ? AND `receiverId` = ?) OR (`senderId` = ? AND receiverId = ?)) :((senderId = ? AND `receiverId` = ?) OR (`senderId` = ? AND `receiverId` = ?)):')
 4 SYSTEMPATH\Database\BaseBuilder.php(1731): CodeIgniter\Database\BaseConnection->query('SELECT COUNT(*) AS `numrows`
FROM `messages`
WHERE ((senderId = ? AND `receiverId` = ?) OR (`senderId` = ? AND receiverId = ?)) :((senderId = ? AND `receiverId` = ?) OR (`senderId` = ? AND `receiverId` = ?)):', [...], false)
 5 APPPATH\Models\MessageModel.php(87): CodeIgniter\Database\BaseBuilder->countAllResults()
 6 APPPATH\Controllers\Chat.php(176): App\Models\MessageModel->getConversationCount('207c49c0f2fc6493', '5349b44df9bf8543')
 7 SYSTEMPATH\CodeIgniter.php(974): App\Controllers\Chat->getMessages('5349b44df9bf8543')
 8 SYSTEMPATH\CodeIgniter.php(520): CodeIgniter\CodeIgniter->runController(Object(App\Controllers\Chat))
 9 SYSTEMPATH\CodeIgniter.php(363): CodeIgniter\CodeIgniter->handleRequest(null, Object(Config\Cache), false)
10 SYSTEMPATH\Boot.php(417): CodeIgniter\CodeIgniter->run()
11 SYSTEMPATH\Boot.php(68): CodeIgniter\Boot::runCodeIgniter(Object(CodeIgniter\CodeIgniter))
12 FCPATH\index.php(59): CodeIgniter\Boot::bootWeb(Object(Config\Paths))
ERROR - 2026-08-29 18:06:19 --> You have an error in your SQL syntax; check the manual that corresponds to your MariaDB server version for the right syntax to use near '? AND `receiverId` = ?) OR (`senderId` = ? AND receiverId = ?)) :((senderId =...' at line 3
in SYSTEMPATH\Database\MySQLi\Connection.php on line 300.
 1 SYSTEMPATH\Database\MySQLi\Connection.php(300): mysqli->query('SELECT COUNT(*) AS `numrows`
FROM `messages`
WHERE ((senderId = ? AND `receiverId` = ?) OR (`senderId` = ? AND receiverId = ?)) :((senderId = ? AND `receiverId` = ?) OR (`senderId` = ? AND `receiverId` = ?)):', 0)
 2 SYSTEMPATH\Database\BaseConnection.php(908): CodeIgniter\Database\MySQLi\Connection->execute('SELECT COUNT(*) AS `numrows`
FROM `messages`
WHERE ((senderId = ? AND `receiverId` = ?) OR (`senderId` = ? AND receiverId = ?)) :((senderId = ? AND `receiverId` = ?) OR (`senderId` = ? AND `receiverId` = ?)):')
 3 SYSTEMPATH\Database\BaseConnection.php(825): CodeIgniter\Database\BaseConnection->simpleQuery('SELECT COUNT(*) AS `numrows`
FROM `messages`
WHERE ((senderId = ? AND `receiverId` = ?) OR (`senderId` = ? AND receiverId = ?)) :((senderId = ? AND `receiverId` = ?) OR (`senderId` = ? AND `receiverId` = ?)):')
 4 SYSTEMPATH\Database\BaseBuilder.php(1731): CodeIgniter\Database\BaseConnection->query('SELECT COUNT(*) AS `numrows`
FROM `messages`
WHERE ((senderId = ? AND `receiverId` = ?) OR (`senderId` = ? AND receiverId = ?)) :((senderId = ? AND `receiverId` = ?) OR (`senderId` = ? AND `receiverId` = ?)):', [...], false)
 5 APPPATH\Models\MessageModel.php(87): CodeIgniter\Database\BaseBuilder->countAllResults()
 6 APPPATH\Controllers\Chat.php(176): App\Models\MessageModel->getConversationCount('207c49c0f2fc6493', '5349b44df9bf8543')
 7 SYSTEMPATH\CodeIgniter.php(974): App\Controllers\Chat->getMessages('5349b44df9bf8543')
 8 SYSTEMPATH\CodeIgniter.php(520): CodeIgniter\CodeIgniter->runController(Object(App\Controllers\Chat))
 9 SYSTEMPATH\CodeIgniter.php(363): CodeIgniter\CodeIgniter->handleRequest(null, Object(Config\Cache), false)
10 SYSTEMPATH\Boot.php(417): CodeIgniter\CodeIgniter->run()
11 SYSTEMPATH\Boot.php(68): CodeIgniter\Boot::runCodeIgniter(Object(CodeIgniter\CodeIgniter))
12 FCPATH\index.php(59): CodeIgniter\Boot::bootWeb(Object(Config\Paths))
CRITICAL - 2026-08-29 18:06:19 --> CodeIgniter\Database\Exceptions\DatabaseException: You have an error in your SQL syntax; check the manual that corresponds to your MariaDB server version for the right syntax to use near '? AND `receiverId` = ?) OR (`senderId` = ? AND receiverId = ?)) :((senderId =...' at line 3
[Method: GET, Route: employee/chat/messages/5349b44df9bf8543]
in SYSTEMPATH\Database\BaseConnection.php on line 863.
 1 SYSTEMPATH\Database\BaseBuilder.php(1731): CodeIgniter\Database\BaseConnection->query('SELECT COUNT(*) AS `numrows`
FROM `messages`
WHERE ((senderId = ? AND `receiverId` = ?) OR (`senderId` = ? AND receiverId = ?)) :((senderId = ? AND `receiverId` = ?) OR (`senderId` = ? AND `receiverId` = ?)):', [...], false)
 2 APPPATH\Models\MessageModel.php(87): CodeIgniter\Database\BaseBuilder->countAllResults()
 3 APPPATH\Controllers\Chat.php(176): App\Models\MessageModel->getConversationCount('207c49c0f2fc6493', '5349b44df9bf8543')
 4 SYSTEMPATH\CodeIgniter.php(974): App\Controllers\Chat->getMessages('5349b44df9bf8543')
 5 SYSTEMPATH\CodeIgniter.php(520): CodeIgniter\CodeIgniter->runController(Object(App\Controllers\Chat))
 6 SYSTEMPATH\CodeIgniter.php(363): CodeIgniter\CodeIgniter->handleRequest(null, Object(Config\Cache), false)
 7 SYSTEMPATH\Boot.php(417): CodeIgniter\CodeIgniter->run()
 8 SYSTEMPATH\Boot.php(68): CodeIgniter\Boot::runCodeIgniter(Object(CodeIgniter\CodeIgniter))
 9 FCPATH\index.php(59): CodeIgniter\Boot::bootWeb(Object(Config\Paths))
CRITICAL - 2026-08-29 18:06:19 --> [Caused by] CodeIgniter\Database\Exceptions\DatabaseException: You have an error in your SQL syntax; check the manual that corresponds to your MariaDB server version for the right syntax to use near '? AND `receiverId` = ?) OR (`senderId` = ? AND receiverId = ?)) :((senderId =...' at line 3
in SYSTEMPATH\Database\MySQLi\Connection.php on line 310.
 1 SYSTEMPATH\Database\BaseConnection.php(908): CodeIgniter\Database\MySQLi\Connection->execute('SELECT COUNT(*) AS `numrows`
FROM `messages`
WHERE ((senderId = ? AND `receiverId` = ?) OR (`senderId` = ? AND receiverId = ?)) :((senderId = ? AND `receiverId` = ?) OR (`senderId` = ? AND `receiverId` = ?)):')
 2 SYSTEMPATH\Database\BaseConnection.php(825): CodeIgniter\Database\BaseConnection->simpleQuery('SELECT COUNT(*) AS `numrows`
FROM `messages`
WHERE ((senderId = ? AND `receiverId` = ?) OR (`senderId` = ? AND receiverId = ?)) :((senderId = ? AND `receiverId` = ?) OR (`senderId` = ? AND `receiverId` = ?)):')
 3 SYSTEMPATH\Database\BaseBuilder.php(1731): CodeIgniter\Database\BaseConnection->query('SELECT COUNT(*) AS `numrows`
FROM `messages`
WHERE ((senderId = ? AND `receiverId` = ?) OR (`senderId` = ? AND receiverId = ?)) :((senderId = ? AND `receiverId` = ?) OR (`senderId` = ? AND `receiverId` = ?)):', [...], false)
 4 APPPATH\Models\MessageModel.php(87): CodeIgniter\Database\BaseBuilder->countAllResults()
 5 APPPATH\Controllers\Chat.php(176): App\Models\MessageModel->getConversationCount('207c49c0f2fc6493', '5349b44df9bf8543')
 6 SYSTEMPATH\CodeIgniter.php(974): App\Controllers\Chat->getMessages('5349b44df9bf8543')
 7 SYSTEMPATH\CodeIgniter.php(520): CodeIgniter\CodeIgniter->runController(Object(App\Controllers\Chat))
 8 SYSTEMPATH\CodeIgniter.php(363): CodeIgniter\CodeIgniter->handleRequest(null, Object(Config\Cache), false)
 9 SYSTEMPATH\Boot.php(417): CodeIgniter\CodeIgniter->run()
10 SYSTEMPATH\Boot.php(68): CodeIgniter\Boot::runCodeIgniter(Object(CodeIgniter\CodeIgniter))
11 FCPATH\index.php(59): CodeIgniter\Boot::bootWeb(Object(Config\Paths))
CRITICAL - 2026-08-29 18:06:19 --> [Caused by] mysqli_sql_exception: You have an error in your SQL syntax; check the manual that corresponds to your MariaDB server version for the right syntax to use near '? AND `receiverId` = ?) OR (`senderId` = ? AND receiverId = ?)) :((senderId =...' at line 3
in SYSTEMPATH\Database\MySQLi\Connection.php on line 300.
 1 SYSTEMPATH\Database\MySQLi\Connection.php(300): mysqli->query('SELECT COUNT(*) AS `numrows`
FROM `messages`
WHERE ((senderId = ? AND `receiverId` = ?) OR (`senderId` = ? AND receiverId = ?)) :((senderId = ? AND `receiverId` = ?) OR (`senderId` = ? AND `receiverId` = ?)):', 0)
 2 SYSTEMPATH\Database\BaseConnection.php(908): CodeIgniter\Database\MySQLi\Connection->execute('SELECT COUNT(*) AS `numrows`
FROM `messages`
WHERE ((senderId = ? AND `receiverId` = ?) OR (`senderId` = ? AND receiverId = ?)) :((senderId = ? AND `receiverId` = ?) OR (`senderId` = ? AND `receiverId` = ?)):')
 3 SYSTEMPATH\Database\BaseConnection.php(825): CodeIgniter\Database\BaseConnection->simpleQuery('SELECT COUNT(*) AS `numrows`
FROM `messages`
WHERE ((senderId = ? AND `receiverId` = ?) OR (`senderId` = ? AND receiverId = ?)) :((senderId = ? AND `receiverId` = ?) OR (`senderId` = ? AND `receiverId` = ?)):')
 4 SYSTEMPATH\Database\BaseBuilder.php(1731): CodeIgniter\Database\BaseConnection->query('SELECT COUNT(*) AS `numrows`
FROM `messages`
WHERE ((senderId = ? AND `receiverId` = ?) OR (`senderId` = ? AND receiverId = ?)) :((senderId = ? AND `receiverId` = ?) OR (`senderId` = ? AND `receiverId` = ?)):', [...], false)
 5 APPPATH\Models\MessageModel.php(87): CodeIgniter\Database\BaseBuilder->countAllResults()
 6 APPPATH\Controllers\Chat.php(176): App\Models\MessageModel->getConversationCount('207c49c0f2fc6493', '5349b44df9bf8543')
 7 SYSTEMPATH\CodeIgniter.php(974): App\Controllers\Chat->getMessages('5349b44df9bf8543')
 8 SYSTEMPATH\CodeIgniter.php(520): CodeIgniter\CodeIgniter->runController(Object(App\Controllers\Chat))
 9 SYSTEMPATH\CodeIgniter.php(363): CodeIgniter\CodeIgniter->handleRequest(null, Object(Config\Cache), false)
10 SYSTEMPATH\Boot.php(417): CodeIgniter\CodeIgniter->run()
11 SYSTEMPATH\Boot.php(68): CodeIgniter\Boot::runCodeIgniter(Object(CodeIgniter\CodeIgniter))
12 FCPATH\index.php(59): CodeIgniter\Boot::bootWeb(Object(Config\Paths))
ERROR - 2026-08-29 18:06:22 --> You have an error in your SQL syntax; check the manual that corresponds to your MariaDB server version for the right syntax to use near '? AND `receiverId` = ?) OR (`senderId` = ? AND receiverId = ?)) :((senderId =...' at line 3
in SYSTEMPATH\Database\MySQLi\Connection.php on line 300.
 1 SYSTEMPATH\Database\MySQLi\Connection.php(300): mysqli->query('SELECT COUNT(*) AS `numrows`
FROM `messages`
WHERE ((senderId = ? AND `receiverId` = ?) OR (`senderId` = ? AND receiverId = ?)) :((senderId = ? AND `receiverId` = ?) OR (`senderId` = ? AND `receiverId` = ?)):', 0)
 2 SYSTEMPATH\Database\BaseConnection.php(908): CodeIgniter\Database\MySQLi\Connection->execute('SELECT COUNT(*) AS `numrows`
FROM `messages`
WHERE ((senderId = ? AND `receiverId` = ?) OR (`senderId` = ? AND receiverId = ?)) :((senderId = ? AND `receiverId` = ?) OR (`senderId` = ? AND `receiverId` = ?)):')
 3 SYSTEMPATH\Database\BaseConnection.php(825): CodeIgniter\Database\BaseConnection->simpleQuery('SELECT COUNT(*) AS `numrows`
FROM `messages`
WHERE ((senderId = ? AND `receiverId` = ?) OR (`senderId` = ? AND receiverId = ?)) :((senderId = ? AND `receiverId` = ?) OR (`senderId` = ? AND `receiverId` = ?)):')
 4 SYSTEMPATH\Database\BaseBuilder.php(1731): CodeIgniter\Database\BaseConnection->query('SELECT COUNT(*) AS `numrows`
FROM `messages`
WHERE ((senderId = ? AND `receiverId` = ?) OR (`senderId` = ? AND receiverId = ?)) :((senderId = ? AND `receiverId` = ?) OR (`senderId` = ? AND `receiverId` = ?)):', [...], false)
 5 APPPATH\Models\MessageModel.php(87): CodeIgniter\Database\BaseBuilder->countAllResults()
 6 APPPATH\Controllers\Chat.php(176): App\Models\MessageModel->getConversationCount('207c49c0f2fc6493', '5349b44df9bf8543')
 7 SYSTEMPATH\CodeIgniter.php(974): App\Controllers\Chat->getMessages('5349b44df9bf8543')
 8 SYSTEMPATH\CodeIgniter.php(520): CodeIgniter\CodeIgniter->runController(Object(App\Controllers\Chat))
 9 SYSTEMPATH\CodeIgniter.php(363): CodeIgniter\CodeIgniter->handleRequest(null, Object(Config\Cache), false)
10 SYSTEMPATH\Boot.php(417): CodeIgniter\CodeIgniter->run()
11 SYSTEMPATH\Boot.php(68): CodeIgniter\Boot::runCodeIgniter(Object(CodeIgniter\CodeIgniter))
12 FCPATH\index.php(59): CodeIgniter\Boot::bootWeb(Object(Config\Paths))
CRITICAL - 2026-08-29 18:06:22 --> CodeIgniter\Database\Exceptions\DatabaseException: You have an error in your SQL syntax; check the manual that corresponds to your MariaDB server version for the right syntax to use near '? AND `receiverId` = ?) OR (`senderId` = ? AND receiverId = ?)) :((senderId =...' at line 3
[Method: GET, Route: employee/chat/messages/5349b44df9bf8543]
in SYSTEMPATH\Database\BaseConnection.php on line 863.
 1 SYSTEMPATH\Database\BaseBuilder.php(1731): CodeIgniter\Database\BaseConnection->query('SELECT COUNT(*) AS `numrows`
FROM `messages`
WHERE ((senderId = ? AND `receiverId` = ?) OR (`senderId` = ? AND receiverId = ?)) :((senderId = ? AND `receiverId` = ?) OR (`senderId` = ? AND `receiverId` = ?)):', [...], false)
 2 APPPATH\Models\MessageModel.php(87): CodeIgniter\Database\BaseBuilder->countAllResults()
 3 APPPATH\Controllers\Chat.php(176): App\Models\MessageModel->getConversationCount('207c49c0f2fc6493', '5349b44df9bf8543')
 4 SYSTEMPATH\CodeIgniter.php(974): App\Controllers\Chat->getMessages('5349b44df9bf8543')
 5 SYSTEMPATH\CodeIgniter.php(520): CodeIgniter\CodeIgniter->runController(Object(App\Controllers\Chat))
 6 SYSTEMPATH\CodeIgniter.php(363): CodeIgniter\CodeIgniter->handleRequest(null, Object(Config\Cache), false)
 7 SYSTEMPATH\Boot.php(417): CodeIgniter\CodeIgniter->run()
 8 SYSTEMPATH\Boot.php(68): CodeIgniter\Boot::runCodeIgniter(Object(CodeIgniter\CodeIgniter))
 9 FCPATH\index.php(59): CodeIgniter\Boot::bootWeb(Object(Config\Paths))
CRITICAL - 2026-08-29 18:06:22 --> [Caused by] CodeIgniter\Database\Exceptions\DatabaseException: You have an error in your SQL syntax; check the manual that corresponds to your MariaDB server version for the right syntax to use near '? AND `receiverId` = ?) OR (`senderId` = ? AND receiverId = ?)) :((senderId =...' at line 3
in SYSTEMPATH\Database\MySQLi\Connection.php on line 310.
 1 SYSTEMPATH\Database\BaseConnection.php(908): CodeIgniter\Database\MySQLi\Connection->execute('SELECT COUNT(*) AS `numrows`
FROM `messages`
WHERE ((senderId = ? AND `receiverId` = ?) OR (`senderId` = ? AND receiverId = ?)) :((senderId = ? AND `receiverId` = ?) OR (`senderId` = ? AND `receiverId` = ?)):')
 2 SYSTEMPATH\Database\BaseConnection.php(825): CodeIgniter\Database\BaseConnection->simpleQuery('SELECT COUNT(*) AS `numrows`
FROM `messages`
WHERE ((senderId = ? AND `receiverId` = ?) OR (`senderId` = ? AND receiverId = ?)) :((senderId = ? AND `receiverId` = ?) OR (`senderId` = ? AND `receiverId` = ?)):')
 3 SYSTEMPATH\Database\BaseBuilder.php(1731): CodeIgniter\Database\BaseConnection->query('SELECT COUNT(*) AS `numrows`
FROM `messages`
WHERE ((senderId = ? AND `receiverId` = ?) OR (`senderId` = ? AND receiverId = ?)) :((senderId = ? AND `receiverId` = ?) OR (`senderId` = ? AND `receiverId` = ?)):', [...], false)
 4 APPPATH\Models\MessageModel.php(87): CodeIgniter\Database\BaseBuilder->countAllResults()
 5 APPPATH\Controllers\Chat.php(176): App\Models\MessageModel->getConversationCount('207c49c0f2fc6493', '5349b44df9bf8543')
 6 SYSTEMPATH\CodeIgniter.php(974): App\Controllers\Chat->getMessages('5349b44df9bf8543')
 7 SYSTEMPATH\CodeIgniter.php(520): CodeIgniter\CodeIgniter->runController(Object(App\Controllers\Chat))
 8 SYSTEMPATH\CodeIgniter.php(363): CodeIgniter\CodeIgniter->handleRequest(null, Object(Config\Cache), false)
 9 SYSTEMPATH\Boot.php(417): CodeIgniter\CodeIgniter->run()
10 SYSTEMPATH\Boot.php(68): CodeIgniter\Boot::runCodeIgniter(Object(CodeIgniter\CodeIgniter))
11 FCPATH\index.php(59): CodeIgniter\Boot::bootWeb(Object(Config\Paths))
CRITICAL - 2026-08-29 18:06:22 --> [Caused by] mysqli_sql_exception: You have an error in your SQL syntax; check the manual that corresponds to your MariaDB server version for the right syntax to use near '? AND `receiverId` = ?) OR (`senderId` = ? AND receiverId = ?)) :((senderId =...' at line 3
in SYSTEMPATH\Database\MySQLi\Connection.php on line 300.
 1 SYSTEMPATH\Database\MySQLi\Connection.php(300): mysqli->query('SELECT COUNT(*) AS `numrows`
FROM `messages`
WHERE ((senderId = ? AND `receiverId` = ?) OR (`senderId` = ? AND receiverId = ?)) :((senderId = ? AND `receiverId` = ?) OR (`senderId` = ? AND `receiverId` = ?)):', 0)
 2 SYSTEMPATH\Database\BaseConnection.php(908): CodeIgniter\Database\MySQLi\Connection->execute('SELECT COUNT(*) AS `numrows`
FROM `messages`
WHERE ((senderId = ? AND `receiverId` = ?) OR (`senderId` = ? AND receiverId = ?)) :((senderId = ? AND `receiverId` = ?) OR (`senderId` = ? AND `receiverId` = ?)):')
 3 SYSTEMPATH\Database\BaseConnection.php(825): CodeIgniter\Database\BaseConnection->simpleQuery('SELECT COUNT(*) AS `numrows`
FROM `messages`
WHERE ((senderId = ? AND `receiverId` = ?) OR (`senderId` = ? AND receiverId = ?)) :((senderId = ? AND `receiverId` = ?) OR (`senderId` = ? AND `receiverId` = ?)):')
 4 SYSTEMPATH\Database\BaseBuilder.php(1731): CodeIgniter\Database\BaseConnection->query('SELECT COUNT(*) AS `numrows`
FROM `messages`
WHERE ((senderId = ? AND `receiverId` = ?) OR (`senderId` = ? AND receiverId = ?)) :((senderId = ? AND `receiverId` = ?) OR (`senderId` = ? AND `receiverId` = ?)):', [...], false)
 5 APPPATH\Models\MessageModel.php(87): CodeIgniter\Database\BaseBuilder->countAllResults()
 6 APPPATH\Controllers\Chat.php(176): App\Models\MessageModel->getConversationCount('207c49c0f2fc6493', '5349b44df9bf8543')
 7 SYSTEMPATH\CodeIgniter.php(974): App\Controllers\Chat->getMessages('5349b44df9bf8543')
 8 SYSTEMPATH\CodeIgniter.php(520): CodeIgniter\CodeIgniter->runController(Object(App\Controllers\Chat))
 9 SYSTEMPATH\CodeIgniter.php(363): CodeIgniter\CodeIgniter->handleRequest(null, Object(Config\Cache), false)
10 SYSTEMPATH\Boot.php(417): CodeIgniter\CodeIgniter->run()
11 SYSTEMPATH\Boot.php(68): CodeIgniter\Boot::runCodeIgniter(Object(CodeIgniter\CodeIgniter))
12 FCPATH\index.php(59): CodeIgniter\Boot::bootWeb(Object(Config\Paths))
ERROR - 2026-08-29 18:06:25 --> You have an error in your SQL syntax; check the manual that corresponds to your MariaDB server version for the right syntax to use near '? AND `receiverId` = ?) OR (`senderId` = ? AND receiverId = ?)) :((senderId =...' at line 3
in SYSTEMPATH\Database\MySQLi\Connection.php on line 300.
 1 SYSTEMPATH\Database\MySQLi\Connection.php(300): mysqli->query('SELECT COUNT(*) AS `numrows`
FROM `messages`
WHERE ((senderId = ? AND `receiverId` = ?) OR (`senderId` = ? AND receiverId = ?)) :((senderId = ? AND `receiverId` = ?) OR (`senderId` = ? AND `receiverId` = ?)):', 0)
 2 SYSTEMPATH\Database\BaseConnection.php(908): CodeIgniter\Database\MySQLi\Connection->execute('SELECT COUNT(*) AS `numrows`
FROM `messages`
WHERE ((senderId = ? AND `receiverId` = ?) OR (`senderId` = ? AND receiverId = ?)) :((senderId = ? AND `receiverId` = ?) OR (`senderId` = ? AND `receiverId` = ?)):')
 3 SYSTEMPATH\Database\BaseConnection.php(825): CodeIgniter\Database\BaseConnection->simpleQuery('SELECT COUNT(*) AS `numrows`
FROM `messages`
WHERE ((senderId = ? AND `receiverId` = ?) OR (`senderId` = ? AND receiverId = ?)) :((senderId = ? AND `receiverId` = ?) OR (`senderId` = ? AND `receiverId` = ?)):')
 4 SYSTEMPATH\Database\BaseBuilder.php(1731): CodeIgniter\Database\BaseConnection->query('SELECT COUNT(*) AS `numrows`
FROM `messages`
WHERE ((senderId = ? AND `receiverId` = ?) OR (`senderId` = ? AND receiverId = ?)) :((senderId = ? AND `receiverId` = ?) OR (`senderId` = ? AND `receiverId` = ?)):', [...], false)
 5 APPPATH\Models\MessageModel.php(87): CodeIgniter\Database\BaseBuilder->countAllResults()
 6 APPPATH\Controllers\Chat.php(176): App\Models\MessageModel->getConversationCount('207c49c0f2fc6493', '5349b44df9bf8543')
 7 SYSTEMPATH\CodeIgniter.php(974): App\Controllers\Chat->getMessages('5349b44df9bf8543')
 8 SYSTEMPATH\CodeIgniter.php(520): CodeIgniter\CodeIgniter->runController(Object(App\Controllers\Chat))
 9 SYSTEMPATH\CodeIgniter.php(363): CodeIgniter\CodeIgniter->handleRequest(null, Object(Config\Cache), false)
10 SYSTEMPATH\Boot.php(417): CodeIgniter\CodeIgniter->run()
11 SYSTEMPATH\Boot.php(68): CodeIgniter\Boot::runCodeIgniter(Object(CodeIgniter\CodeIgniter))
12 FCPATH\index.php(59): CodeIgniter\Boot::bootWeb(Object(Config\Paths))
CRITICAL - 2026-08-29 18:06:25 --> CodeIgniter\Database\Exceptions\DatabaseException: You have an error in your SQL syntax; check the manual that corresponds to your MariaDB server version for the right syntax to use near '? AND `receiverId` = ?) OR (`senderId` = ? AND receiverId = ?)) :((senderId =...' at line 3
[Method: GET, Route: employee/chat/messages/5349b44df9bf8543]
in SYSTEMPATH\Database\BaseConnection.php on line 863.
 1 SYSTEMPATH\Database\BaseBuilder.php(1731): CodeIgniter\Database\BaseConnection->query('SELECT COUNT(*) AS `numrows`
FROM `messages`
WHERE ((senderId = ? AND `receiverId` = ?) OR (`senderId` = ? AND receiverId = ?)) :((senderId = ? AND `receiverId` = ?) OR (`senderId` = ? AND `receiverId` = ?)):', [...], false)
 2 APPPATH\Models\MessageModel.php(87): CodeIgniter\Database\BaseBuilder->countAllResults()
 3 APPPATH\Controllers\Chat.php(176): App\Models\MessageModel->getConversationCount('207c49c0f2fc6493', '5349b44df9bf8543')
 4 SYSTEMPATH\CodeIgniter.php(974): App\Controllers\Chat->getMessages('5349b44df9bf8543')
 5 SYSTEMPATH\CodeIgniter.php(520): CodeIgniter\CodeIgniter->runController(Object(App\Controllers\Chat))
 6 SYSTEMPATH\CodeIgniter.php(363): CodeIgniter\CodeIgniter->handleRequest(null, Object(Config\Cache), false)
 7 SYSTEMPATH\Boot.php(417): CodeIgniter\CodeIgniter->run()
 8 SYSTEMPATH\Boot.php(68): CodeIgniter\Boot::runCodeIgniter(Object(CodeIgniter\CodeIgniter))
 9 FCPATH\index.php(59): CodeIgniter\Boot::bootWeb(Object(Config\Paths))
CRITICAL - 2026-08-29 18:06:25 --> [Caused by] CodeIgniter\Database\Exceptions\DatabaseException: You have an error in your SQL syntax; check the manual that corresponds to your MariaDB server version for the right syntax to use near '? AND `receiverId` = ?) OR (`senderId` = ? AND receiverId = ?)) :((senderId =...' at line 3
in SYSTEMPATH\Database\MySQLi\Connection.php on line 310.
 1 SYSTEMPATH\Database\BaseConnection.php(908): CodeIgniter\Database\MySQLi\Connection->execute('SELECT COUNT(*) AS `numrows`
FROM `messages`
WHERE ((senderId = ? AND `receiverId` = ?) OR (`senderId` = ? AND receiverId = ?)) :((senderId = ? AND `receiverId` = ?) OR (`senderId` = ? AND `receiverId` = ?)):')
 2 SYSTEMPATH\Database\BaseConnection.php(825): CodeIgniter\Database\BaseConnection->simpleQuery('SELECT COUNT(*) AS `numrows`
FROM `messages`
WHERE ((senderId = ? AND `receiverId` = ?) OR (`senderId` = ? AND receiverId = ?)) :((senderId = ? AND `receiverId` = ?) OR (`senderId` = ? AND `receiverId` = ?)):')
 3 SYSTEMPATH\Database\BaseBuilder.php(1731): CodeIgniter\Database\BaseConnection->query('SELECT COUNT(*) AS `numrows`
FROM `messages`
WHERE ((senderId = ? AND `receiverId` = ?) OR (`senderId` = ? AND receiverId = ?)) :((senderId = ? AND `receiverId` = ?) OR (`senderId` = ? AND `receiverId` = ?)):', [...], false)
 4 APPPATH\Models\MessageModel.php(87): CodeIgniter\Database\BaseBuilder->countAllResults()
 5 APPPATH\Controllers\Chat.php(176): App\Models\MessageModel->getConversationCount('207c49c0f2fc6493', '5349b44df9bf8543')
 6 SYSTEMPATH\CodeIgniter.php(974): App\Controllers\Chat->getMessages('5349b44df9bf8543')
 7 SYSTEMPATH\CodeIgniter.php(520): CodeIgniter\CodeIgniter->runController(Object(App\Controllers\Chat))
 8 SYSTEMPATH\CodeIgniter.php(363): CodeIgniter\CodeIgniter->handleRequest(null, Object(Config\Cache), false)
 9 SYSTEMPATH\Boot.php(417): CodeIgniter\CodeIgniter->run()
10 SYSTEMPATH\Boot.php(68): CodeIgniter\Boot::runCodeIgniter(Object(CodeIgniter\CodeIgniter))
11 FCPATH\index.php(59): CodeIgniter\Boot::bootWeb(Object(Config\Paths))
CRITICAL - 2026-08-29 18:06:25 --> [Caused by] mysqli_sql_exception: You have an error in your SQL syntax; check the manual that corresponds to your MariaDB server version for the right syntax to use near '? AND `receiverId` = ?) OR (`senderId` = ? AND receiverId = ?)) :((senderId =...' at line 3
in SYSTEMPATH\Database\MySQLi\Connection.php on line 300.
 1 SYSTEMPATH\Database\MySQLi\Connection.php(300): mysqli->query('SELECT COUNT(*) AS `numrows`
FROM `messages`
WHERE ((senderId = ? AND `receiverId` = ?) OR (`senderId` = ? AND receiverId = ?)) :((senderId = ? AND `receiverId` = ?) OR (`senderId` = ? AND `receiverId` = ?)):', 0)
 2 SYSTEMPATH\Database\BaseConnection.php(908): CodeIgniter\Database\MySQLi\Connection->execute('SELECT COUNT(*) AS `numrows`
FROM `messages`
WHERE ((senderId = ? AND `receiverId` = ?) OR (`senderId` = ? AND receiverId = ?)) :((senderId = ? AND `receiverId` = ?) OR (`senderId` = ? AND `receiverId` = ?)):')
 3 SYSTEMPATH\Database\BaseConnection.php(825): CodeIgniter\Database\BaseConnection->simpleQuery('SELECT COUNT(*) AS `numrows`
FROM `messages`
WHERE ((senderId = ? AND `receiverId` = ?) OR (`senderId` = ? AND receiverId = ?)) :((senderId = ? AND `receiverId` = ?) OR (`senderId` = ? AND `receiverId` = ?)):')
 4 SYSTEMPATH\Database\BaseBuilder.php(1731): CodeIgniter\Database\BaseConnection->query('SELECT COUNT(*) AS `numrows`
FROM `messages`
WHERE ((senderId = ? AND `receiverId` = ?) OR (`senderId` = ? AND receiverId = ?)) :((senderId = ? AND `receiverId` = ?) OR (`senderId` = ? AND `receiverId` = ?)):', [...], false)
 5 APPPATH\Models\MessageModel.php(87): CodeIgniter\Database\BaseBuilder->countAllResults()
 6 APPPATH\Controllers\Chat.php(176): App\Models\MessageModel->getConversationCount('207c49c0f2fc6493', '5349b44df9bf8543')
 7 SYSTEMPATH\CodeIgniter.php(974): App\Controllers\Chat->getMessages('5349b44df9bf8543')
 8 SYSTEMPATH\CodeIgniter.php(520): CodeIgniter\CodeIgniter->runController(Object(App\Controllers\Chat))
 9 SYSTEMPATH\CodeIgniter.php(363): CodeIgniter\CodeIgniter->handleRequest(null, Object(Config\Cache), false)
10 SYSTEMPATH\Boot.php(417): CodeIgniter\CodeIgniter->run()
11 SYSTEMPATH\Boot.php(68): CodeIgniter\Boot::runCodeIgniter(Object(CodeIgniter\CodeIgniter))
12 FCPATH\index.php(59): CodeIgniter\Boot::bootWeb(Object(Config\Paths))
ERROR - 2026-08-29 18:07:25 --> You have an error in your SQL syntax; check the manual that corresponds to your MariaDB server version for the right syntax to use near '? AND `receiverId` = ?) OR (`senderId` = ? AND receiverId = ?)) :((senderId =...' at line 3
in SYSTEMPATH\Database\MySQLi\Connection.php on line 300.
 1 SYSTEMPATH\Database\MySQLi\Connection.php(300): mysqli->query('SELECT COUNT(*) AS `numrows`
FROM `messages`
WHERE ((senderId = ? AND `receiverId` = ?) OR (`senderId` = ? AND receiverId = ?)) :((senderId = ? AND `receiverId` = ?) OR (`senderId` = ? AND `receiverId` = ?)):', 0)
 2 SYSTEMPATH\Database\BaseConnection.php(908): CodeIgniter\Database\MySQLi\Connection->execute('SELECT COUNT(*) AS `numrows`
FROM `messages`
WHERE ((senderId = ? AND `receiverId` = ?) OR (`senderId` = ? AND receiverId = ?)) :((senderId = ? AND `receiverId` = ?) OR (`senderId` = ? AND `receiverId` = ?)):')
 3 SYSTEMPATH\Database\BaseConnection.php(825): CodeIgniter\Database\BaseConnection->simpleQuery('SELECT COUNT(*) AS `numrows`
FROM `messages`
WHERE ((senderId = ? AND `receiverId` = ?) OR (`senderId` = ? AND receiverId = ?)) :((senderId = ? AND `receiverId` = ?) OR (`senderId` = ? AND `receiverId` = ?)):')
 4 SYSTEMPATH\Database\BaseBuilder.php(1731): CodeIgniter\Database\BaseConnection->query('SELECT COUNT(*) AS `numrows`
FROM `messages`
WHERE ((senderId = ? AND `receiverId` = ?) OR (`senderId` = ? AND receiverId = ?)) :((senderId = ? AND `receiverId` = ?) OR (`senderId` = ? AND `receiverId` = ?)):', [...], false)
 5 APPPATH\Models\MessageModel.php(87): CodeIgniter\Database\BaseBuilder->countAllResults()
 6 APPPATH\Controllers\Chat.php(176): App\Models\MessageModel->getConversationCount('207c49c0f2fc6493', '5349b44df9bf8543')
 7 SYSTEMPATH\CodeIgniter.php(974): App\Controllers\Chat->getMessages('5349b44df9bf8543')
 8 SYSTEMPATH\CodeIgniter.php(520): CodeIgniter\CodeIgniter->runController(Object(App\Controllers\Chat))
 9 SYSTEMPATH\CodeIgniter.php(363): CodeIgniter\CodeIgniter->handleRequest(null, Object(Config\Cache), false)
10 SYSTEMPATH\Boot.php(417): CodeIgniter\CodeIgniter->run()
11 SYSTEMPATH\Boot.php(68): CodeIgniter\Boot::runCodeIgniter(Object(CodeIgniter\CodeIgniter))
12 FCPATH\index.php(59): CodeIgniter\Boot::bootWeb(Object(Config\Paths))
CRITICAL - 2026-08-29 18:07:25 --> CodeIgniter\Database\Exceptions\DatabaseException: You have an error in your SQL syntax; check the manual that corresponds to your MariaDB server version for the right syntax to use near '? AND `receiverId` = ?) OR (`senderId` = ? AND receiverId = ?)) :((senderId =...' at line 3
[Method: GET, Route: employee/chat/messages/5349b44df9bf8543]
in SYSTEMPATH\Database\BaseConnection.php on line 863.
 1 SYSTEMPATH\Database\BaseBuilder.php(1731): CodeIgniter\Database\BaseConnection->query('SELECT COUNT(*) AS `numrows`
FROM `messages`
WHERE ((senderId = ? AND `receiverId` = ?) OR (`senderId` = ? AND receiverId = ?)) :((senderId = ? AND `receiverId` = ?) OR (`senderId` = ? AND `receiverId` = ?)):', [...], false)
 2 APPPATH\Models\MessageModel.php(87): CodeIgniter\Database\BaseBuilder->countAllResults()
 3 APPPATH\Controllers\Chat.php(176): App\Models\MessageModel->getConversationCount('207c49c0f2fc6493', '5349b44df9bf8543')
 4 SYSTEMPATH\CodeIgniter.php(974): App\Controllers\Chat->getMessages('5349b44df9bf8543')
 5 SYSTEMPATH\CodeIgniter.php(520): CodeIgniter\CodeIgniter->runController(Object(App\Controllers\Chat))
 6 SYSTEMPATH\CodeIgniter.php(363): CodeIgniter\CodeIgniter->handleRequest(null, Object(Config\Cache), false)
 7 SYSTEMPATH\Boot.php(417): CodeIgniter\CodeIgniter->run()
 8 SYSTEMPATH\Boot.php(68): CodeIgniter\Boot::runCodeIgniter(Object(CodeIgniter\CodeIgniter))
 9 FCPATH\index.php(59): CodeIgniter\Boot::bootWeb(Object(Config\Paths))
CRITICAL - 2026-08-29 18:07:25 --> [Caused by] CodeIgniter\Database\Exceptions\DatabaseException: You have an error in your SQL syntax; check the manual that corresponds to your MariaDB server version for the right syntax to use near '? AND `receiverId` = ?) OR (`senderId` = ? AND receiverId = ?)) :((senderId =...' at line 3
in SYSTEMPATH\Database\MySQLi\Connection.php on line 310.
 1 SYSTEMPATH\Database\BaseConnection.php(908): CodeIgniter\Database\MySQLi\Connection->execute('SELECT COUNT(*) AS `numrows`
FROM `messages`
WHERE ((senderId = ? AND `receiverId` = ?) OR (`senderId` = ? AND receiverId = ?)) :((senderId = ? AND `receiverId` = ?) OR (`senderId` = ? AND `receiverId` = ?)):')
 2 SYSTEMPATH\Database\BaseConnection.php(825): CodeIgniter\Database\BaseConnection->simpleQuery('SELECT COUNT(*) AS `numrows`
FROM `messages`
WHERE ((senderId = ? AND `receiverId` = ?) OR (`senderId` = ? AND receiverId = ?)) :((senderId = ? AND `receiverId` = ?) OR (`senderId` = ? AND `receiverId` = ?)):')
 3 SYSTEMPATH\Database\BaseBuilder.php(1731): CodeIgniter\Database\BaseConnection->query('SELECT COUNT(*) AS `numrows`
FROM `messages`
WHERE ((senderId = ? AND `receiverId` = ?) OR (`senderId` = ? AND receiverId = ?)) :((senderId = ? AND `receiverId` = ?) OR (`senderId` = ? AND `receiverId` = ?)):', [...], false)
 4 APPPATH\Models\MessageModel.php(87): CodeIgniter\Database\BaseBuilder->countAllResults()
 5 APPPATH\Controllers\Chat.php(176): App\Models\MessageModel->getConversationCount('207c49c0f2fc6493', '5349b44df9bf8543')
 6 SYSTEMPATH\CodeIgniter.php(974): App\Controllers\Chat->getMessages('5349b44df9bf8543')
 7 SYSTEMPATH\CodeIgniter.php(520): CodeIgniter\CodeIgniter->runController(Object(App\Controllers\Chat))
 8 SYSTEMPATH\CodeIgniter.php(363): CodeIgniter\CodeIgniter->handleRequest(null, Object(Config\Cache), false)
 9 SYSTEMPATH\Boot.php(417): CodeIgniter\CodeIgniter->run()
10 SYSTEMPATH\Boot.php(68): CodeIgniter\Boot::runCodeIgniter(Object(CodeIgniter\CodeIgniter))
11 FCPATH\index.php(59): CodeIgniter\Boot::bootWeb(Object(Config\Paths))
CRITICAL - 2026-08-29 18:07:25 --> [Caused by] mysqli_sql_exception: You have an error in your SQL syntax; check the manual that corresponds to your MariaDB server version for the right syntax to use near '? AND `receiverId` = ?) OR (`senderId` = ? AND receiverId = ?)) :((senderId =...' at line 3
in SYSTEMPATH\Database\MySQLi\Connection.php on line 300.
 1 SYSTEMPATH\Database\MySQLi\Connection.php(300): mysqli->query('SELECT COUNT(*) AS `numrows`
FROM `messages`
WHERE ((senderId = ? AND `receiverId` = ?) OR (`senderId` = ? AND receiverId = ?)) :((senderId = ? AND `receiverId` = ?) OR (`senderId` = ? AND `receiverId` = ?)):', 0)
 2 SYSTEMPATH\Database\BaseConnection.php(908): CodeIgniter\Database\MySQLi\Connection->execute('SELECT COUNT(*) AS `numrows`
FROM `messages`
WHERE ((senderId = ? AND `receiverId` = ?) OR (`senderId` = ? AND receiverId = ?)) :((senderId = ? AND `receiverId` = ?) OR (`senderId` = ? AND `receiverId` = ?)):')
 3 SYSTEMPATH\Database\BaseConnection.php(825): CodeIgniter\Database\BaseConnection->simpleQuery('SELECT COUNT(*) AS `numrows`
FROM `messages`
WHERE ((senderId = ? AND `receiverId` = ?) OR (`senderId` = ? AND receiverId = ?)) :((senderId = ? AND `receiverId` = ?) OR (`senderId` = ? AND `receiverId` = ?)):')
 4 SYSTEMPATH\Database\BaseBuilder.php(1731): CodeIgniter\Database\BaseConnection->query('SELECT COUNT(*) AS `numrows`
FROM `messages`
WHERE ((senderId = ? AND `receiverId` = ?) OR (`senderId` = ? AND receiverId = ?)) :((senderId = ? AND `receiverId` = ?) OR (`senderId` = ? AND `receiverId` = ?)):', [...], false)
 5 APPPATH\Models\MessageModel.php(87): CodeIgniter\Database\BaseBuilder->countAllResults()
 6 APPPATH\Controllers\Chat.php(176): App\Models\MessageModel->getConversationCount('207c49c0f2fc6493', '5349b44df9bf8543')
 7 SYSTEMPATH\CodeIgniter.php(974): App\Controllers\Chat->getMessages('5349b44df9bf8543')
 8 SYSTEMPATH\CodeIgniter.php(520): CodeIgniter\CodeIgniter->runController(Object(App\Controllers\Chat))
 9 SYSTEMPATH\CodeIgniter.php(363): CodeIgniter\CodeIgniter->handleRequest(null, Object(Config\Cache), false)
10 SYSTEMPATH\Boot.php(417): CodeIgniter\CodeIgniter->run()
11 SYSTEMPATH\Boot.php(68): CodeIgniter\Boot::runCodeIgniter(Object(CodeIgniter\CodeIgniter))
12 FCPATH\index.php(59): CodeIgniter\Boot::bootWeb(Object(Config\Paths))
ERROR - 2026-08-29 18:08:25 --> You have an error in your SQL syntax; check the manual that corresponds to your MariaDB server version for the right syntax to use near '? AND `receiverId` = ?) OR (`senderId` = ? AND receiverId = ?)) :((senderId =...' at line 3
in SYSTEMPATH\Database\MySQLi\Connection.php on line 300.
 1 SYSTEMPATH\Database\MySQLi\Connection.php(300): mysqli->query('SELECT COUNT(*) AS `numrows`
FROM `messages`
WHERE ((senderId = ? AND `receiverId` = ?) OR (`senderId` = ? AND receiverId = ?)) :((senderId = ? AND `receiverId` = ?) OR (`senderId` = ? AND `receiverId` = ?)):', 0)
 2 SYSTEMPATH\Database\BaseConnection.php(908): CodeIgniter\Database\MySQLi\Connection->execute('SELECT COUNT(*) AS `numrows`
FROM `messages`
WHERE ((senderId = ? AND `receiverId` = ?) OR (`senderId` = ? AND receiverId = ?)) :((senderId = ? AND `receiverId` = ?) OR (`senderId` = ? AND `receiverId` = ?)):')
 3 SYSTEMPATH\Database\BaseConnection.php(825): CodeIgniter\Database\BaseConnection->simpleQuery('SELECT COUNT(*) AS `numrows`
FROM `messages`
WHERE ((senderId = ? AND `receiverId` = ?) OR (`senderId` = ? AND receiverId = ?)) :((senderId = ? AND `receiverId` = ?) OR (`senderId` = ? AND `receiverId` = ?)):')
 4 SYSTEMPATH\Database\BaseBuilder.php(1731): CodeIgniter\Database\BaseConnection->query('SELECT COUNT(*) AS `numrows`
FROM `messages`
WHERE ((senderId = ? AND `receiverId` = ?) OR (`senderId` = ? AND receiverId = ?)) :((senderId = ? AND `receiverId` = ?) OR (`senderId` = ? AND `receiverId` = ?)):', [...], false)
 5 APPPATH\Models\MessageModel.php(87): CodeIgniter\Database\BaseBuilder->countAllResults()
 6 APPPATH\Controllers\Chat.php(176): App\Models\MessageModel->getConversationCount('207c49c0f2fc6493', '5349b44df9bf8543')
 7 SYSTEMPATH\CodeIgniter.php(974): App\Controllers\Chat->getMessages('5349b44df9bf8543')
 8 SYSTEMPATH\CodeIgniter.php(520): CodeIgniter\CodeIgniter->runController(Object(App\Controllers\Chat))
 9 SYSTEMPATH\CodeIgniter.php(363): CodeIgniter\CodeIgniter->handleRequest(null, Object(Config\Cache), false)
10 SYSTEMPATH\Boot.php(417): CodeIgniter\CodeIgniter->run()
11 SYSTEMPATH\Boot.php(68): CodeIgniter\Boot::runCodeIgniter(Object(CodeIgniter\CodeIgniter))
12 FCPATH\index.php(59): CodeIgniter\Boot::bootWeb(Object(Config\Paths))
CRITICAL - 2026-08-29 18:08:25 --> CodeIgniter\Database\Exceptions\DatabaseException: You have an error in your SQL syntax; check the manual that corresponds to your MariaDB server version for the right syntax to use near '? AND `receiverId` = ?) OR (`senderId` = ? AND receiverId = ?)) :((senderId =...' at line 3
[Method: GET, Route: employee/chat/messages/5349b44df9bf8543]
in SYSTEMPATH\Database\BaseConnection.php on line 863.
 1 SYSTEMPATH\Database\BaseBuilder.php(1731): CodeIgniter\Database\BaseConnection->query('SELECT COUNT(*) AS `numrows`
FROM `messages`
WHERE ((senderId = ? AND `receiverId` = ?) OR (`senderId` = ? AND receiverId = ?)) :((senderId = ? AND `receiverId` = ?) OR (`senderId` = ? AND `receiverId` = ?)):', [...], false)
 2 APPPATH\Models\MessageModel.php(87): CodeIgniter\Database\BaseBuilder->countAllResults()
 3 APPPATH\Controllers\Chat.php(176): App\Models\MessageModel->getConversationCount('207c49c0f2fc6493', '5349b44df9bf8543')
 4 SYSTEMPATH\CodeIgniter.php(974): App\Controllers\Chat->getMessages('5349b44df9bf8543')
 5 SYSTEMPATH\CodeIgniter.php(520): CodeIgniter\CodeIgniter->runController(Object(App\Controllers\Chat))
 6 SYSTEMPATH\CodeIgniter.php(363): CodeIgniter\CodeIgniter->handleRequest(null, Object(Config\Cache), false)
 7 SYSTEMPATH\Boot.php(417): CodeIgniter\CodeIgniter->run()
 8 SYSTEMPATH\Boot.php(68): CodeIgniter\Boot::runCodeIgniter(Object(CodeIgniter\CodeIgniter))
 9 FCPATH\index.php(59): CodeIgniter\Boot::bootWeb(Object(Config\Paths))
CRITICAL - 2026-08-29 18:08:25 --> [Caused by] CodeIgniter\Database\Exceptions\DatabaseException: You have an error in your SQL syntax; check the manual that corresponds to your MariaDB server version for the right syntax to use near '? AND `receiverId` = ?) OR (`senderId` = ? AND receiverId = ?)) :((senderId =...' at line 3
in SYSTEMPATH\Database\MySQLi\Connection.php on line 310.
 1 SYSTEMPATH\Database\BaseConnection.php(908): CodeIgniter\Database\MySQLi\Connection->execute('SELECT COUNT(*) AS `numrows`
FROM `messages`
WHERE ((senderId = ? AND `receiverId` = ?) OR (`senderId` = ? AND receiverId = ?)) :((senderId = ? AND `receiverId` = ?) OR (`senderId` = ? AND `receiverId` = ?)):')
 2 SYSTEMPATH\Database\BaseConnection.php(825): CodeIgniter\Database\BaseConnection->simpleQuery('SELECT COUNT(*) AS `numrows`
FROM `messages`
WHERE ((senderId = ? AND `receiverId` = ?) OR (`senderId` = ? AND receiverId = ?)) :((senderId = ? AND `receiverId` = ?) OR (`senderId` = ? AND `receiverId` = ?)):')
 3 SYSTEMPATH\Database\BaseBuilder.php(1731): CodeIgniter\Database\BaseConnection->query('SELECT COUNT(*) AS `numrows`
FROM `messages`
WHERE ((senderId = ? AND `receiverId` = ?) OR (`senderId` = ? AND receiverId = ?)) :((senderId = ? AND `receiverId` = ?) OR (`senderId` = ? AND `receiverId` = ?)):', [...], false)
 4 APPPATH\Models\MessageModel.php(87): CodeIgniter\Database\BaseBuilder->countAllResults()
 5 APPPATH\Controllers\Chat.php(176): App\Models\MessageModel->getConversationCount('207c49c0f2fc6493', '5349b44df9bf8543')
 6 SYSTEMPATH\CodeIgniter.php(974): App\Controllers\Chat->getMessages('5349b44df9bf8543')
 7 SYSTEMPATH\CodeIgniter.php(520): CodeIgniter\CodeIgniter->runController(Object(App\Controllers\Chat))
 8 SYSTEMPATH\CodeIgniter.php(363): CodeIgniter\CodeIgniter->handleRequest(null, Object(Config\Cache), false)
 9 SYSTEMPATH\Boot.php(417): CodeIgniter\CodeIgniter->run()
10 SYSTEMPATH\Boot.php(68): CodeIgniter\Boot::runCodeIgniter(Object(CodeIgniter\CodeIgniter))
11 FCPATH\index.php(59): CodeIgniter\Boot::bootWeb(Object(Config\Paths))
CRITICAL - 2026-08-29 18:08:25 --> [Caused by] mysqli_sql_exception: You have an error in your SQL syntax; check the manual that corresponds to your MariaDB server version for the right syntax to use near '? AND `receiverId` = ?) OR (`senderId` = ? AND receiverId = ?)) :((senderId =...' at line 3
in SYSTEMPATH\Database\MySQLi\Connection.php on line 300.
 1 SYSTEMPATH\Database\MySQLi\Connection.php(300): mysqli->query('SELECT COUNT(*) AS `numrows`
FROM `messages`
WHERE ((senderId = ? AND `receiverId` = ?) OR (`senderId` = ? AND receiverId = ?)) :((senderId = ? AND `receiverId` = ?) OR (`senderId` = ? AND `receiverId` = ?)):', 0)
 2 SYSTEMPATH\Database\BaseConnection.php(908): CodeIgniter\Database\MySQLi\Connection->execute('SELECT COUNT(*) AS `numrows`
FROM `messages`
WHERE ((senderId = ? AND `receiverId` = ?) OR (`senderId` = ? AND receiverId = ?)) :((senderId = ? AND `receiverId` = ?) OR (`senderId` = ? AND `receiverId` = ?)):')
 3 SYSTEMPATH\Database\BaseConnection.php(825): CodeIgniter\Database\BaseConnection->simpleQuery('SELECT COUNT(*) AS `numrows`
FROM `messages`
WHERE ((senderId = ? AND `receiverId` = ?) OR (`senderId` = ? AND receiverId = ?)) :((senderId = ? AND `receiverId` = ?) OR (`senderId` = ? AND `receiverId` = ?)):')
 4 SYSTEMPATH\Database\BaseBuilder.php(1731): CodeIgniter\Database\BaseConnection->query('SELECT COUNT(*) AS `numrows`
FROM `messages`
WHERE ((senderId = ? AND `receiverId` = ?) OR (`senderId` = ? AND receiverId = ?)) :((senderId = ? AND `receiverId` = ?) OR (`senderId` = ? AND `receiverId` = ?)):', [...], false)
 5 APPPATH\Models\MessageModel.php(87): CodeIgniter\Database\BaseBuilder->countAllResults()
 6 APPPATH\Controllers\Chat.php(176): App\Models\MessageModel->getConversationCount('207c49c0f2fc6493', '5349b44df9bf8543')
 7 SYSTEMPATH\CodeIgniter.php(974): App\Controllers\Chat->getMessages('5349b44df9bf8543')
 8 SYSTEMPATH\CodeIgniter.php(520): CodeIgniter\CodeIgniter->runController(Object(App\Controllers\Chat))
 9 SYSTEMPATH\CodeIgniter.php(363): CodeIgniter\CodeIgniter->handleRequest(null, Object(Config\Cache), false)
10 SYSTEMPATH\Boot.php(417): CodeIgniter\CodeIgniter->run()
11 SYSTEMPATH\Boot.php(68): CodeIgniter\Boot::runCodeIgniter(Object(CodeIgniter\CodeIgniter))
12 FCPATH\index.php(59): CodeIgniter\Boot::bootWeb(Object(Config\Paths))
ERROR - 2026-08-29 18:09:25 --> You have an error in your SQL syntax; check the manual that corresponds to your MariaDB server version for the right syntax to use near '? AND `receiverId` = ?) OR (`senderId` = ? AND receiverId = ?)) :((senderId =...' at line 3
in SYSTEMPATH\Database\MySQLi\Connection.php on line 300.
 1 SYSTEMPATH\Database\MySQLi\Connection.php(300): mysqli->query('SELECT COUNT(*) AS `numrows`
FROM `messages`
WHERE ((senderId = ? AND `receiverId` = ?) OR (`senderId` = ? AND receiverId = ?)) :((senderId = ? AND `receiverId` = ?) OR (`senderId` = ? AND `receiverId` = ?)):', 0)
 2 SYSTEMPATH\Database\BaseConnection.php(908): CodeIgniter\Database\MySQLi\Connection->execute('SELECT COUNT(*) AS `numrows`
FROM `messages`
WHERE ((senderId = ? AND `receiverId` = ?) OR (`senderId` = ? AND receiverId = ?)) :((senderId = ? AND `receiverId` = ?) OR (`senderId` = ? AND `receiverId` = ?)):')
 3 SYSTEMPATH\Database\BaseConnection.php(825): CodeIgniter\Database\BaseConnection->simpleQuery('SELECT COUNT(*) AS `numrows`
FROM `messages`
WHERE ((senderId = ? AND `receiverId` = ?) OR (`senderId` = ? AND receiverId = ?)) :((senderId = ? AND `receiverId` = ?) OR (`senderId` = ? AND `receiverId` = ?)):')
 4 SYSTEMPATH\Database\BaseBuilder.php(1731): CodeIgniter\Database\BaseConnection->query('SELECT COUNT(*) AS `numrows`
FROM `messages`
WHERE ((senderId = ? AND `receiverId` = ?) OR (`senderId` = ? AND receiverId = ?)) :((senderId = ? AND `receiverId` = ?) OR (`senderId` = ? AND `receiverId` = ?)):', [...], false)
 5 APPPATH\Models\MessageModel.php(87): CodeIgniter\Database\BaseBuilder->countAllResults()
 6 APPPATH\Controllers\Chat.php(176): App\Models\MessageModel->getConversationCount('207c49c0f2fc6493', '5349b44df9bf8543')
 7 SYSTEMPATH\CodeIgniter.php(974): App\Controllers\Chat->getMessages('5349b44df9bf8543')
 8 SYSTEMPATH\CodeIgniter.php(520): CodeIgniter\CodeIgniter->runController(Object(App\Controllers\Chat))
 9 SYSTEMPATH\CodeIgniter.php(363): CodeIgniter\CodeIgniter->handleRequest(null, Object(Config\Cache), false)
10 SYSTEMPATH\Boot.php(417): CodeIgniter\CodeIgniter->run()
11 SYSTEMPATH\Boot.php(68): CodeIgniter\Boot::runCodeIgniter(Object(CodeIgniter\CodeIgniter))
12 FCPATH\index.php(59): CodeIgniter\Boot::bootWeb(Object(Config\Paths))
CRITICAL - 2026-08-29 18:09:25 --> CodeIgniter\Database\Exceptions\DatabaseException: You have an error in your SQL syntax; check the manual that corresponds to your MariaDB server version for the right syntax to use near '? AND `receiverId` = ?) OR (`senderId` = ? AND receiverId = ?)) :((senderId =...' at line 3
[Method: GET, Route: employee/chat/messages/5349b44df9bf8543]
in SYSTEMPATH\Database\BaseConnection.php on line 863.
 1 SYSTEMPATH\Database\BaseBuilder.php(1731): CodeIgniter\Database\BaseConnection->query('SELECT COUNT(*) AS `numrows`
FROM `messages`
WHERE ((senderId = ? AND `receiverId` = ?) OR (`senderId` = ? AND receiverId = ?)) :((senderId = ? AND `receiverId` = ?) OR (`senderId` = ? AND `receiverId` = ?)):', [...], false)
 2 APPPATH\Models\MessageModel.php(87): CodeIgniter\Database\BaseBuilder->countAllResults()
 3 APPPATH\Controllers\Chat.php(176): App\Models\MessageModel->getConversationCount('207c49c0f2fc6493', '5349b44df9bf8543')
 4 SYSTEMPATH\CodeIgniter.php(974): App\Controllers\Chat->getMessages('5349b44df9bf8543')
 5 SYSTEMPATH\CodeIgniter.php(520): CodeIgniter\CodeIgniter->runController(Object(App\Controllers\Chat))
 6 SYSTEMPATH\CodeIgniter.php(363): CodeIgniter\CodeIgniter->handleRequest(null, Object(Config\Cache), false)
 7 SYSTEMPATH\Boot.php(417): CodeIgniter\CodeIgniter->run()
 8 SYSTEMPATH\Boot.php(68): CodeIgniter\Boot::runCodeIgniter(Object(CodeIgniter\CodeIgniter))
 9 FCPATH\index.php(59): CodeIgniter\Boot::bootWeb(Object(Config\Paths))
CRITICAL - 2026-08-29 18:09:25 --> [Caused by] CodeIgniter\Database\Exceptions\DatabaseException: You have an error in your SQL syntax; check the manual that corresponds to your MariaDB server version for the right syntax to use near '? AND `receiverId` = ?) OR (`senderId` = ? AND receiverId = ?)) :((senderId =...' at line 3
in SYSTEMPATH\Database\MySQLi\Connection.php on line 310.
 1 SYSTEMPATH\Database\BaseConnection.php(908): CodeIgniter\Database\MySQLi\Connection->execute('SELECT COUNT(*) AS `numrows`
FROM `messages`
WHERE ((senderId = ? AND `receiverId` = ?) OR (`senderId` = ? AND receiverId = ?)) :((senderId = ? AND `receiverId` = ?) OR (`senderId` = ? AND `receiverId` = ?)):')
 2 SYSTEMPATH\Database\BaseConnection.php(825): CodeIgniter\Database\BaseConnection->simpleQuery('SELECT COUNT(*) AS `numrows`
FROM `messages`
WHERE ((senderId = ? AND `receiverId` = ?) OR (`senderId` = ? AND receiverId = ?)) :((senderId = ? AND `receiverId` = ?) OR (`senderId` = ? AND `receiverId` = ?)):')
 3 SYSTEMPATH\Database\BaseBuilder.php(1731): CodeIgniter\Database\BaseConnection->query('SELECT COUNT(*) AS `numrows`
FROM `messages`
WHERE ((senderId = ? AND `receiverId` = ?) OR (`senderId` = ? AND receiverId = ?)) :((senderId = ? AND `receiverId` = ?) OR (`senderId` = ? AND `receiverId` = ?)):', [...], false)
 4 APPPATH\Models\MessageModel.php(87): CodeIgniter\Database\BaseBuilder->countAllResults()
 5 APPPATH\Controllers\Chat.php(176): App\Models\MessageModel->getConversationCount('207c49c0f2fc6493', '5349b44df9bf8543')
 6 SYSTEMPATH\CodeIgniter.php(974): App\Controllers\Chat->getMessages('5349b44df9bf8543')
 7 SYSTEMPATH\CodeIgniter.php(520): CodeIgniter\CodeIgniter->runController(Object(App\Controllers\Chat))
 8 SYSTEMPATH\CodeIgniter.php(363): CodeIgniter\CodeIgniter->handleRequest(null, Object(Config\Cache), false)
 9 SYSTEMPATH\Boot.php(417): CodeIgniter\CodeIgniter->run()
10 SYSTEMPATH\Boot.php(68): CodeIgniter\Boot::runCodeIgniter(Object(CodeIgniter\CodeIgniter))
11 FCPATH\index.php(59): CodeIgniter\Boot::bootWeb(Object(Config\Paths))
CRITICAL - 2026-08-29 18:09:25 --> [Caused by] mysqli_sql_exception: You have an error in your SQL syntax; check the manual that corresponds to your MariaDB server version for the right syntax to use near '? AND `receiverId` = ?) OR (`senderId` = ? AND receiverId = ?)) :((senderId =...' at line 3
in SYSTEMPATH\Database\MySQLi\Connection.php on line 300.
 1 SYSTEMPATH\Database\MySQLi\Connection.php(300): mysqli->query('SELECT COUNT(*) AS `numrows`
FROM `messages`
WHERE ((senderId = ? AND `receiverId` = ?) OR (`senderId` = ? AND receiverId = ?)) :((senderId = ? AND `receiverId` = ?) OR (`senderId` = ? AND `receiverId` = ?)):', 0)
 2 SYSTEMPATH\Database\BaseConnection.php(908): CodeIgniter\Database\MySQLi\Connection->execute('SELECT COUNT(*) AS `numrows`
FROM `messages`
WHERE ((senderId = ? AND `receiverId` = ?) OR (`senderId` = ? AND receiverId = ?)) :((senderId = ? AND `receiverId` = ?) OR (`senderId` = ? AND `receiverId` = ?)):')
 3 SYSTEMPATH\Database\BaseConnection.php(825): CodeIgniter\Database\BaseConnection->simpleQuery('SELECT COUNT(*) AS `numrows`
FROM `messages`
WHERE ((senderId = ? AND `receiverId` = ?) OR (`senderId` = ? AND receiverId = ?)) :((senderId = ? AND `receiverId` = ?) OR (`senderId` = ? AND `receiverId` = ?)):')
 4 SYSTEMPATH\Database\BaseBuilder.php(1731): CodeIgniter\Database\BaseConnection->query('SELECT COUNT(*) AS `numrows`
FROM `messages`
WHERE ((senderId = ? AND `receiverId` = ?) OR (`senderId` = ? AND receiverId = ?)) :((senderId = ? AND `receiverId` = ?) OR (`senderId` = ? AND `receiverId` = ?)):', [...], false)
 5 APPPATH\Models\MessageModel.php(87): CodeIgniter\Database\BaseBuilder->countAllResults()
 6 APPPATH\Controllers\Chat.php(176): App\Models\MessageModel->getConversationCount('207c49c0f2fc6493', '5349b44df9bf8543')
 7 SYSTEMPATH\CodeIgniter.php(974): App\Controllers\Chat->getMessages('5349b44df9bf8543')
 8 SYSTEMPATH\CodeIgniter.php(520): CodeIgniter\CodeIgniter->runController(Object(App\Controllers\Chat))
 9 SYSTEMPATH\CodeIgniter.php(363): CodeIgniter\CodeIgniter->handleRequest(null, Object(Config\Cache), false)
10 SYSTEMPATH\Boot.php(417): CodeIgniter\CodeIgniter->run()
11 SYSTEMPATH\Boot.php(68): CodeIgniter\Boot::runCodeIgniter(Object(CodeIgniter\CodeIgniter))
12 FCPATH\index.php(59): CodeIgniter\Boot::bootWeb(Object(Config\Paths))
ERROR - 2026-08-29 18:10:25 --> You have an error in your SQL syntax; check the manual that corresponds to your MariaDB server version for the right syntax to use near '? AND `receiverId` = ?) OR (`senderId` = ? AND receiverId = ?)) :((senderId =...' at line 3
in SYSTEMPATH\Database\MySQLi\Connection.php on line 300.
 1 SYSTEMPATH\Database\MySQLi\Connection.php(300): mysqli->query('SELECT COUNT(*) AS `numrows`
FROM `messages`
WHERE ((senderId = ? AND `receiverId` = ?) OR (`senderId` = ? AND receiverId = ?)) :((senderId = ? AND `receiverId` = ?) OR (`senderId` = ? AND `receiverId` = ?)):', 0)
 2 SYSTEMPATH\Database\BaseConnection.php(908): CodeIgniter\Database\MySQLi\Connection->execute('SELECT COUNT(*) AS `numrows`
FROM `messages`
WHERE ((senderId = ? AND `receiverId` = ?) OR (`senderId` = ? AND receiverId = ?)) :((senderId = ? AND `receiverId` = ?) OR (`senderId` = ? AND `receiverId` = ?)):')
 3 SYSTEMPATH\Database\BaseConnection.php(825): CodeIgniter\Database\BaseConnection->simpleQuery('SELECT COUNT(*) AS `numrows`
FROM `messages`
WHERE ((senderId = ? AND `receiverId` = ?) OR (`senderId` = ? AND receiverId = ?)) :((senderId = ? AND `receiverId` = ?) OR (`senderId` = ? AND `receiverId` = ?)):')
 4 SYSTEMPATH\Database\BaseBuilder.php(1731): CodeIgniter\Database\BaseConnection->query('SELECT COUNT(*) AS `numrows`
FROM `messages`
WHERE ((senderId = ? AND `receiverId` = ?) OR (`senderId` = ? AND receiverId = ?)) :((senderId = ? AND `receiverId` = ?) OR (`senderId` = ? AND `receiverId` = ?)):', [...], false)
 5 APPPATH\Models\MessageModel.php(87): CodeIgniter\Database\BaseBuilder->countAllResults()
 6 APPPATH\Controllers\Chat.php(176): App\Models\MessageModel->getConversationCount('207c49c0f2fc6493', '5349b44df9bf8543')
 7 SYSTEMPATH\CodeIgniter.php(974): App\Controllers\Chat->getMessages('5349b44df9bf8543')
 8 SYSTEMPATH\CodeIgniter.php(520): CodeIgniter\CodeIgniter->runController(Object(App\Controllers\Chat))
 9 SYSTEMPATH\CodeIgniter.php(363): CodeIgniter\CodeIgniter->handleRequest(null, Object(Config\Cache), false)
10 SYSTEMPATH\Boot.php(417): CodeIgniter\CodeIgniter->run()
11 SYSTEMPATH\Boot.php(68): CodeIgniter\Boot::runCodeIgniter(Object(CodeIgniter\CodeIgniter))
12 FCPATH\index.php(59): CodeIgniter\Boot::bootWeb(Object(Config\Paths))
CRITICAL - 2026-08-29 18:10:25 --> CodeIgniter\Database\Exceptions\DatabaseException: You have an error in your SQL syntax; check the manual that corresponds to your MariaDB server version for the right syntax to use near '? AND `receiverId` = ?) OR (`senderId` = ? AND receiverId = ?)) :((senderId =...' at line 3
[Method: GET, Route: employee/chat/messages/5349b44df9bf8543]
in SYSTEMPATH\Database\BaseConnection.php on line 863.
 1 SYSTEMPATH\Database\BaseBuilder.php(1731): CodeIgniter\Database\BaseConnection->query('SELECT COUNT(*) AS `numrows`
FROM `messages`
WHERE ((senderId = ? AND `receiverId` = ?) OR (`senderId` = ? AND receiverId = ?)) :((senderId = ? AND `receiverId` = ?) OR (`senderId` = ? AND `receiverId` = ?)):', [...], false)
 2 APPPATH\Models\MessageModel.php(87): CodeIgniter\Database\BaseBuilder->countAllResults()
 3 APPPATH\Controllers\Chat.php(176): App\Models\MessageModel->getConversationCount('207c49c0f2fc6493', '5349b44df9bf8543')
 4 SYSTEMPATH\CodeIgniter.php(974): App\Controllers\Chat->getMessages('5349b44df9bf8543')
 5 SYSTEMPATH\CodeIgniter.php(520): CodeIgniter\CodeIgniter->runController(Object(App\Controllers\Chat))
 6 SYSTEMPATH\CodeIgniter.php(363): CodeIgniter\CodeIgniter->handleRequest(null, Object(Config\Cache), false)
 7 SYSTEMPATH\Boot.php(417): CodeIgniter\CodeIgniter->run()
 8 SYSTEMPATH\Boot.php(68): CodeIgniter\Boot::runCodeIgniter(Object(CodeIgniter\CodeIgniter))
 9 FCPATH\index.php(59): CodeIgniter\Boot::bootWeb(Object(Config\Paths))
CRITICAL - 2026-08-29 18:10:25 --> [Caused by] CodeIgniter\Database\Exceptions\DatabaseException: You have an error in your SQL syntax; check the manual that corresponds to your MariaDB server version for the right syntax to use near '? AND `receiverId` = ?) OR (`senderId` = ? AND receiverId = ?)) :((senderId =...' at line 3
in SYSTEMPATH\Database\MySQLi\Connection.php on line 310.
 1 SYSTEMPATH\Database\BaseConnection.php(908): CodeIgniter\Database\MySQLi\Connection->execute('SELECT COUNT(*) AS `numrows`
FROM `messages`
WHERE ((senderId = ? AND `receiverId` = ?) OR (`senderId` = ? AND receiverId = ?)) :((senderId = ? AND `receiverId` = ?) OR (`senderId` = ? AND `receiverId` = ?)):')
 2 SYSTEMPATH\Database\BaseConnection.php(825): CodeIgniter\Database\BaseConnection->simpleQuery('SELECT COUNT(*) AS `numrows`
FROM `messages`
WHERE ((senderId = ? AND `receiverId` = ?) OR (`senderId` = ? AND receiverId = ?)) :((senderId = ? AND `receiverId` = ?) OR (`senderId` = ? AND `receiverId` = ?)):')
 3 SYSTEMPATH\Database\BaseBuilder.php(1731): CodeIgniter\Database\BaseConnection->query('SELECT COUNT(*) AS `numrows`
FROM `messages`
WHERE ((senderId = ? AND `receiverId` = ?) OR (`senderId` = ? AND receiverId = ?)) :((senderId = ? AND `receiverId` = ?) OR (`senderId` = ? AND `receiverId` = ?)):', [...], false)
 4 APPPATH\Models\MessageModel.php(87): CodeIgniter\Database\BaseBuilder->countAllResults()
 5 APPPATH\Controllers\Chat.php(176): App\Models\MessageModel->getConversationCount('207c49c0f2fc6493', '5349b44df9bf8543')
 6 SYSTEMPATH\CodeIgniter.php(974): App\Controllers\Chat->getMessages('5349b44df9bf8543')
 7 SYSTEMPATH\CodeIgniter.php(520): CodeIgniter\CodeIgniter->runController(Object(App\Controllers\Chat))
 8 SYSTEMPATH\CodeIgniter.php(363): CodeIgniter\CodeIgniter->handleRequest(null, Object(Config\Cache), false)
 9 SYSTEMPATH\Boot.php(417): CodeIgniter\CodeIgniter->run()
10 SYSTEMPATH\Boot.php(68): CodeIgniter\Boot::runCodeIgniter(Object(CodeIgniter\CodeIgniter))
11 FCPATH\index.php(59): CodeIgniter\Boot::bootWeb(Object(Config\Paths))
CRITICAL - 2026-08-29 18:10:25 --> [Caused by] mysqli_sql_exception: You have an error in your SQL syntax; check the manual that corresponds to your MariaDB server version for the right syntax to use near '? AND `receiverId` = ?) OR (`senderId` = ? AND receiverId = ?)) :((senderId =...' at line 3
in SYSTEMPATH\Database\MySQLi\Connection.php on line 300.
 1 SYSTEMPATH\Database\MySQLi\Connection.php(300): mysqli->query('SELECT COUNT(*) AS `numrows`
FROM `messages`
WHERE ((senderId = ? AND `receiverId` = ?) OR (`senderId` = ? AND receiverId = ?)) :((senderId = ? AND `receiverId` = ?) OR (`senderId` = ? AND `receiverId` = ?)):', 0)
 2 SYSTEMPATH\Database\BaseConnection.php(908): CodeIgniter\Database\MySQLi\Connection->execute('SELECT COUNT(*) AS `numrows`
FROM `messages`
WHERE ((senderId = ? AND `receiverId` = ?) OR (`senderId` = ? AND receiverId = ?)) :((senderId = ? AND `receiverId` = ?) OR (`senderId` = ? AND `receiverId` = ?)):')
 3 SYSTEMPATH\Database\BaseConnection.php(825): CodeIgniter\Database\BaseConnection->simpleQuery('SELECT COUNT(*) AS `numrows`
FROM `messages`
WHERE ((senderId = ? AND `receiverId` = ?) OR (`senderId` = ? AND receiverId = ?)) :((senderId = ? AND `receiverId` = ?) OR (`senderId` = ? AND `receiverId` = ?)):')
 4 SYSTEMPATH\Database\BaseBuilder.php(1731): CodeIgniter\Database\BaseConnection->query('SELECT COUNT(*) AS `numrows`
FROM `messages`
WHERE ((senderId = ? AND `receiverId` = ?) OR (`senderId` = ? AND receiverId = ?)) :((senderId = ? AND `receiverId` = ?) OR (`senderId` = ? AND `receiverId` = ?)):', [...], false)
 5 APPPATH\Models\MessageModel.php(87): CodeIgniter\Database\BaseBuilder->countAllResults()
 6 APPPATH\Controllers\Chat.php(176): App\Models\MessageModel->getConversationCount('207c49c0f2fc6493', '5349b44df9bf8543')
 7 SYSTEMPATH\CodeIgniter.php(974): App\Controllers\Chat->getMessages('5349b44df9bf8543')
 8 SYSTEMPATH\CodeIgniter.php(520): CodeIgniter\CodeIgniter->runController(Object(App\Controllers\Chat))
 9 SYSTEMPATH\CodeIgniter.php(363): CodeIgniter\CodeIgniter->handleRequest(null, Object(Config\Cache), false)
10 SYSTEMPATH\Boot.php(417): CodeIgniter\CodeIgniter->run()
11 SYSTEMPATH\Boot.php(68): CodeIgniter\Boot::runCodeIgniter(Object(CodeIgniter\CodeIgniter))
12 FCPATH\index.php(59): CodeIgniter\Boot::bootWeb(Object(Config\Paths))
ERROR - 2026-08-29 18:11:19 --> You have an error in your SQL syntax; check the manual that corresponds to your MariaDB server version for the right syntax to use near '? AND `receiverId` = ?) OR (`senderId` = ? AND receiverId = ?)) :((senderId =...' at line 3
in SYSTEMPATH\Database\MySQLi\Connection.php on line 300.
 1 SYSTEMPATH\Database\MySQLi\Connection.php(300): mysqli->query('SELECT COUNT(*) AS `numrows`
FROM `messages`
WHERE ((senderId = ? AND `receiverId` = ?) OR (`senderId` = ? AND receiverId = ?)) :((senderId = ? AND `receiverId` = ?) OR (`senderId` = ? AND `receiverId` = ?)):', 0)
 2 SYSTEMPATH\Database\BaseConnection.php(908): CodeIgniter\Database\MySQLi\Connection->execute('SELECT COUNT(*) AS `numrows`
FROM `messages`
WHERE ((senderId = ? AND `receiverId` = ?) OR (`senderId` = ? AND receiverId = ?)) :((senderId = ? AND `receiverId` = ?) OR (`senderId` = ? AND `receiverId` = ?)):')
 3 SYSTEMPATH\Database\BaseConnection.php(825): CodeIgniter\Database\BaseConnection->simpleQuery('SELECT COUNT(*) AS `numrows`
FROM `messages`
WHERE ((senderId = ? AND `receiverId` = ?) OR (`senderId` = ? AND receiverId = ?)) :((senderId = ? AND `receiverId` = ?) OR (`senderId` = ? AND `receiverId` = ?)):')
 4 SYSTEMPATH\Database\BaseBuilder.php(1731): CodeIgniter\Database\BaseConnection->query('SELECT COUNT(*) AS `numrows`
FROM `messages`
WHERE ((senderId = ? AND `receiverId` = ?) OR (`senderId` = ? AND receiverId = ?)) :((senderId = ? AND `receiverId` = ?) OR (`senderId` = ? AND `receiverId` = ?)):', [...], false)
 5 APPPATH\Models\MessageModel.php(87): CodeIgniter\Database\BaseBuilder->countAllResults()
 6 APPPATH\Controllers\Chat.php(176): App\Models\MessageModel->getConversationCount('207c49c0f2fc6493', '5349b44df9bf8543')
 7 SYSTEMPATH\CodeIgniter.php(974): App\Controllers\Chat->getMessages('5349b44df9bf8543')
 8 SYSTEMPATH\CodeIgniter.php(520): CodeIgniter\CodeIgniter->runController(Object(App\Controllers\Chat))
 9 SYSTEMPATH\CodeIgniter.php(363): CodeIgniter\CodeIgniter->handleRequest(null, Object(Config\Cache), false)
10 SYSTEMPATH\Boot.php(417): CodeIgniter\CodeIgniter->run()
11 SYSTEMPATH\Boot.php(68): CodeIgniter\Boot::runCodeIgniter(Object(CodeIgniter\CodeIgniter))
12 FCPATH\index.php(59): CodeIgniter\Boot::bootWeb(Object(Config\Paths))
CRITICAL - 2026-08-29 18:11:19 --> CodeIgniter\Database\Exceptions\DatabaseException: You have an error in your SQL syntax; check the manual that corresponds to your MariaDB server version for the right syntax to use near '? AND `receiverId` = ?) OR (`senderId` = ? AND receiverId = ?)) :((senderId =...' at line 3
[Method: GET, Route: employee/chat/messages/5349b44df9bf8543]
in SYSTEMPATH\Database\BaseConnection.php on line 863.
 1 SYSTEMPATH\Database\BaseBuilder.php(1731): CodeIgniter\Database\BaseConnection->query('SELECT COUNT(*) AS `numrows`
FROM `messages`
WHERE ((senderId = ? AND `receiverId` = ?) OR (`senderId` = ? AND receiverId = ?)) :((senderId = ? AND `receiverId` = ?) OR (`senderId` = ? AND `receiverId` = ?)):', [...], false)
 2 APPPATH\Models\MessageModel.php(87): CodeIgniter\Database\BaseBuilder->countAllResults()
 3 APPPATH\Controllers\Chat.php(176): App\Models\MessageModel->getConversationCount('207c49c0f2fc6493', '5349b44df9bf8543')
 4 SYSTEMPATH\CodeIgniter.php(974): App\Controllers\Chat->getMessages('5349b44df9bf8543')
 5 SYSTEMPATH\CodeIgniter.php(520): CodeIgniter\CodeIgniter->runController(Object(App\Controllers\Chat))
 6 SYSTEMPATH\CodeIgniter.php(363): CodeIgniter\CodeIgniter->handleRequest(null, Object(Config\Cache), false)
 7 SYSTEMPATH\Boot.php(417): CodeIgniter\CodeIgniter->run()
 8 SYSTEMPATH\Boot.php(68): CodeIgniter\Boot::runCodeIgniter(Object(CodeIgniter\CodeIgniter))
 9 FCPATH\index.php(59): CodeIgniter\Boot::bootWeb(Object(Config\Paths))
CRITICAL - 2026-08-29 18:11:19 --> [Caused by] CodeIgniter\Database\Exceptions\DatabaseException: You have an error in your SQL syntax; check the manual that corresponds to your MariaDB server version for the right syntax to use near '? AND `receiverId` = ?) OR (`senderId` = ? AND receiverId = ?)) :((senderId =...' at line 3
in SYSTEMPATH\Database\MySQLi\Connection.php on line 310.
 1 SYSTEMPATH\Database\BaseConnection.php(908): CodeIgniter\Database\MySQLi\Connection->execute('SELECT COUNT(*) AS `numrows`
FROM `messages`
WHERE ((senderId = ? AND `receiverId` = ?) OR (`senderId` = ? AND receiverId = ?)) :((senderId = ? AND `receiverId` = ?) OR (`senderId` = ? AND `receiverId` = ?)):')
 2 SYSTEMPATH\Database\BaseConnection.php(825): CodeIgniter\Database\BaseConnection->simpleQuery('SELECT COUNT(*) AS `numrows`
FROM `messages`
WHERE ((senderId = ? AND `receiverId` = ?) OR (`senderId` = ? AND receiverId = ?)) :((senderId = ? AND `receiverId` = ?) OR (`senderId` = ? AND `receiverId` = ?)):')
 3 SYSTEMPATH\Database\BaseBuilder.php(1731): CodeIgniter\Database\BaseConnection->query('SELECT COUNT(*) AS `numrows`
FROM `messages`
WHERE ((senderId = ? AND `receiverId` = ?) OR (`senderId` = ? AND receiverId = ?)) :((senderId = ? AND `receiverId` = ?) OR (`senderId` = ? AND `receiverId` = ?)):', [...], false)
 4 APPPATH\Models\MessageModel.php(87): CodeIgniter\Database\BaseBuilder->countAllResults()
 5 APPPATH\Controllers\Chat.php(176): App\Models\MessageModel->getConversationCount('207c49c0f2fc6493', '5349b44df9bf8543')
 6 SYSTEMPATH\CodeIgniter.php(974): App\Controllers\Chat->getMessages('5349b44df9bf8543')
 7 SYSTEMPATH\CodeIgniter.php(520): CodeIgniter\CodeIgniter->runController(Object(App\Controllers\Chat))
 8 SYSTEMPATH\CodeIgniter.php(363): CodeIgniter\CodeIgniter->handleRequest(null, Object(Config\Cache), false)
 9 SYSTEMPATH\Boot.php(417): CodeIgniter\CodeIgniter->run()
10 SYSTEMPATH\Boot.php(68): CodeIgniter\Boot::runCodeIgniter(Object(CodeIgniter\CodeIgniter))
11 FCPATH\index.php(59): CodeIgniter\Boot::bootWeb(Object(Config\Paths))
CRITICAL - 2026-08-29 18:11:19 --> [Caused by] mysqli_sql_exception: You have an error in your SQL syntax; check the manual that corresponds to your MariaDB server version for the right syntax to use near '? AND `receiverId` = ?) OR (`senderId` = ? AND receiverId = ?)) :((senderId =...' at line 3
in SYSTEMPATH\Database\MySQLi\Connection.php on line 300.
 1 SYSTEMPATH\Database\MySQLi\Connection.php(300): mysqli->query('SELECT COUNT(*) AS `numrows`
FROM `messages`
WHERE ((senderId = ? AND `receiverId` = ?) OR (`senderId` = ? AND receiverId = ?)) :((senderId = ? AND `receiverId` = ?) OR (`senderId` = ? AND `receiverId` = ?)):', 0)
 2 SYSTEMPATH\Database\BaseConnection.php(908): CodeIgniter\Database\MySQLi\Connection->execute('SELECT COUNT(*) AS `numrows`
FROM `messages`
WHERE ((senderId = ? AND `receiverId` = ?) OR (`senderId` = ? AND receiverId = ?)) :((senderId = ? AND `receiverId` = ?) OR (`senderId` = ? AND `receiverId` = ?)):')
 3 SYSTEMPATH\Database\BaseConnection.php(825): CodeIgniter\Database\BaseConnection->simpleQuery('SELECT COUNT(*) AS `numrows`
FROM `messages`
WHERE ((senderId = ? AND `receiverId` = ?) OR (`senderId` = ? AND receiverId = ?)) :((senderId = ? AND `receiverId` = ?) OR (`senderId` = ? AND `receiverId` = ?)):')
 4 SYSTEMPATH\Database\BaseBuilder.php(1731): CodeIgniter\Database\BaseConnection->query('SELECT COUNT(*) AS `numrows`
FROM `messages`
WHERE ((senderId = ? AND `receiverId` = ?) OR (`senderId` = ? AND receiverId = ?)) :((senderId = ? AND `receiverId` = ?) OR (`senderId` = ? AND `receiverId` = ?)):', [...], false)
 5 APPPATH\Models\MessageModel.php(87): CodeIgniter\Database\BaseBuilder->countAllResults()
 6 APPPATH\Controllers\Chat.php(176): App\Models\MessageModel->getConversationCount('207c49c0f2fc6493', '5349b44df9bf8543')
 7 SYSTEMPATH\CodeIgniter.php(974): App\Controllers\Chat->getMessages('5349b44df9bf8543')
 8 SYSTEMPATH\CodeIgniter.php(520): CodeIgniter\CodeIgniter->runController(Object(App\Controllers\Chat))
 9 SYSTEMPATH\CodeIgniter.php(363): CodeIgniter\CodeIgniter->handleRequest(null, Object(Config\Cache), false)
10 SYSTEMPATH\Boot.php(417): CodeIgniter\CodeIgniter->run()
11 SYSTEMPATH\Boot.php(68): CodeIgniter\Boot::runCodeIgniter(Object(CodeIgniter\CodeIgniter))
12 FCPATH\index.php(59): CodeIgniter\Boot::bootWeb(Object(Config\Paths))
ERROR - 2026-08-29 18:11:21 --> You have an error in your SQL syntax; check the manual that corresponds to your MariaDB server version for the right syntax to use near '? AND `receiverId` = ?) OR (`senderId` = ? AND receiverId = ?)) :((senderId =...' at line 3
in SYSTEMPATH\Database\MySQLi\Connection.php on line 300.
 1 SYSTEMPATH\Database\MySQLi\Connection.php(300): mysqli->query('SELECT COUNT(*) AS `numrows`
FROM `messages`
WHERE ((senderId = ? AND `receiverId` = ?) OR (`senderId` = ? AND receiverId = ?)) :((senderId = ? AND `receiverId` = ?) OR (`senderId` = ? AND `receiverId` = ?)):', 0)
 2 SYSTEMPATH\Database\BaseConnection.php(908): CodeIgniter\Database\MySQLi\Connection->execute('SELECT COUNT(*) AS `numrows`
FROM `messages`
WHERE ((senderId = ? AND `receiverId` = ?) OR (`senderId` = ? AND receiverId = ?)) :((senderId = ? AND `receiverId` = ?) OR (`senderId` = ? AND `receiverId` = ?)):')
 3 SYSTEMPATH\Database\BaseConnection.php(825): CodeIgniter\Database\BaseConnection->simpleQuery('SELECT COUNT(*) AS `numrows`
FROM `messages`
WHERE ((senderId = ? AND `receiverId` = ?) OR (`senderId` = ? AND receiverId = ?)) :((senderId = ? AND `receiverId` = ?) OR (`senderId` = ? AND `receiverId` = ?)):')
 4 SYSTEMPATH\Database\BaseBuilder.php(1731): CodeIgniter\Database\BaseConnection->query('SELECT COUNT(*) AS `numrows`
FROM `messages`
WHERE ((senderId = ? AND `receiverId` = ?) OR (`senderId` = ? AND receiverId = ?)) :((senderId = ? AND `receiverId` = ?) OR (`senderId` = ? AND `receiverId` = ?)):', [...], false)
 5 APPPATH\Models\MessageModel.php(87): CodeIgniter\Database\BaseBuilder->countAllResults()
 6 APPPATH\Controllers\Chat.php(176): App\Models\MessageModel->getConversationCount('207c49c0f2fc6493', '5349b44df9bf8543')
 7 SYSTEMPATH\CodeIgniter.php(974): App\Controllers\Chat->getMessages('5349b44df9bf8543')
 8 SYSTEMPATH\CodeIgniter.php(520): CodeIgniter\CodeIgniter->runController(Object(App\Controllers\Chat))
 9 SYSTEMPATH\CodeIgniter.php(363): CodeIgniter\CodeIgniter->handleRequest(null, Object(Config\Cache), false)
10 SYSTEMPATH\Boot.php(417): CodeIgniter\CodeIgniter->run()
11 SYSTEMPATH\Boot.php(68): CodeIgniter\Boot::runCodeIgniter(Object(CodeIgniter\CodeIgniter))
12 FCPATH\index.php(59): CodeIgniter\Boot::bootWeb(Object(Config\Paths))
CRITICAL - 2026-08-29 18:11:21 --> CodeIgniter\Database\Exceptions\DatabaseException: You have an error in your SQL syntax; check the manual that corresponds to your MariaDB server version for the right syntax to use near '? AND `receiverId` = ?) OR (`senderId` = ? AND receiverId = ?)) :((senderId =...' at line 3
[Method: GET, Route: employee/chat/messages/5349b44df9bf8543]
in SYSTEMPATH\Database\BaseConnection.php on line 863.
 1 SYSTEMPATH\Database\BaseBuilder.php(1731): CodeIgniter\Database\BaseConnection->query('SELECT COUNT(*) AS `numrows`
FROM `messages`
WHERE ((senderId = ? AND `receiverId` = ?) OR (`senderId` = ? AND receiverId = ?)) :((senderId = ? AND `receiverId` = ?) OR (`senderId` = ? AND `receiverId` = ?)):', [...], false)
 2 APPPATH\Models\MessageModel.php(87): CodeIgniter\Database\BaseBuilder->countAllResults()
 3 APPPATH\Controllers\Chat.php(176): App\Models\MessageModel->getConversationCount('207c49c0f2fc6493', '5349b44df9bf8543')
 4 SYSTEMPATH\CodeIgniter.php(974): App\Controllers\Chat->getMessages('5349b44df9bf8543')
 5 SYSTEMPATH\CodeIgniter.php(520): CodeIgniter\CodeIgniter->runController(Object(App\Controllers\Chat))
 6 SYSTEMPATH\CodeIgniter.php(363): CodeIgniter\CodeIgniter->handleRequest(null, Object(Config\Cache), false)
 7 SYSTEMPATH\Boot.php(417): CodeIgniter\CodeIgniter->run()
 8 SYSTEMPATH\Boot.php(68): CodeIgniter\Boot::runCodeIgniter(Object(CodeIgniter\CodeIgniter))
 9 FCPATH\index.php(59): CodeIgniter\Boot::bootWeb(Object(Config\Paths))
CRITICAL - 2026-08-29 18:11:21 --> [Caused by] CodeIgniter\Database\Exceptions\DatabaseException: You have an error in your SQL syntax; check the manual that corresponds to your MariaDB server version for the right syntax to use near '? AND `receiverId` = ?) OR (`senderId` = ? AND receiverId = ?)) :((senderId =...' at line 3
in SYSTEMPATH\Database\MySQLi\Connection.php on line 310.
 1 SYSTEMPATH\Database\BaseConnection.php(908): CodeIgniter\Database\MySQLi\Connection->execute('SELECT COUNT(*) AS `numrows`
FROM `messages`
WHERE ((senderId = ? AND `receiverId` = ?) OR (`senderId` = ? AND receiverId = ?)) :((senderId = ? AND `receiverId` = ?) OR (`senderId` = ? AND `receiverId` = ?)):')
 2 SYSTEMPATH\Database\BaseConnection.php(825): CodeIgniter\Database\BaseConnection->simpleQuery('SELECT COUNT(*) AS `numrows`
FROM `messages`
WHERE ((senderId = ? AND `receiverId` = ?) OR (`senderId` = ? AND receiverId = ?)) :((senderId = ? AND `receiverId` = ?) OR (`senderId` = ? AND `receiverId` = ?)):')
 3 SYSTEMPATH\Database\BaseBuilder.php(1731): CodeIgniter\Database\BaseConnection->query('SELECT COUNT(*) AS `numrows`
FROM `messages`
WHERE ((senderId = ? AND `receiverId` = ?) OR (`senderId` = ? AND receiverId = ?)) :((senderId = ? AND `receiverId` = ?) OR (`senderId` = ? AND `receiverId` = ?)):', [...], false)
 4 APPPATH\Models\MessageModel.php(87): CodeIgniter\Database\BaseBuilder->countAllResults()
 5 APPPATH\Controllers\Chat.php(176): App\Models\MessageModel->getConversationCount('207c49c0f2fc6493', '5349b44df9bf8543')
 6 SYSTEMPATH\CodeIgniter.php(974): App\Controllers\Chat->getMessages('5349b44df9bf8543')
 7 SYSTEMPATH\CodeIgniter.php(520): CodeIgniter\CodeIgniter->runController(Object(App\Controllers\Chat))
 8 SYSTEMPATH\CodeIgniter.php(363): CodeIgniter\CodeIgniter->handleRequest(null, Object(Config\Cache), false)
 9 SYSTEMPATH\Boot.php(417): CodeIgniter\CodeIgniter->run()
10 SYSTEMPATH\Boot.php(68): CodeIgniter\Boot::runCodeIgniter(Object(CodeIgniter\CodeIgniter))
11 FCPATH\index.php(59): CodeIgniter\Boot::bootWeb(Object(Config\Paths))
CRITICAL - 2026-08-29 18:11:21 --> [Caused by] mysqli_sql_exception: You have an error in your SQL syntax; check the manual that corresponds to your MariaDB server version for the right syntax to use near '? AND `receiverId` = ?) OR (`senderId` = ? AND receiverId = ?)) :((senderId =...' at line 3
in SYSTEMPATH\Database\MySQLi\Connection.php on line 300.
 1 SYSTEMPATH\Database\MySQLi\Connection.php(300): mysqli->query('SELECT COUNT(*) AS `numrows`
FROM `messages`
WHERE ((senderId = ? AND `receiverId` = ?) OR (`senderId` = ? AND receiverId = ?)) :((senderId = ? AND `receiverId` = ?) OR (`senderId` = ? AND `receiverId` = ?)):', 0)
 2 SYSTEMPATH\Database\BaseConnection.php(908): CodeIgniter\Database\MySQLi\Connection->execute('SELECT COUNT(*) AS `numrows`
FROM `messages`
WHERE ((senderId = ? AND `receiverId` = ?) OR (`senderId` = ? AND receiverId = ?)) :((senderId = ? AND `receiverId` = ?) OR (`senderId` = ? AND `receiverId` = ?)):')
 3 SYSTEMPATH\Database\BaseConnection.php(825): CodeIgniter\Database\BaseConnection->simpleQuery('SELECT COUNT(*) AS `numrows`
FROM `messages`
WHERE ((senderId = ? AND `receiverId` = ?) OR (`senderId` = ? AND receiverId = ?)) :((senderId = ? AND `receiverId` = ?) OR (`senderId` = ? AND `receiverId` = ?)):')
 4 SYSTEMPATH\Database\BaseBuilder.php(1731): CodeIgniter\Database\BaseConnection->query('SELECT COUNT(*) AS `numrows`
FROM `messages`
WHERE ((senderId = ? AND `receiverId` = ?) OR (`senderId` = ? AND receiverId = ?)) :((senderId = ? AND `receiverId` = ?) OR (`senderId` = ? AND `receiverId` = ?)):', [...], false)
 5 APPPATH\Models\MessageModel.php(87): CodeIgniter\Database\BaseBuilder->countAllResults()
 6 APPPATH\Controllers\Chat.php(176): App\Models\MessageModel->getConversationCount('207c49c0f2fc6493', '5349b44df9bf8543')
 7 SYSTEMPATH\CodeIgniter.php(974): App\Controllers\Chat->getMessages('5349b44df9bf8543')
 8 SYSTEMPATH\CodeIgniter.php(520): CodeIgniter\CodeIgniter->runController(Object(App\Controllers\Chat))
 9 SYSTEMPATH\CodeIgniter.php(363): CodeIgniter\CodeIgniter->handleRequest(null, Object(Config\Cache), false)
10 SYSTEMPATH\Boot.php(417): CodeIgniter\CodeIgniter->run()
11 SYSTEMPATH\Boot.php(68): CodeIgniter\Boot::runCodeIgniter(Object(CodeIgniter\CodeIgniter))
12 FCPATH\index.php(59): CodeIgniter\Boot::bootWeb(Object(Config\Paths))
ERROR - 2026-08-29 18:11:30 --> You have an error in your SQL syntax; check the manual that corresponds to your MariaDB server version for the right syntax to use near '? AND `receiverId` = ?) OR (`senderId` = ? AND receiverId = ?)) :((senderId =...' at line 3
in SYSTEMPATH\Database\MySQLi\Connection.php on line 300.
 1 SYSTEMPATH\Database\MySQLi\Connection.php(300): mysqli->query('SELECT COUNT(*) AS `numrows`
FROM `messages`
WHERE ((senderId = ? AND `receiverId` = ?) OR (`senderId` = ? AND receiverId = ?)) :((senderId = ? AND `receiverId` = ?) OR (`senderId` = ? AND `receiverId` = ?)):', 0)
 2 SYSTEMPATH\Database\BaseConnection.php(908): CodeIgniter\Database\MySQLi\Connection->execute('SELECT COUNT(*) AS `numrows`
FROM `messages`
WHERE ((senderId = ? AND `receiverId` = ?) OR (`senderId` = ? AND receiverId = ?)) :((senderId = ? AND `receiverId` = ?) OR (`senderId` = ? AND `receiverId` = ?)):')
 3 SYSTEMPATH\Database\BaseConnection.php(825): CodeIgniter\Database\BaseConnection->simpleQuery('SELECT COUNT(*) AS `numrows`
FROM `messages`
WHERE ((senderId = ? AND `receiverId` = ?) OR (`senderId` = ? AND receiverId = ?)) :((senderId = ? AND `receiverId` = ?) OR (`senderId` = ? AND `receiverId` = ?)):')
 4 SYSTEMPATH\Database\BaseBuilder.php(1731): CodeIgniter\Database\BaseConnection->query('SELECT COUNT(*) AS `numrows`
FROM `messages`
WHERE ((senderId = ? AND `receiverId` = ?) OR (`senderId` = ? AND receiverId = ?)) :((senderId = ? AND `receiverId` = ?) OR (`senderId` = ? AND `receiverId` = ?)):', [...], false)
 5 APPPATH\Models\MessageModel.php(87): CodeIgniter\Database\BaseBuilder->countAllResults()
 6 APPPATH\Controllers\Chat.php(176): App\Models\MessageModel->getConversationCount('207c49c0f2fc6493', '5349b44df9bf8543')
 7 SYSTEMPATH\CodeIgniter.php(974): App\Controllers\Chat->getMessages('5349b44df9bf8543')
 8 SYSTEMPATH\CodeIgniter.php(520): CodeIgniter\CodeIgniter->runController(Object(App\Controllers\Chat))
 9 SYSTEMPATH\CodeIgniter.php(363): CodeIgniter\CodeIgniter->handleRequest(null, Object(Config\Cache), false)
10 SYSTEMPATH\Boot.php(417): CodeIgniter\CodeIgniter->run()
11 SYSTEMPATH\Boot.php(68): CodeIgniter\Boot::runCodeIgniter(Object(CodeIgniter\CodeIgniter))
12 FCPATH\index.php(59): CodeIgniter\Boot::bootWeb(Object(Config\Paths))
CRITICAL - 2026-08-29 18:11:30 --> CodeIgniter\Database\Exceptions\DatabaseException: You have an error in your SQL syntax; check the manual that corresponds to your MariaDB server version for the right syntax to use near '? AND `receiverId` = ?) OR (`senderId` = ? AND receiverId = ?)) :((senderId =...' at line 3
[Method: GET, Route: employee/chat/messages/5349b44df9bf8543]
in SYSTEMPATH\Database\BaseConnection.php on line 863.
 1 SYSTEMPATH\Database\BaseBuilder.php(1731): CodeIgniter\Database\BaseConnection->query('SELECT COUNT(*) AS `numrows`
FROM `messages`
WHERE ((senderId = ? AND `receiverId` = ?) OR (`senderId` = ? AND receiverId = ?)) :((senderId = ? AND `receiverId` = ?) OR (`senderId` = ? AND `receiverId` = ?)):', [...], false)
 2 APPPATH\Models\MessageModel.php(87): CodeIgniter\Database\BaseBuilder->countAllResults()
 3 APPPATH\Controllers\Chat.php(176): App\Models\MessageModel->getConversationCount('207c49c0f2fc6493', '5349b44df9bf8543')
 4 SYSTEMPATH\CodeIgniter.php(974): App\Controllers\Chat->getMessages('5349b44df9bf8543')
 5 SYSTEMPATH\CodeIgniter.php(520): CodeIgniter\CodeIgniter->runController(Object(App\Controllers\Chat))
 6 SYSTEMPATH\CodeIgniter.php(363): CodeIgniter\CodeIgniter->handleRequest(null, Object(Config\Cache), false)
 7 SYSTEMPATH\Boot.php(417): CodeIgniter\CodeIgniter->run()
 8 SYSTEMPATH\Boot.php(68): CodeIgniter\Boot::runCodeIgniter(Object(CodeIgniter\CodeIgniter))
 9 FCPATH\index.php(59): CodeIgniter\Boot::bootWeb(Object(Config\Paths))
CRITICAL - 2026-08-29 18:11:30 --> [Caused by] CodeIgniter\Database\Exceptions\DatabaseException: You have an error in your SQL syntax; check the manual that corresponds to your MariaDB server version for the right syntax to use near '? AND `receiverId` = ?) OR (`senderId` = ? AND receiverId = ?)) :((senderId =...' at line 3
in SYSTEMPATH\Database\MySQLi\Connection.php on line 310.
 1 SYSTEMPATH\Database\BaseConnection.php(908): CodeIgniter\Database\MySQLi\Connection->execute('SELECT COUNT(*) AS `numrows`
FROM `messages`
WHERE ((senderId = ? AND `receiverId` = ?) OR (`senderId` = ? AND receiverId = ?)) :((senderId = ? AND `receiverId` = ?) OR (`senderId` = ? AND `receiverId` = ?)):')
 2 SYSTEMPATH\Database\BaseConnection.php(825): CodeIgniter\Database\BaseConnection->simpleQuery('SELECT COUNT(*) AS `numrows`
FROM `messages`
WHERE ((senderId = ? AND `receiverId` = ?) OR (`senderId` = ? AND receiverId = ?)) :((senderId = ? AND `receiverId` = ?) OR (`senderId` = ? AND `receiverId` = ?)):')
 3 SYSTEMPATH\Database\BaseBuilder.php(1731): CodeIgniter\Database\BaseConnection->query('SELECT COUNT(*) AS `numrows`
FROM `messages`
WHERE ((senderId = ? AND `receiverId` = ?) OR (`senderId` = ? AND receiverId = ?)) :((senderId = ? AND `receiverId` = ?) OR (`senderId` = ? AND `receiverId` = ?)):', [...], false)
 4 APPPATH\Models\MessageModel.php(87): CodeIgniter\Database\BaseBuilder->countAllResults()
 5 APPPATH\Controllers\Chat.php(176): App\Models\MessageModel->getConversationCount('207c49c0f2fc6493', '5349b44df9bf8543')
 6 SYSTEMPATH\CodeIgniter.php(974): App\Controllers\Chat->getMessages('5349b44df9bf8543')
 7 SYSTEMPATH\CodeIgniter.php(520): CodeIgniter\CodeIgniter->runController(Object(App\Controllers\Chat))
 8 SYSTEMPATH\CodeIgniter.php(363): CodeIgniter\CodeIgniter->handleRequest(null, Object(Config\Cache), false)
 9 SYSTEMPATH\Boot.php(417): CodeIgniter\CodeIgniter->run()
10 SYSTEMPATH\Boot.php(68): CodeIgniter\Boot::runCodeIgniter(Object(CodeIgniter\CodeIgniter))
11 FCPATH\index.php(59): CodeIgniter\Boot::bootWeb(Object(Config\Paths))
CRITICAL - 2026-08-29 18:11:30 --> [Caused by] mysqli_sql_exception: You have an error in your SQL syntax; check the manual that corresponds to your MariaDB server version for the right syntax to use near '? AND `receiverId` = ?) OR (`senderId` = ? AND receiverId = ?)) :((senderId =...' at line 3
in SYSTEMPATH\Database\MySQLi\Connection.php on line 300.
 1 SYSTEMPATH\Database\MySQLi\Connection.php(300): mysqli->query('SELECT COUNT(*) AS `numrows`
FROM `messages`
WHERE ((senderId = ? AND `receiverId` = ?) OR (`senderId` = ? AND receiverId = ?)) :((senderId = ? AND `receiverId` = ?) OR (`senderId` = ? AND `receiverId` = ?)):', 0)
 2 SYSTEMPATH\Database\BaseConnection.php(908): CodeIgniter\Database\MySQLi\Connection->execute('SELECT COUNT(*) AS `numrows`
FROM `messages`
WHERE ((senderId = ? AND `receiverId` = ?) OR (`senderId` = ? AND receiverId = ?)) :((senderId = ? AND `receiverId` = ?) OR (`senderId` = ? AND `receiverId` = ?)):')
 3 SYSTEMPATH\Database\BaseConnection.php(825): CodeIgniter\Database\BaseConnection->simpleQuery('SELECT COUNT(*) AS `numrows`
FROM `messages`
WHERE ((senderId = ? AND `receiverId` = ?) OR (`senderId` = ? AND receiverId = ?)) :((senderId = ? AND `receiverId` = ?) OR (`senderId` = ? AND `receiverId` = ?)):')
 4 SYSTEMPATH\Database\BaseBuilder.php(1731): CodeIgniter\Database\BaseConnection->query('SELECT COUNT(*) AS `numrows`
FROM `messages`
WHERE ((senderId = ? AND `receiverId` = ?) OR (`senderId` = ? AND receiverId = ?)) :((senderId = ? AND `receiverId` = ?) OR (`senderId` = ? AND `receiverId` = ?)):', [...], false)
 5 APPPATH\Models\MessageModel.php(87): CodeIgniter\Database\BaseBuilder->countAllResults()
 6 APPPATH\Controllers\Chat.php(176): App\Models\MessageModel->getConversationCount('207c49c0f2fc6493', '5349b44df9bf8543')
 7 SYSTEMPATH\CodeIgniter.php(974): App\Controllers\Chat->getMessages('5349b44df9bf8543')
 8 SYSTEMPATH\CodeIgniter.php(520): CodeIgniter\CodeIgniter->runController(Object(App\Controllers\Chat))
 9 SYSTEMPATH\CodeIgniter.php(363): CodeIgniter\CodeIgniter->handleRequest(null, Object(Config\Cache), false)
10 SYSTEMPATH\Boot.php(417): CodeIgniter\CodeIgniter->run()
11 SYSTEMPATH\Boot.php(68): CodeIgniter\Boot::runCodeIgniter(Object(CodeIgniter\CodeIgniter))
12 FCPATH\index.php(59): CodeIgniter\Boot::bootWeb(Object(Config\Paths))
ERROR - 2026-08-29 18:11:40 --> You have an error in your SQL syntax; check the manual that corresponds to your MariaDB server version for the right syntax to use near '? AND `receiverId` = ?) OR (`senderId` = ? AND receiverId = ?)) :((senderId =...' at line 3
in SYSTEMPATH\Database\MySQLi\Connection.php on line 300.
 1 SYSTEMPATH\Database\MySQLi\Connection.php(300): mysqli->query('SELECT COUNT(*) AS `numrows`
FROM `messages`
WHERE ((senderId = ? AND `receiverId` = ?) OR (`senderId` = ? AND receiverId = ?)) :((senderId = ? AND `receiverId` = ?) OR (`senderId` = ? AND `receiverId` = ?)):', 0)
 2 SYSTEMPATH\Database\BaseConnection.php(908): CodeIgniter\Database\MySQLi\Connection->execute('SELECT COUNT(*) AS `numrows`
FROM `messages`
WHERE ((senderId = ? AND `receiverId` = ?) OR (`senderId` = ? AND receiverId = ?)) :((senderId = ? AND `receiverId` = ?) OR (`senderId` = ? AND `receiverId` = ?)):')
 3 SYSTEMPATH\Database\BaseConnection.php(825): CodeIgniter\Database\BaseConnection->simpleQuery('SELECT COUNT(*) AS `numrows`
FROM `messages`
WHERE ((senderId = ? AND `receiverId` = ?) OR (`senderId` = ? AND receiverId = ?)) :((senderId = ? AND `receiverId` = ?) OR (`senderId` = ? AND `receiverId` = ?)):')
 4 SYSTEMPATH\Database\BaseBuilder.php(1731): CodeIgniter\Database\BaseConnection->query('SELECT COUNT(*) AS `numrows`
FROM `messages`
WHERE ((senderId = ? AND `receiverId` = ?) OR (`senderId` = ? AND receiverId = ?)) :((senderId = ? AND `receiverId` = ?) OR (`senderId` = ? AND `receiverId` = ?)):', [...], false)
 5 APPPATH\Models\MessageModel.php(87): CodeIgniter\Database\BaseBuilder->countAllResults()
 6 APPPATH\Controllers\Chat.php(176): App\Models\MessageModel->getConversationCount('207c49c0f2fc6493', '56dc273f11b04003')
 7 SYSTEMPATH\CodeIgniter.php(974): App\Controllers\Chat->getMessages('56dc273f11b04003')
 8 SYSTEMPATH\CodeIgniter.php(520): CodeIgniter\CodeIgniter->runController(Object(App\Controllers\Chat))
 9 SYSTEMPATH\CodeIgniter.php(363): CodeIgniter\CodeIgniter->handleRequest(null, Object(Config\Cache), false)
10 SYSTEMPATH\Boot.php(417): CodeIgniter\CodeIgniter->run()
11 SYSTEMPATH\Boot.php(68): CodeIgniter\Boot::runCodeIgniter(Object(CodeIgniter\CodeIgniter))
12 FCPATH\index.php(59): CodeIgniter\Boot::bootWeb(Object(Config\Paths))
CRITICAL - 2026-08-29 18:11:40 --> CodeIgniter\Database\Exceptions\DatabaseException: You have an error in your SQL syntax; check the manual that corresponds to your MariaDB server version for the right syntax to use near '? AND `receiverId` = ?) OR (`senderId` = ? AND receiverId = ?)) :((senderId =...' at line 3
[Method: GET, Route: employee/chat/messages/56dc273f11b04003]
in SYSTEMPATH\Database\BaseConnection.php on line 863.
 1 SYSTEMPATH\Database\BaseBuilder.php(1731): CodeIgniter\Database\BaseConnection->query('SELECT COUNT(*) AS `numrows`
FROM `messages`
WHERE ((senderId = ? AND `receiverId` = ?) OR (`senderId` = ? AND receiverId = ?)) :((senderId = ? AND `receiverId` = ?) OR (`senderId` = ? AND `receiverId` = ?)):', [...], false)
 2 APPPATH\Models\MessageModel.php(87): CodeIgniter\Database\BaseBuilder->countAllResults()
 3 APPPATH\Controllers\Chat.php(176): App\Models\MessageModel->getConversationCount('207c49c0f2fc6493', '56dc273f11b04003')
 4 SYSTEMPATH\CodeIgniter.php(974): App\Controllers\Chat->getMessages('56dc273f11b04003')
 5 SYSTEMPATH\CodeIgniter.php(520): CodeIgniter\CodeIgniter->runController(Object(App\Controllers\Chat))
 6 SYSTEMPATH\CodeIgniter.php(363): CodeIgniter\CodeIgniter->handleRequest(null, Object(Config\Cache), false)
 7 SYSTEMPATH\Boot.php(417): CodeIgniter\CodeIgniter->run()
 8 SYSTEMPATH\Boot.php(68): CodeIgniter\Boot::runCodeIgniter(Object(CodeIgniter\CodeIgniter))
 9 FCPATH\index.php(59): CodeIgniter\Boot::bootWeb(Object(Config\Paths))
CRITICAL - 2026-08-29 18:11:40 --> [Caused by] CodeIgniter\Database\Exceptions\DatabaseException: You have an error in your SQL syntax; check the manual that corresponds to your MariaDB server version for the right syntax to use near '? AND `receiverId` = ?) OR (`senderId` = ? AND receiverId = ?)) :((senderId =...' at line 3
in SYSTEMPATH\Database\MySQLi\Connection.php on line 310.
 1 SYSTEMPATH\Database\BaseConnection.php(908): CodeIgniter\Database\MySQLi\Connection->execute('SELECT COUNT(*) AS `numrows`
FROM `messages`
WHERE ((senderId = ? AND `receiverId` = ?) OR (`senderId` = ? AND receiverId = ?)) :((senderId = ? AND `receiverId` = ?) OR (`senderId` = ? AND `receiverId` = ?)):')
 2 SYSTEMPATH\Database\BaseConnection.php(825): CodeIgniter\Database\BaseConnection->simpleQuery('SELECT COUNT(*) AS `numrows`
FROM `messages`
WHERE ((senderId = ? AND `receiverId` = ?) OR (`senderId` = ? AND receiverId = ?)) :((senderId = ? AND `receiverId` = ?) OR (`senderId` = ? AND `receiverId` = ?)):')
 3 SYSTEMPATH\Database\BaseBuilder.php(1731): CodeIgniter\Database\BaseConnection->query('SELECT COUNT(*) AS `numrows`
FROM `messages`
WHERE ((senderId = ? AND `receiverId` = ?) OR (`senderId` = ? AND receiverId = ?)) :((senderId = ? AND `receiverId` = ?) OR (`senderId` = ? AND `receiverId` = ?)):', [...], false)
 4 APPPATH\Models\MessageModel.php(87): CodeIgniter\Database\BaseBuilder->countAllResults()
 5 APPPATH\Controllers\Chat.php(176): App\Models\MessageModel->getConversationCount('207c49c0f2fc6493', '56dc273f11b04003')
 6 SYSTEMPATH\CodeIgniter.php(974): App\Controllers\Chat->getMessages('56dc273f11b04003')
 7 SYSTEMPATH\CodeIgniter.php(520): CodeIgniter\CodeIgniter->runController(Object(App\Controllers\Chat))
 8 SYSTEMPATH\CodeIgniter.php(363): CodeIgniter\CodeIgniter->handleRequest(null, Object(Config\Cache), false)
 9 SYSTEMPATH\Boot.php(417): CodeIgniter\CodeIgniter->run()
10 SYSTEMPATH\Boot.php(68): CodeIgniter\Boot::runCodeIgniter(Object(CodeIgniter\CodeIgniter))
11 FCPATH\index.php(59): CodeIgniter\Boot::bootWeb(Object(Config\Paths))
CRITICAL - 2026-08-29 18:11:40 --> [Caused by] mysqli_sql_exception: You have an error in your SQL syntax; check the manual that corresponds to your MariaDB server version for the right syntax to use near '? AND `receiverId` = ?) OR (`senderId` = ? AND receiverId = ?)) :((senderId =...' at line 3
in SYSTEMPATH\Database\MySQLi\Connection.php on line 300.
 1 SYSTEMPATH\Database\MySQLi\Connection.php(300): mysqli->query('SELECT COUNT(*) AS `numrows`
FROM `messages`
WHERE ((senderId = ? AND `receiverId` = ?) OR (`senderId` = ? AND receiverId = ?)) :((senderId = ? AND `receiverId` = ?) OR (`senderId` = ? AND `receiverId` = ?)):', 0)
 2 SYSTEMPATH\Database\BaseConnection.php(908): CodeIgniter\Database\MySQLi\Connection->execute('SELECT COUNT(*) AS `numrows`
FROM `messages`
WHERE ((senderId = ? AND `receiverId` = ?) OR (`senderId` = ? AND receiverId = ?)) :((senderId = ? AND `receiverId` = ?) OR (`senderId` = ? AND `receiverId` = ?)):')
 3 SYSTEMPATH\Database\BaseConnection.php(825): CodeIgniter\Database\BaseConnection->simpleQuery('SELECT COUNT(*) AS `numrows`
FROM `messages`
WHERE ((senderId = ? AND `receiverId` = ?) OR (`senderId` = ? AND receiverId = ?)) :((senderId = ? AND `receiverId` = ?) OR (`senderId` = ? AND `receiverId` = ?)):')
 4 SYSTEMPATH\Database\BaseBuilder.php(1731): CodeIgniter\Database\BaseConnection->query('SELECT COUNT(*) AS `numrows`
FROM `messages`
WHERE ((senderId = ? AND `receiverId` = ?) OR (`senderId` = ? AND receiverId = ?)) :((senderId = ? AND `receiverId` = ?) OR (`senderId` = ? AND `receiverId` = ?)):', [...], false)
 5 APPPATH\Models\MessageModel.php(87): CodeIgniter\Database\BaseBuilder->countAllResults()
 6 APPPATH\Controllers\Chat.php(176): App\Models\MessageModel->getConversationCount('207c49c0f2fc6493', '56dc273f11b04003')
 7 SYSTEMPATH\CodeIgniter.php(974): App\Controllers\Chat->getMessages('56dc273f11b04003')
 8 SYSTEMPATH\CodeIgniter.php(520): CodeIgniter\CodeIgniter->runController(Object(App\Controllers\Chat))
 9 SYSTEMPATH\CodeIgniter.php(363): CodeIgniter\CodeIgniter->handleRequest(null, Object(Config\Cache), false)
10 SYSTEMPATH\Boot.php(417): CodeIgniter\CodeIgniter->run()
11 SYSTEMPATH\Boot.php(68): CodeIgniter\Boot::runCodeIgniter(Object(CodeIgniter\CodeIgniter))
12 FCPATH\index.php(59): CodeIgniter\Boot::bootWeb(Object(Config\Paths))
WARNING - 2026-08-29 20:16:45 --> [DEPRECATED] Passing lowercase HTTP method "get" is deprecated. Use uppercase HTTP method like "GET". in SYSTEMPATH\Router\RouteCollection.php on line 1026.
 1 SYSTEMPATH\Router\RouteCollection.php(1026): trigger_error('Passing lowercase HTTP method "get" is deprecated. Use uppercase HTTP method like "GET".', 16384)
 2 APPPATH\Config\Routes.php(15): CodeIgniter\Router\RouteCollection->match([...], '/Tcpdfexample/quote', 'Tcpdfexample::quote')
 3 SYSTEMPATH\Router\RouteCollection.php(339): require('D:\\xampp\\htdocs\\gbinsurance\\app\\Config\\Routes.php')
 4 SYSTEMPATH\Boot.php(137): CodeIgniter\Router\RouteCollection->loadRoutes()
 5 ROOTPATH\tmp_model_test.php(28): CodeIgniter\Boot::bootConsole(Object(Config\Paths))
WARNING - 2026-08-29 20:16:45 --> [DEPRECATED] Passing lowercase HTTP method "post" is deprecated. Use uppercase HTTP method like "POST". in SYSTEMPATH\Router\RouteCollection.php on line 1026.
 1 SYSTEMPATH\Router\RouteCollection.php(1026): trigger_error('Passing lowercase HTTP method "post" is deprecated. Use uppercase HTTP method like "POST".', 16384)
 2 APPPATH\Config\Routes.php(15): CodeIgniter\Router\RouteCollection->match([...], '/Tcpdfexample/quote', 'Tcpdfexample::quote')
 3 SYSTEMPATH\Router\RouteCollection.php(339): require('D:\\xampp\\htdocs\\gbinsurance\\app\\Config\\Routes.php')
 4 SYSTEMPATH\Boot.php(137): CodeIgniter\Router\RouteCollection->loadRoutes()
 5 ROOTPATH\tmp_model_test.php(28): CodeIgniter\Boot::bootConsole(Object(Config\Paths))
WARNING - 2026-08-29 20:17:46 --> [DEPRECATED] Passing lowercase HTTP method "get" is deprecated. Use uppercase HTTP method like "GET". in SYSTEMPATH\Router\RouteCollection.php on line 1026.
 1 SYSTEMPATH\Router\RouteCollection.php(1026): trigger_error('Passing lowercase HTTP method "get" is deprecated. Use uppercase HTTP method like "GET".', 16384)
 2 APPPATH\Config\Routes.php(15): CodeIgniter\Router\RouteCollection->match([...], '/Tcpdfexample/quote', 'Tcpdfexample::quote')
 3 SYSTEMPATH\Router\RouteCollection.php(339): require('D:\\xampp\\htdocs\\gbinsurance\\app\\Config\\Routes.php')
 4 SYSTEMPATH\Boot.php(137): CodeIgniter\Router\RouteCollection->loadRoutes()
 5 ROOTPATH\tmp_model_test.php(28): CodeIgniter\Boot::bootConsole(Object(Config\Paths))
WARNING - 2026-08-29 20:17:46 --> [DEPRECATED] Passing lowercase HTTP method "post" is deprecated. Use uppercase HTTP method like "POST". in SYSTEMPATH\Router\RouteCollection.php on line 1026.
 1 SYSTEMPATH\Router\RouteCollection.php(1026): trigger_error('Passing lowercase HTTP method "post" is deprecated. Use uppercase HTTP method like "POST".', 16384)
 2 APPPATH\Config\Routes.php(15): CodeIgniter\Router\RouteCollection->match([...], '/Tcpdfexample/quote', 'Tcpdfexample::quote')
 3 SYSTEMPATH\Router\RouteCollection.php(339): require('D:\\xampp\\htdocs\\gbinsurance\\app\\Config\\Routes.php')
 4 SYSTEMPATH\Boot.php(137): CodeIgniter\Router\RouteCollection->loadRoutes()
 5 ROOTPATH\tmp_model_test.php(28): CodeIgniter\Boot::bootConsole(Object(Config\Paths))
CRITICAL - 2026-08-29 18:19:18 --> Error: Class "App\Models\MessageModel" not found
[Method: GET, Route: employee/chat]
in APPPATH\Controllers\Chat.php on line 16.
 1 SYSTEMPATH\CodeIgniter.php(944): App\Controllers\Chat->__construct()
 2 SYSTEMPATH\CodeIgniter.php(511): CodeIgniter\CodeIgniter->createController()
 3 SYSTEMPATH\CodeIgniter.php(363): CodeIgniter\CodeIgniter->handleRequest(null, Object(Config\Cache), false)
 4 SYSTEMPATH\Boot.php(417): CodeIgniter\CodeIgniter->run()
 5 SYSTEMPATH\Boot.php(68): CodeIgniter\Boot::runCodeIgniter(Object(CodeIgniter\CodeIgniter))
 6 FCPATH\index.php(59): CodeIgniter\Boot::bootWeb(Object(Config\Paths))
WARNING - 2026-08-29 20:19:37 --> [DEPRECATED] Passing lowercase HTTP method "get" is deprecated. Use uppercase HTTP method like "GET". in SYSTEMPATH\Router\RouteCollection.php on line 1026.
 1 SYSTEMPATH\Router\RouteCollection.php(1026): trigger_error('Passing lowercase HTTP method "get" is deprecated. Use uppercase HTTP method like "GET".', 16384)
 2 APPPATH\Config\Routes.php(15): CodeIgniter\Router\RouteCollection->match([...], '/Tcpdfexample/quote', 'Tcpdfexample::quote')
 3 SYSTEMPATH\Router\RouteCollection.php(339): require('D:\\xampp\\htdocs\\gbinsurance\\app\\Config\\Routes.php')
 4 SYSTEMPATH\Boot.php(137): CodeIgniter\Router\RouteCollection->loadRoutes()
 5 ROOTPATH\tmp_model_test.php(28): CodeIgniter\Boot::bootConsole(Object(Config\Paths))
WARNING - 2026-08-29 20:19:37 --> [DEPRECATED] Passing lowercase HTTP method "post" is deprecated. Use uppercase HTTP method like "POST". in SYSTEMPATH\Router\RouteCollection.php on line 1026.
 1 SYSTEMPATH\Router\RouteCollection.php(1026): trigger_error('Passing lowercase HTTP method "post" is deprecated. Use uppercase HTTP method like "POST".', 16384)
 2 APPPATH\Config\Routes.php(15): CodeIgniter\Router\RouteCollection->match([...], '/Tcpdfexample/quote', 'Tcpdfexample::quote')
 3 SYSTEMPATH\Router\RouteCollection.php(339): require('D:\\xampp\\htdocs\\gbinsurance\\app\\Config\\Routes.php')
 4 SYSTEMPATH\Boot.php(137): CodeIgniter\Router\RouteCollection->loadRoutes()
 5 ROOTPATH\tmp_model_test.php(28): CodeIgniter\Boot::bootConsole(Object(Config\Paths))
ERROR - 2026-08-29 20:19:37 --> You have an error in your SQL syntax; check the manual that corresponds to your MariaDB server version for the right syntax to use near '? AND `receiverId` = ?) OR (`senderId` = ? AND receiverId = ?)) :((senderId =...' at line 3
in SYSTEMPATH\Database\MySQLi\Connection.php on line 300.
 1 SYSTEMPATH\Database\MySQLi\Connection.php(300): mysqli->query('SELECT COUNT(*) AS `numrows`
FROM `messages`
WHERE ((senderId = ? AND `receiverId` = ?) OR (`senderId` = ? AND receiverId = ?)) :((senderId = ? AND `receiverId` = ?) OR (`senderId` = ? AND `receiverId` = ?)):', 0)
 2 SYSTEMPATH\Database\BaseConnection.php(908): CodeIgniter\Database\MySQLi\Connection->execute('SELECT COUNT(*) AS `numrows`
FROM `messages`
WHERE ((senderId = ? AND `receiverId` = ?) OR (`senderId` = ? AND receiverId = ?)) :((senderId = ? AND `receiverId` = ?) OR (`senderId` = ? AND `receiverId` = ?)):')
 3 SYSTEMPATH\Database\BaseConnection.php(825): CodeIgniter\Database\BaseConnection->simpleQuery('SELECT COUNT(*) AS `numrows`
FROM `messages`
WHERE ((senderId = ? AND `receiverId` = ?) OR (`senderId` = ? AND receiverId = ?)) :((senderId = ? AND `receiverId` = ?) OR (`senderId` = ? AND `receiverId` = ?)):')
 4 SYSTEMPATH\Database\BaseBuilder.php(1731): CodeIgniter\Database\BaseConnection->query('SELECT COUNT(*) AS `numrows`
FROM `messages`
WHERE ((senderId = ? AND `receiverId` = ?) OR (`senderId` = ? AND receiverId = ?)) :((senderId = ? AND `receiverId` = ?) OR (`senderId` = ? AND `receiverId` = ?)):', [...], false)
 5 APPPATH\Models\MessageModel.php(87): CodeIgniter\Database\BaseBuilder->countAllResults()
 6 ROOTPATH\tmp_model_test.php(67): App\Models\MessageModel->getConversationCount('07e2387e15819080', '1f4c280d781e9380')
CRITICAL - 2026-08-29 20:19:37 --> CodeIgniter\Database\Exceptions\DatabaseException: You have an error in your SQL syntax; check the manual that corresponds to your MariaDB server version for the right syntax to use near '? AND `receiverId` = ?) OR (`senderId` = ? AND receiverId = ?)) :((senderId =...' at line 3
[Method: CLI, Route: /]
in SYSTEMPATH\Database\BaseConnection.php on line 863.
 1 SYSTEMPATH\Database\BaseBuilder.php(1731): CodeIgniter\Database\BaseConnection->query('SELECT COUNT(*) AS `numrows`
FROM `messages`
WHERE ((senderId = ? AND `receiverId` = ?) OR (`senderId` = ? AND receiverId = ?)) :((senderId = ? AND `receiverId` = ?) OR (`senderId` = ? AND `receiverId` = ?)):', [...], false)
 2 APPPATH\Models\MessageModel.php(87): CodeIgniter\Database\BaseBuilder->countAllResults()
 3 ROOTPATH\tmp_model_test.php(67): App\Models\MessageModel->getConversationCount('07e2387e15819080', '1f4c280d781e9380')
CRITICAL - 2026-08-29 20:19:37 --> [Caused by] CodeIgniter\Database\Exceptions\DatabaseException: You have an error in your SQL syntax; check the manual that corresponds to your MariaDB server version for the right syntax to use near '? AND `receiverId` = ?) OR (`senderId` = ? AND receiverId = ?)) :((senderId =...' at line 3
in SYSTEMPATH\Database\MySQLi\Connection.php on line 310.
 1 SYSTEMPATH\Database\BaseConnection.php(908): CodeIgniter\Database\MySQLi\Connection->execute('SELECT COUNT(*) AS `numrows`
FROM `messages`
WHERE ((senderId = ? AND `receiverId` = ?) OR (`senderId` = ? AND receiverId = ?)) :((senderId = ? AND `receiverId` = ?) OR (`senderId` = ? AND `receiverId` = ?)):')
 2 SYSTEMPATH\Database\BaseConnection.php(825): CodeIgniter\Database\BaseConnection->simpleQuery('SELECT COUNT(*) AS `numrows`
FROM `messages`
WHERE ((senderId = ? AND `receiverId` = ?) OR (`senderId` = ? AND receiverId = ?)) :((senderId = ? AND `receiverId` = ?) OR (`senderId` = ? AND `receiverId` = ?)):')
 3 SYSTEMPATH\Database\BaseBuilder.php(1731): CodeIgniter\Database\BaseConnection->query('SELECT COUNT(*) AS `numrows`
FROM `messages`
WHERE ((senderId = ? AND `receiverId` = ?) OR (`senderId` = ? AND receiverId = ?)) :((senderId = ? AND `receiverId` = ?) OR (`senderId` = ? AND `receiverId` = ?)):', [...], false)
 4 APPPATH\Models\MessageModel.php(87): CodeIgniter\Database\BaseBuilder->countAllResults()
 5 ROOTPATH\tmp_model_test.php(67): App\Models\MessageModel->getConversationCount('07e2387e15819080', '1f4c280d781e9380')
CRITICAL - 2026-08-29 20:19:37 --> [Caused by] mysqli_sql_exception: You have an error in your SQL syntax; check the manual that corresponds to your MariaDB server version for the right syntax to use near '? AND `receiverId` = ?) OR (`senderId` = ? AND receiverId = ?)) :((senderId =...' at line 3
in SYSTEMPATH\Database\MySQLi\Connection.php on line 300.
 1 SYSTEMPATH\Database\MySQLi\Connection.php(300): mysqli->query('SELECT COUNT(*) AS `numrows`
FROM `messages`
WHERE ((senderId = ? AND `receiverId` = ?) OR (`senderId` = ? AND receiverId = ?)) :((senderId = ? AND `receiverId` = ?) OR (`senderId` = ? AND `receiverId` = ?)):', 0)
 2 SYSTEMPATH\Database\BaseConnection.php(908): CodeIgniter\Database\MySQLi\Connection->execute('SELECT COUNT(*) AS `numrows`
FROM `messages`
WHERE ((senderId = ? AND `receiverId` = ?) OR (`senderId` = ? AND receiverId = ?)) :((senderId = ? AND `receiverId` = ?) OR (`senderId` = ? AND `receiverId` = ?)):')
 3 SYSTEMPATH\Database\BaseConnection.php(825): CodeIgniter\Database\BaseConnection->simpleQuery('SELECT COUNT(*) AS `numrows`
FROM `messages`
WHERE ((senderId = ? AND `receiverId` = ?) OR (`senderId` = ? AND receiverId = ?)) :((senderId = ? AND `receiverId` = ?) OR (`senderId` = ? AND `receiverId` = ?)):')
 4 SYSTEMPATH\Database\BaseBuilder.php(1731): CodeIgniter\Database\BaseConnection->query('SELECT COUNT(*) AS `numrows`
FROM `messages`
WHERE ((senderId = ? AND `receiverId` = ?) OR (`senderId` = ? AND receiverId = ?)) :((senderId = ? AND `receiverId` = ?) OR (`senderId` = ? AND `receiverId` = ?)):', [...], false)
 5 APPPATH\Models\MessageModel.php(87): CodeIgniter\Database\BaseBuilder->countAllResults()
 6 ROOTPATH\tmp_model_test.php(67): App\Models\MessageModel->getConversationCount('07e2387e15819080', '1f4c280d781e9380')
WARNING - 2026-08-29 20:23:47 --> [DEPRECATED] Passing lowercase HTTP method "get" is deprecated. Use uppercase HTTP method like "GET". in SYSTEMPATH\Router\RouteCollection.php on line 1026.
 1 SYSTEMPATH\Router\RouteCollection.php(1026): trigger_error('Passing lowercase HTTP method "get" is deprecated. Use uppercase HTTP method like "GET".', 16384)
 2 APPPATH\Config\Routes.php(15): CodeIgniter\Router\RouteCollection->match([...], '/Tcpdfexample/quote', 'Tcpdfexample::quote')
 3 SYSTEMPATH\Router\RouteCollection.php(339): require('D:\\xampp\\htdocs\\gbinsurance\\app\\Config\\Routes.php')
 4 SYSTEMPATH\Boot.php(137): CodeIgniter\Router\RouteCollection->loadRoutes()
 5 ROOTPATH\tmp_model_test.php(28): CodeIgniter\Boot::bootConsole(Object(Config\Paths))
WARNING - 2026-08-29 20:23:47 --> [DEPRECATED] Passing lowercase HTTP method "post" is deprecated. Use uppercase HTTP method like "POST". in SYSTEMPATH\Router\RouteCollection.php on line 1026.
 1 SYSTEMPATH\Router\RouteCollection.php(1026): trigger_error('Passing lowercase HTTP method "post" is deprecated. Use uppercase HTTP method like "POST".', 16384)
 2 APPPATH\Config\Routes.php(15): CodeIgniter\Router\RouteCollection->match([...], '/Tcpdfexample/quote', 'Tcpdfexample::quote')
 3 SYSTEMPATH\Router\RouteCollection.php(339): require('D:\\xampp\\htdocs\\gbinsurance\\app\\Config\\Routes.php')
 4 SYSTEMPATH\Boot.php(137): CodeIgniter\Router\RouteCollection->loadRoutes()
 5 ROOTPATH\tmp_model_test.php(28): CodeIgniter\Boot::bootConsole(Object(Config\Paths))
WARNING - 2026-08-29 20:24:12 --> [DEPRECATED] Passing lowercase HTTP method "get" is deprecated. Use uppercase HTTP method like "GET". in SYSTEMPATH\Router\RouteCollection.php on line 1026.
 1 SYSTEMPATH\Router\RouteCollection.php(1026): trigger_error('Passing lowercase HTTP method "get" is deprecated. Use uppercase HTTP method like "GET".', 16384)
 2 APPPATH\Config\Routes.php(15): CodeIgniter\Router\RouteCollection->match([...], '/Tcpdfexample/quote', 'Tcpdfexample::quote')
 3 SYSTEMPATH\Router\RouteCollection.php(339): require('D:\\xampp\\htdocs\\gbinsurance\\app\\Config\\Routes.php')
 4 SYSTEMPATH\Boot.php(137): CodeIgniter\Router\RouteCollection->loadRoutes()
 5 ROOTPATH\tmp_model_test.php(28): CodeIgniter\Boot::bootConsole(Object(Config\Paths))
WARNING - 2026-08-29 20:24:12 --> [DEPRECATED] Passing lowercase HTTP method "post" is deprecated. Use uppercase HTTP method like "POST". in SYSTEMPATH\Router\RouteCollection.php on line 1026.
 1 SYSTEMPATH\Router\RouteCollection.php(1026): trigger_error('Passing lowercase HTTP method "post" is deprecated. Use uppercase HTTP method like "POST".', 16384)
 2 APPPATH\Config\Routes.php(15): CodeIgniter\Router\RouteCollection->match([...], '/Tcpdfexample/quote', 'Tcpdfexample::quote')
 3 SYSTEMPATH\Router\RouteCollection.php(339): require('D:\\xampp\\htdocs\\gbinsurance\\app\\Config\\Routes.php')
 4 SYSTEMPATH\Boot.php(137): CodeIgniter\Router\RouteCollection->loadRoutes()
 5 ROOTPATH\tmp_model_test.php(28): CodeIgniter\Boot::bootConsole(Object(Config\Paths))
