WARNING - 2026-08-30 04:19:16 --> [DEPRECATED] Passing lowercase HTTP method "get" is deprecated. Use uppercase HTTP method like "GET". in SYSTEMPATH\Router\RouteCollection.php on line 1026.
 1 SYSTEMPATH\Router\RouteCollection.php(1026): trigger_error('Passing lowercase HTTP method "get" is deprecated. Use uppercase HTTP method like "GET".', 16384)
 2 APPPATH\Config\Routes.php(15): CodeIgniter\Router\RouteCollection->match([...], '/Tcpdfexample/quote', 'Tcpdfexample::quote')
 3 SYSTEMPATH\Router\RouteCollection.php(339): require('D:\\xampp\\htdocs\\gbinsurance\\app\\Config\\Routes.php')
 4 SYSTEMPATH\Boot.php(137): CodeIgniter\Router\RouteCollection->loadRoutes()
 5 ROOTPATH\tmp_model_test.php(28): CodeIgniter\Boot::bootConsole(Object(Config\Paths))
WARNING - 2026-08-30 04:19:16 --> [DEPRECATED] Passing lowercase HTTP method "post" is deprecated. Use uppercase HTTP method like "POST". in SYSTEMPATH\Router\RouteCollection.php on line 1026.
 1 SYSTEMPATH\Router\RouteCollection.php(1026): trigger_error('Passing lowercase HTTP method "post" is deprecated. Use uppercase HTTP method like "POST".', 16384)
 2 APPPATH\Config\Routes.php(15): CodeIgniter\Router\RouteCollection->match([...], '/Tcpdfexample/quote', 'Tcpdfexample::quote')
 3 SYSTEMPATH\Router\RouteCollection.php(339): require('D:\\xampp\\htdocs\\gbinsurance\\app\\Config\\Routes.php')
 4 SYSTEMPATH\Boot.php(137): CodeIgniter\Router\RouteCollection->loadRoutes()
 5 ROOTPATH\tmp_model_test.php(28): CodeIgniter\Boot::bootConsole(Object(Config\Paths))
ERROR - 2026-08-30 02:21:03 --> Table 'policies' already exists
in SYSTEMPATH\Database\MySQLi\Connection.php on line 300.
 1 SYSTEMPATH\Database\MySQLi\Connection.php(300): mysqli->query('CREATE TABLE `policies` (
	`id` INT(11) UNSIGNED NOT NULL AUTO_INCREMENT,
	`policy_number` VARCHAR(255) NOT NULL UNIQUE,
	`holder_name` VARCHAR(255) NOT NULL,
	`company_name` VARCHAR(255) NULL,
	`vehicle_number` VARCHAR(50) NOT NULL,
	`insurance_type` VARCHAR(100) NULL,
	`issue_date` DATE NULL,
	`expiry_date` DATE NULL,
	`file_path` VARCHAR(255) NULL,
	`created_at` DATETIME NULL,
	`updated_at` DATETIME NULL,
	UNIQUE KEY `id` (`id`),
	KEY `policy_number` (`policy_number`),
	KEY `expiry_date` (`expiry_date`)
) DEFAULT CHARACTER SET = utf8mb4 COLLATE = utf8mb4_general_ci', 0)
 2 SYSTEMPATH\Database\BaseConnection.php(908): CodeIgniter\Database\MySQLi\Connection->execute('CREATE TABLE `policies` (
	`id` INT(11) UNSIGNED NOT NULL AUTO_INCREMENT,
	`policy_number` VARCHAR(255) NOT NULL UNIQUE,
	`holder_name` VARCHAR(255) NOT NULL,
	`company_name` VARCHAR(255) NULL,
	`vehicle_number` VARCHAR(50) NOT NULL,
	`insurance_type` VARCHAR(100) NULL,
	`issue_date` DATE NULL,
	`expiry_date` DATE NULL,
	`file_path` VARCHAR(255) NULL,
	`created_at` DATETIME NULL,
	`updated_at` DATETIME NULL,
	UNIQUE KEY `id` (`id`),
	KEY `policy_number` (`policy_number`),
	KEY `expiry_date` (`expiry_date`)
) DEFAULT CHARACTER SET = utf8mb4 COLLATE = utf8mb4_general_ci')
 3 SYSTEMPATH\Database\BaseConnection.php(825): CodeIgniter\Database\BaseConnection->simpleQuery('CREATE TABLE `policies` (
	`id` INT(11) UNSIGNED NOT NULL AUTO_INCREMENT,
	`policy_number` VARCHAR(255) NOT NULL UNIQUE,
	`holder_name` VARCHAR(255) NOT NULL,
	`company_name` VARCHAR(255) NULL,
	`vehicle_number` VARCHAR(50) NOT NULL,
	`insurance_type` VARCHAR(100) NULL,
	`issue_date` DATE NULL,
	`expiry_date` DATE NULL,
	`file_path` VARCHAR(255) NULL,
	`created_at` DATETIME NULL,
	`updated_at` DATETIME NULL,
	UNIQUE KEY `id` (`id`),
	KEY `policy_number` (`policy_number`),
	KEY `expiry_date` (`expiry_date`)
) DEFAULT CHARACTER SET = utf8mb4 COLLATE = utf8mb4_general_ci')
 4 SYSTEMPATH\Database\Forge.php(570): CodeIgniter\Database\BaseConnection->query('CREATE TABLE `policies` (
	`id` INT(11) UNSIGNED NOT NULL AUTO_INCREMENT,
	`policy_number` VARCHAR(255) NOT NULL UNIQUE,
	`holder_name` VARCHAR(255) NOT NULL,
	`company_name` VARCHAR(255) NULL,
	`vehicle_number` VARCHAR(50) NOT NULL,
	`insurance_type` VARCHAR(100) NULL,
	`issue_date` DATE NULL,
	`expiry_date` DATE NULL,
	`file_path` VARCHAR(255) NULL,
	`created_at` DATETIME NULL,
	`updated_at` DATETIME NULL,
	UNIQUE KEY `id` (`id`),
	KEY `policy_number` (`policy_number`),
	KEY `expiry_date` (`expiry_date`)
) DEFAULT CHARACTER SET = utf8mb4 COLLATE = utf8mb4_general_ci')
 5 APPPATH\Database\Migrations\2026-06-06-000000_CreatePoliciesTable.php(67): CodeIgniter\Database\Forge->createTable('policies')
 6 SYSTEMPATH\Database\MigrationRunner.php(1014): App\Database\Migrations\CreatePoliciesTable->up()
 7 SYSTEMPATH\Database\MigrationRunner.php(202): CodeIgniter\Database\MigrationRunner->migrate('up', Object(stdClass))
 8 SYSTEMPATH\Commands\Database\Migrate.php(89): CodeIgniter\Database\MigrationRunner->latest(null)
 9 SYSTEMPATH\CLI\SignalTrait.php(245): CodeIgniter\Commands\Database\Migrate::CodeIgniter\Commands\Database\{closure}()
10 SYSTEMPATH\Commands\Database\Migrate.php(88): CodeIgniter\Commands\Database\Migrate->withSignalsBlocked(Object(Closure))
11 SYSTEMPATH\CLI\Commands.php(72): CodeIgniter\Commands\Database\Migrate->run([])
12 SYSTEMPATH\CLI\Console.php(47): CodeIgniter\CLI\Commands->run('migrate', [])
13 SYSTEMPATH\Boot.php(442): CodeIgniter\CLI\Console->run()
14 SYSTEMPATH\Boot.php(166): CodeIgniter\Boot::runCommand(Object(CodeIgniter\CLI\Console))
15 ROOTPATH\spark(87): CodeIgniter\Boot::bootSpark(Object(Config\Paths))
CRITICAL - 2026-08-30 05:35:27 --> Error: Call to undefined method App\Controllers\Chat::withUnreadCounts()
[Method: GET, Route: employee/chat]
in APPPATH\Controllers\Chat.php on line 38.
 1 SYSTEMPATH\CodeIgniter.php(974): App\Controllers\Chat->index()
 2 SYSTEMPATH\CodeIgniter.php(520): CodeIgniter\CodeIgniter->runController(Object(App\Controllers\Chat))
 3 SYSTEMPATH\CodeIgniter.php(363): CodeIgniter\CodeIgniter->handleRequest(null, Object(Config\Cache), false)
 4 SYSTEMPATH\Boot.php(417): CodeIgniter\CodeIgniter->run()
 5 SYSTEMPATH\Boot.php(68): CodeIgniter\Boot::runCodeIgniter(Object(CodeIgniter\CodeIgniter))
 6 FCPATH\index.php(59): CodeIgniter\Boot::bootWeb(Object(Config\Paths))
ERROR - 2026-08-30 05:43:36 --> Table 'policies' already exists
in SYSTEMPATH\Database\MySQLi\Connection.php on line 300.
 1 SYSTEMPATH\Database\MySQLi\Connection.php(300): mysqli->query('CREATE TABLE `policies` (
	`id` INT(11) UNSIGNED NOT NULL AUTO_INCREMENT,
	`policy_number` VARCHAR(255) NOT NULL UNIQUE,
	`holder_name` VARCHAR(255) NOT NULL,
	`company_name` VARCHAR(255) NULL,
	`vehicle_number` VARCHAR(50) NOT NULL,
	`insurance_type` VARCHAR(100) NULL,
	`issue_date` DATE NULL,
	`expiry_date` DATE NULL,
	`file_path` VARCHAR(255) NULL,
	`created_at` DATETIME NULL,
	`updated_at` DATETIME NULL,
	UNIQUE KEY `id` (`id`),
	KEY `policy_number` (`policy_number`),
	KEY `expiry_date` (`expiry_date`)
) DEFAULT CHARACTER SET = utf8mb4 COLLATE = utf8mb4_general_ci', 0)
 2 SYSTEMPATH\Database\BaseConnection.php(908): CodeIgniter\Database\MySQLi\Connection->execute('CREATE TABLE `policies` (
	`id` INT(11) UNSIGNED NOT NULL AUTO_INCREMENT,
	`policy_number` VARCHAR(255) NOT NULL UNIQUE,
	`holder_name` VARCHAR(255) NOT NULL,
	`company_name` VARCHAR(255) NULL,
	`vehicle_number` VARCHAR(50) NOT NULL,
	`insurance_type` VARCHAR(100) NULL,
	`issue_date` DATE NULL,
	`expiry_date` DATE NULL,
	`file_path` VARCHAR(255) NULL,
	`created_at` DATETIME NULL,
	`updated_at` DATETIME NULL,
	UNIQUE KEY `id` (`id`),
	KEY `policy_number` (`policy_number`),
	KEY `expiry_date` (`expiry_date`)
) DEFAULT CHARACTER SET = utf8mb4 COLLATE = utf8mb4_general_ci')
 3 SYSTEMPATH\Database\BaseConnection.php(825): CodeIgniter\Database\BaseConnection->simpleQuery('CREATE TABLE `policies` (
	`id` INT(11) UNSIGNED NOT NULL AUTO_INCREMENT,
	`policy_number` VARCHAR(255) NOT NULL UNIQUE,
	`holder_name` VARCHAR(255) NOT NULL,
	`company_name` VARCHAR(255) NULL,
	`vehicle_number` VARCHAR(50) NOT NULL,
	`insurance_type` VARCHAR(100) NULL,
	`issue_date` DATE NULL,
	`expiry_date` DATE NULL,
	`file_path` VARCHAR(255) NULL,
	`created_at` DATETIME NULL,
	`updated_at` DATETIME NULL,
	UNIQUE KEY `id` (`id`),
	KEY `policy_number` (`policy_number`),
	KEY `expiry_date` (`expiry_date`)
) DEFAULT CHARACTER SET = utf8mb4 COLLATE = utf8mb4_general_ci')
 4 SYSTEMPATH\Database\Forge.php(570): CodeIgniter\Database\BaseConnection->query('CREATE TABLE `policies` (
	`id` INT(11) UNSIGNED NOT NULL AUTO_INCREMENT,
	`policy_number` VARCHAR(255) NOT NULL UNIQUE,
	`holder_name` VARCHAR(255) NOT NULL,
	`company_name` VARCHAR(255) NULL,
	`vehicle_number` VARCHAR(50) NOT NULL,
	`insurance_type` VARCHAR(100) NULL,
	`issue_date` DATE NULL,
	`expiry_date` DATE NULL,
	`file_path` VARCHAR(255) NULL,
	`created_at` DATETIME NULL,
	`updated_at` DATETIME NULL,
	UNIQUE KEY `id` (`id`),
	KEY `policy_number` (`policy_number`),
	KEY `expiry_date` (`expiry_date`)
) DEFAULT CHARACTER SET = utf8mb4 COLLATE = utf8mb4_general_ci')
 5 APPPATH\Database\Migrations\2026-06-06-000000_CreatePoliciesTable.php(67): CodeIgniter\Database\Forge->createTable('policies')
 6 SYSTEMPATH\Database\MigrationRunner.php(1014): App\Database\Migrations\CreatePoliciesTable->up()
 7 SYSTEMPATH\Database\MigrationRunner.php(202): CodeIgniter\Database\MigrationRunner->migrate('up', Object(stdClass))
 8 SYSTEMPATH\Commands\Database\Migrate.php(89): CodeIgniter\Database\MigrationRunner->latest(null)
 9 SYSTEMPATH\CLI\SignalTrait.php(245): CodeIgniter\Commands\Database\Migrate::CodeIgniter\Commands\Database\{closure}()
10 SYSTEMPATH\Commands\Database\Migrate.php(88): CodeIgniter\Commands\Database\Migrate->withSignalsBlocked(Object(Closure))
11 SYSTEMPATH\CLI\Commands.php(72): CodeIgniter\Commands\Database\Migrate->run([])
12 SYSTEMPATH\CLI\Console.php(47): CodeIgniter\CLI\Commands->run('migrate', [])
13 SYSTEMPATH\Boot.php(442): CodeIgniter\CLI\Console->run()
14 SYSTEMPATH\Boot.php(166): CodeIgniter\Boot::runCommand(Object(CodeIgniter\CLI\Console))
15 ROOTPATH\spark(87): CodeIgniter\Boot::bootSpark(Object(Config\Paths))
ERROR - 2026-08-30 05:52:52 --> Table 'gbinsura_crm.messages' doesn't exist
in SYSTEMPATH\Database\MySQLi\Connection.php on line 300.
 1 SYSTEMPATH\Database\MySQLi\Connection.php(300): mysqli->query('UPDATE `messages` SET `isRead` = 1
WHERE `receiverId` = \'1f4c280d781e9380\'
AND `senderId` = \'207c49c0f2fc6493\'
AND `isRead` = 0', 0)
 2 SYSTEMPATH\Database\BaseConnection.php(908): CodeIgniter\Database\MySQLi\Connection->execute('UPDATE `messages` SET `isRead` = 1
WHERE `receiverId` = \'1f4c280d781e9380\'
AND `senderId` = \'207c49c0f2fc6493\'
AND `isRead` = 0')
 3 SYSTEMPATH\Database\BaseConnection.php(825): CodeIgniter\Database\BaseConnection->simpleQuery('UPDATE `messages` SET `isRead` = 1
WHERE `receiverId` = \'1f4c280d781e9380\'
AND `senderId` = \'207c49c0f2fc6493\'
AND `isRead` = 0')
 4 SYSTEMPATH\Database\BaseBuilder.php(2519): CodeIgniter\Database\BaseConnection->query('UPDATE `messages` SET `isRead` = :isRead.1:
WHERE `receiverId` = :receiverId:
AND `senderId` = :senderId:
AND `isRead` = :isRead:', [...], false)
 5 APPPATH\Models\MessageModel.php(200): CodeIgniter\Database\BaseBuilder->update([...])
 6 APPPATH\Controllers\Chat.php(218): App\Models\MessageModel->markConversationAsRead('1f4c280d781e9380', '207c49c0f2fc6493')
 7 SYSTEMPATH\CodeIgniter.php(974): App\Controllers\Chat->getMessages('207c49c0f2fc6493')
 8 SYSTEMPATH\CodeIgniter.php(520): CodeIgniter\CodeIgniter->runController(Object(App\Controllers\Chat))
 9 SYSTEMPATH\CodeIgniter.php(363): CodeIgniter\CodeIgniter->handleRequest(null, Object(Config\Cache), false)
10 SYSTEMPATH\Boot.php(417): CodeIgniter\CodeIgniter->run()
11 SYSTEMPATH\Boot.php(68): CodeIgniter\Boot::runCodeIgniter(Object(CodeIgniter\CodeIgniter))
12 FCPATH\index.php(59): CodeIgniter\Boot::bootWeb(Object(Config\Paths))
CRITICAL - 2026-08-30 05:52:52 --> CodeIgniter\Database\Exceptions\DatabaseException: Table 'gbinsura_crm.messages' doesn't exist
[Method: GET, Route: admin/chat/messages/207c49c0f2fc6493]
in SYSTEMPATH\Database\BaseConnection.php on line 863.
 1 SYSTEMPATH\Database\BaseBuilder.php(2519): CodeIgniter\Database\BaseConnection->query('UPDATE `messages` SET `isRead` = :isRead.1:
WHERE `receiverId` = :receiverId:
AND `senderId` = :senderId:
AND `isRead` = :isRead:', [...], false)
 2 APPPATH\Models\MessageModel.php(200): CodeIgniter\Database\BaseBuilder->update([...])
 3 APPPATH\Controllers\Chat.php(218): App\Models\MessageModel->markConversationAsRead('1f4c280d781e9380', '207c49c0f2fc6493')
 4 SYSTEMPATH\CodeIgniter.php(974): App\Controllers\Chat->getMessages('207c49c0f2fc6493')
 5 SYSTEMPATH\CodeIgniter.php(520): CodeIgniter\CodeIgniter->runController(Object(App\Controllers\Chat))
 6 SYSTEMPATH\CodeIgniter.php(363): CodeIgniter\CodeIgniter->handleRequest(null, Object(Config\Cache), false)
 7 SYSTEMPATH\Boot.php(417): CodeIgniter\CodeIgniter->run()
 8 SYSTEMPATH\Boot.php(68): CodeIgniter\Boot::runCodeIgniter(Object(CodeIgniter\CodeIgniter))
 9 FCPATH\index.php(59): CodeIgniter\Boot::bootWeb(Object(Config\Paths))
CRITICAL - 2026-08-30 05:52:52 --> [Caused by] CodeIgniter\Database\Exceptions\DatabaseException: Table 'gbinsura_crm.messages' doesn't exist
in SYSTEMPATH\Database\MySQLi\Connection.php on line 310.
 1 SYSTEMPATH\Database\BaseConnection.php(908): CodeIgniter\Database\MySQLi\Connection->execute('UPDATE `messages` SET `isRead` = 1
WHERE `receiverId` = \'1f4c280d781e9380\'
AND `senderId` = \'207c49c0f2fc6493\'
AND `isRead` = 0')
 2 SYSTEMPATH\Database\BaseConnection.php(825): CodeIgniter\Database\BaseConnection->simpleQuery('UPDATE `messages` SET `isRead` = 1
WHERE `receiverId` = \'1f4c280d781e9380\'
AND `senderId` = \'207c49c0f2fc6493\'
AND `isRead` = 0')
 3 SYSTEMPATH\Database\BaseBuilder.php(2519): CodeIgniter\Database\BaseConnection->query('UPDATE `messages` SET `isRead` = :isRead.1:
WHERE `receiverId` = :receiverId:
AND `senderId` = :senderId:
AND `isRead` = :isRead:', [...], false)
 4 APPPATH\Models\MessageModel.php(200): CodeIgniter\Database\BaseBuilder->update([...])
 5 APPPATH\Controllers\Chat.php(218): App\Models\MessageModel->markConversationAsRead('1f4c280d781e9380', '207c49c0f2fc6493')
 6 SYSTEMPATH\CodeIgniter.php(974): App\Controllers\Chat->getMessages('207c49c0f2fc6493')
 7 SYSTEMPATH\CodeIgniter.php(520): CodeIgniter\CodeIgniter->runController(Object(App\Controllers\Chat))
 8 SYSTEMPATH\CodeIgniter.php(363): CodeIgniter\CodeIgniter->handleRequest(null, Object(Config\Cache), false)
 9 SYSTEMPATH\Boot.php(417): CodeIgniter\CodeIgniter->run()
10 SYSTEMPATH\Boot.php(68): CodeIgniter\Boot::runCodeIgniter(Object(CodeIgniter\CodeIgniter))
11 FCPATH\index.php(59): CodeIgniter\Boot::bootWeb(Object(Config\Paths))
CRITICAL - 2026-08-30 05:52:52 --> [Caused by] mysqli_sql_exception: Table 'gbinsura_crm.messages' doesn't exist
in SYSTEMPATH\Database\MySQLi\Connection.php on line 300.
 1 SYSTEMPATH\Database\MySQLi\Connection.php(300): mysqli->query('UPDATE `messages` SET `isRead` = 1
WHERE `receiverId` = \'1f4c280d781e9380\'
AND `senderId` = \'207c49c0f2fc6493\'
AND `isRead` = 0', 0)
 2 SYSTEMPATH\Database\BaseConnection.php(908): CodeIgniter\Database\MySQLi\Connection->execute('UPDATE `messages` SET `isRead` = 1
WHERE `receiverId` = \'1f4c280d781e9380\'
AND `senderId` = \'207c49c0f2fc6493\'
AND `isRead` = 0')
 3 SYSTEMPATH\Database\BaseConnection.php(825): CodeIgniter\Database\BaseConnection->simpleQuery('UPDATE `messages` SET `isRead` = 1
WHERE `receiverId` = \'1f4c280d781e9380\'
AND `senderId` = \'207c49c0f2fc6493\'
AND `isRead` = 0')
 4 SYSTEMPATH\Database\BaseBuilder.php(2519): CodeIgniter\Database\BaseConnection->query('UPDATE `messages` SET `isRead` = :isRead.1:
WHERE `receiverId` = :receiverId:
AND `senderId` = :senderId:
AND `isRead` = :isRead:', [...], false)
 5 APPPATH\Models\MessageModel.php(200): CodeIgniter\Database\BaseBuilder->update([...])
 6 APPPATH\Controllers\Chat.php(218): App\Models\MessageModel->markConversationAsRead('1f4c280d781e9380', '207c49c0f2fc6493')
 7 SYSTEMPATH\CodeIgniter.php(974): App\Controllers\Chat->getMessages('207c49c0f2fc6493')
 8 SYSTEMPATH\CodeIgniter.php(520): CodeIgniter\CodeIgniter->runController(Object(App\Controllers\Chat))
 9 SYSTEMPATH\CodeIgniter.php(363): CodeIgniter\CodeIgniter->handleRequest(null, Object(Config\Cache), false)
10 SYSTEMPATH\Boot.php(417): CodeIgniter\CodeIgniter->run()
11 SYSTEMPATH\Boot.php(68): CodeIgniter\Boot::runCodeIgniter(Object(CodeIgniter\CodeIgniter))
12 FCPATH\index.php(59): CodeIgniter\Boot::bootWeb(Object(Config\Paths))
ERROR - 2026-08-30 05:52:55 --> Table 'gbinsura_crm.messages' doesn't exist
in SYSTEMPATH\Database\MySQLi\Connection.php on line 300.
 1 SYSTEMPATH\Database\MySQLi\Connection.php(300): mysqli->query('UPDATE `messages` SET `isRead` = 1
WHERE `receiverId` = \'1f4c280d781e9380\'
AND `senderId` = \'207c49c0f2fc6493\'
AND `isRead` = 0', 0)
 2 SYSTEMPATH\Database\BaseConnection.php(908): CodeIgniter\Database\MySQLi\Connection->execute('UPDATE `messages` SET `isRead` = 1
WHERE `receiverId` = \'1f4c280d781e9380\'
AND `senderId` = \'207c49c0f2fc6493\'
AND `isRead` = 0')
 3 SYSTEMPATH\Database\BaseConnection.php(825): CodeIgniter\Database\BaseConnection->simpleQuery('UPDATE `messages` SET `isRead` = 1
WHERE `receiverId` = \'1f4c280d781e9380\'
AND `senderId` = \'207c49c0f2fc6493\'
AND `isRead` = 0')
 4 SYSTEMPATH\Database\BaseBuilder.php(2519): CodeIgniter\Database\BaseConnection->query('UPDATE `messages` SET `isRead` = :isRead.1:
WHERE `receiverId` = :receiverId:
AND `senderId` = :senderId:
AND `isRead` = :isRead:', [...], false)
 5 APPPATH\Models\MessageModel.php(200): CodeIgniter\Database\BaseBuilder->update([...])
 6 APPPATH\Controllers\Chat.php(218): App\Models\MessageModel->markConversationAsRead('1f4c280d781e9380', '207c49c0f2fc6493')
 7 SYSTEMPATH\CodeIgniter.php(974): App\Controllers\Chat->getMessages('207c49c0f2fc6493')
 8 SYSTEMPATH\CodeIgniter.php(520): CodeIgniter\CodeIgniter->runController(Object(App\Controllers\Chat))
 9 SYSTEMPATH\CodeIgniter.php(363): CodeIgniter\CodeIgniter->handleRequest(null, Object(Config\Cache), false)
10 SYSTEMPATH\Boot.php(417): CodeIgniter\CodeIgniter->run()
11 SYSTEMPATH\Boot.php(68): CodeIgniter\Boot::runCodeIgniter(Object(CodeIgniter\CodeIgniter))
12 FCPATH\index.php(59): CodeIgniter\Boot::bootWeb(Object(Config\Paths))
CRITICAL - 2026-08-30 05:52:55 --> CodeIgniter\Database\Exceptions\DatabaseException: Table 'gbinsura_crm.messages' doesn't exist
[Method: GET, Route: admin/chat/messages/207c49c0f2fc6493]
in SYSTEMPATH\Database\BaseConnection.php on line 863.
 1 SYSTEMPATH\Database\BaseBuilder.php(2519): CodeIgniter\Database\BaseConnection->query('UPDATE `messages` SET `isRead` = :isRead.1:
WHERE `receiverId` = :receiverId:
AND `senderId` = :senderId:
AND `isRead` = :isRead:', [...], false)
 2 APPPATH\Models\MessageModel.php(200): CodeIgniter\Database\BaseBuilder->update([...])
 3 APPPATH\Controllers\Chat.php(218): App\Models\MessageModel->markConversationAsRead('1f4c280d781e9380', '207c49c0f2fc6493')
 4 SYSTEMPATH\CodeIgniter.php(974): App\Controllers\Chat->getMessages('207c49c0f2fc6493')
 5 SYSTEMPATH\CodeIgniter.php(520): CodeIgniter\CodeIgniter->runController(Object(App\Controllers\Chat))
 6 SYSTEMPATH\CodeIgniter.php(363): CodeIgniter\CodeIgniter->handleRequest(null, Object(Config\Cache), false)
 7 SYSTEMPATH\Boot.php(417): CodeIgniter\CodeIgniter->run()
 8 SYSTEMPATH\Boot.php(68): CodeIgniter\Boot::runCodeIgniter(Object(CodeIgniter\CodeIgniter))
 9 FCPATH\index.php(59): CodeIgniter\Boot::bootWeb(Object(Config\Paths))
CRITICAL - 2026-08-30 05:52:55 --> [Caused by] CodeIgniter\Database\Exceptions\DatabaseException: Table 'gbinsura_crm.messages' doesn't exist
in SYSTEMPATH\Database\MySQLi\Connection.php on line 310.
 1 SYSTEMPATH\Database\BaseConnection.php(908): CodeIgniter\Database\MySQLi\Connection->execute('UPDATE `messages` SET `isRead` = 1
WHERE `receiverId` = \'1f4c280d781e9380\'
AND `senderId` = \'207c49c0f2fc6493\'
AND `isRead` = 0')
 2 SYSTEMPATH\Database\BaseConnection.php(825): CodeIgniter\Database\BaseConnection->simpleQuery('UPDATE `messages` SET `isRead` = 1
WHERE `receiverId` = \'1f4c280d781e9380\'
AND `senderId` = \'207c49c0f2fc6493\'
AND `isRead` = 0')
 3 SYSTEMPATH\Database\BaseBuilder.php(2519): CodeIgniter\Database\BaseConnection->query('UPDATE `messages` SET `isRead` = :isRead.1:
WHERE `receiverId` = :receiverId:
AND `senderId` = :senderId:
AND `isRead` = :isRead:', [...], false)
 4 APPPATH\Models\MessageModel.php(200): CodeIgniter\Database\BaseBuilder->update([...])
 5 APPPATH\Controllers\Chat.php(218): App\Models\MessageModel->markConversationAsRead('1f4c280d781e9380', '207c49c0f2fc6493')
 6 SYSTEMPATH\CodeIgniter.php(974): App\Controllers\Chat->getMessages('207c49c0f2fc6493')
 7 SYSTEMPATH\CodeIgniter.php(520): CodeIgniter\CodeIgniter->runController(Object(App\Controllers\Chat))
 8 SYSTEMPATH\CodeIgniter.php(363): CodeIgniter\CodeIgniter->handleRequest(null, Object(Config\Cache), false)
 9 SYSTEMPATH\Boot.php(417): CodeIgniter\CodeIgniter->run()
10 SYSTEMPATH\Boot.php(68): CodeIgniter\Boot::runCodeIgniter(Object(CodeIgniter\CodeIgniter))
11 FCPATH\index.php(59): CodeIgniter\Boot::bootWeb(Object(Config\Paths))
CRITICAL - 2026-08-30 05:52:55 --> [Caused by] mysqli_sql_exception: Table 'gbinsura_crm.messages' doesn't exist
in SYSTEMPATH\Database\MySQLi\Connection.php on line 300.
 1 SYSTEMPATH\Database\MySQLi\Connection.php(300): mysqli->query('UPDATE `messages` SET `isRead` = 1
WHERE `receiverId` = \'1f4c280d781e9380\'
AND `senderId` = \'207c49c0f2fc6493\'
AND `isRead` = 0', 0)
 2 SYSTEMPATH\Database\BaseConnection.php(908): CodeIgniter\Database\MySQLi\Connection->execute('UPDATE `messages` SET `isRead` = 1
WHERE `receiverId` = \'1f4c280d781e9380\'
AND `senderId` = \'207c49c0f2fc6493\'
AND `isRead` = 0')
 3 SYSTEMPATH\Database\BaseConnection.php(825): CodeIgniter\Database\BaseConnection->simpleQuery('UPDATE `messages` SET `isRead` = 1
WHERE `receiverId` = \'1f4c280d781e9380\'
AND `senderId` = \'207c49c0f2fc6493\'
AND `isRead` = 0')
 4 SYSTEMPATH\Database\BaseBuilder.php(2519): CodeIgniter\Database\BaseConnection->query('UPDATE `messages` SET `isRead` = :isRead.1:
WHERE `receiverId` = :receiverId:
AND `senderId` = :senderId:
AND `isRead` = :isRead:', [...], false)
 5 APPPATH\Models\MessageModel.php(200): CodeIgniter\Database\BaseBuilder->update([...])
 6 APPPATH\Controllers\Chat.php(218): App\Models\MessageModel->markConversationAsRead('1f4c280d781e9380', '207c49c0f2fc6493')
 7 SYSTEMPATH\CodeIgniter.php(974): App\Controllers\Chat->getMessages('207c49c0f2fc6493')
 8 SYSTEMPATH\CodeIgniter.php(520): CodeIgniter\CodeIgniter->runController(Object(App\Controllers\Chat))
 9 SYSTEMPATH\CodeIgniter.php(363): CodeIgniter\CodeIgniter->handleRequest(null, Object(Config\Cache), false)
10 SYSTEMPATH\Boot.php(417): CodeIgniter\CodeIgniter->run()
11 SYSTEMPATH\Boot.php(68): CodeIgniter\Boot::runCodeIgniter(Object(CodeIgniter\CodeIgniter))
12 FCPATH\index.php(59): CodeIgniter\Boot::bootWeb(Object(Config\Paths))
ERROR - 2026-08-30 05:52:58 --> Table 'gbinsura_crm.messages' doesn't exist
in SYSTEMPATH\Database\MySQLi\Connection.php on line 300.
 1 SYSTEMPATH\Database\MySQLi\Connection.php(300): mysqli->query('UPDATE `messages` SET `isRead` = 1
WHERE `receiverId` = \'1f4c280d781e9380\'
AND `senderId` = \'207c49c0f2fc6493\'
AND `isRead` = 0', 0)
 2 SYSTEMPATH\Database\BaseConnection.php(908): CodeIgniter\Database\MySQLi\Connection->execute('UPDATE `messages` SET `isRead` = 1
WHERE `receiverId` = \'1f4c280d781e9380\'
AND `senderId` = \'207c49c0f2fc6493\'
AND `isRead` = 0')
 3 SYSTEMPATH\Database\BaseConnection.php(825): CodeIgniter\Database\BaseConnection->simpleQuery('UPDATE `messages` SET `isRead` = 1
WHERE `receiverId` = \'1f4c280d781e9380\'
AND `senderId` = \'207c49c0f2fc6493\'
AND `isRead` = 0')
 4 SYSTEMPATH\Database\BaseBuilder.php(2519): CodeIgniter\Database\BaseConnection->query('UPDATE `messages` SET `isRead` = :isRead.1:
WHERE `receiverId` = :receiverId:
AND `senderId` = :senderId:
AND `isRead` = :isRead:', [...], false)
 5 APPPATH\Models\MessageModel.php(200): CodeIgniter\Database\BaseBuilder->update([...])
 6 APPPATH\Controllers\Chat.php(218): App\Models\MessageModel->markConversationAsRead('1f4c280d781e9380', '207c49c0f2fc6493')
 7 SYSTEMPATH\CodeIgniter.php(974): App\Controllers\Chat->getMessages('207c49c0f2fc6493')
 8 SYSTEMPATH\CodeIgniter.php(520): CodeIgniter\CodeIgniter->runController(Object(App\Controllers\Chat))
 9 SYSTEMPATH\CodeIgniter.php(363): CodeIgniter\CodeIgniter->handleRequest(null, Object(Config\Cache), false)
10 SYSTEMPATH\Boot.php(417): CodeIgniter\CodeIgniter->run()
11 SYSTEMPATH\Boot.php(68): CodeIgniter\Boot::runCodeIgniter(Object(CodeIgniter\CodeIgniter))
12 FCPATH\index.php(59): CodeIgniter\Boot::bootWeb(Object(Config\Paths))
CRITICAL - 2026-08-30 05:52:58 --> CodeIgniter\Database\Exceptions\DatabaseException: Table 'gbinsura_crm.messages' doesn't exist
[Method: GET, Route: admin/chat/messages/207c49c0f2fc6493]
in SYSTEMPATH\Database\BaseConnection.php on line 863.
 1 SYSTEMPATH\Database\BaseBuilder.php(2519): CodeIgniter\Database\BaseConnection->query('UPDATE `messages` SET `isRead` = :isRead.1:
WHERE `receiverId` = :receiverId:
AND `senderId` = :senderId:
AND `isRead` = :isRead:', [...], false)
 2 APPPATH\Models\MessageModel.php(200): CodeIgniter\Database\BaseBuilder->update([...])
 3 APPPATH\Controllers\Chat.php(218): App\Models\MessageModel->markConversationAsRead('1f4c280d781e9380', '207c49c0f2fc6493')
 4 SYSTEMPATH\CodeIgniter.php(974): App\Controllers\Chat->getMessages('207c49c0f2fc6493')
 5 SYSTEMPATH\CodeIgniter.php(520): CodeIgniter\CodeIgniter->runController(Object(App\Controllers\Chat))
 6 SYSTEMPATH\CodeIgniter.php(363): CodeIgniter\CodeIgniter->handleRequest(null, Object(Config\Cache), false)
 7 SYSTEMPATH\Boot.php(417): CodeIgniter\CodeIgniter->run()
 8 SYSTEMPATH\Boot.php(68): CodeIgniter\Boot::runCodeIgniter(Object(CodeIgniter\CodeIgniter))
 9 FCPATH\index.php(59): CodeIgniter\Boot::bootWeb(Object(Config\Paths))
CRITICAL - 2026-08-30 05:52:58 --> [Caused by] CodeIgniter\Database\Exceptions\DatabaseException: Table 'gbinsura_crm.messages' doesn't exist
in SYSTEMPATH\Database\MySQLi\Connection.php on line 310.
 1 SYSTEMPATH\Database\BaseConnection.php(908): CodeIgniter\Database\MySQLi\Connection->execute('UPDATE `messages` SET `isRead` = 1
WHERE `receiverId` = \'1f4c280d781e9380\'
AND `senderId` = \'207c49c0f2fc6493\'
AND `isRead` = 0')
 2 SYSTEMPATH\Database\BaseConnection.php(825): CodeIgniter\Database\BaseConnection->simpleQuery('UPDATE `messages` SET `isRead` = 1
WHERE `receiverId` = \'1f4c280d781e9380\'
AND `senderId` = \'207c49c0f2fc6493\'
AND `isRead` = 0')
 3 SYSTEMPATH\Database\BaseBuilder.php(2519): CodeIgniter\Database\BaseConnection->query('UPDATE `messages` SET `isRead` = :isRead.1:
WHERE `receiverId` = :receiverId:
AND `senderId` = :senderId:
AND `isRead` = :isRead:', [...], false)
 4 APPPATH\Models\MessageModel.php(200): CodeIgniter\Database\BaseBuilder->update([...])
 5 APPPATH\Controllers\Chat.php(218): App\Models\MessageModel->markConversationAsRead('1f4c280d781e9380', '207c49c0f2fc6493')
 6 SYSTEMPATH\CodeIgniter.php(974): App\Controllers\Chat->getMessages('207c49c0f2fc6493')
 7 SYSTEMPATH\CodeIgniter.php(520): CodeIgniter\CodeIgniter->runController(Object(App\Controllers\Chat))
 8 SYSTEMPATH\CodeIgniter.php(363): CodeIgniter\CodeIgniter->handleRequest(null, Object(Config\Cache), false)
 9 SYSTEMPATH\Boot.php(417): CodeIgniter\CodeIgniter->run()
10 SYSTEMPATH\Boot.php(68): CodeIgniter\Boot::runCodeIgniter(Object(CodeIgniter\CodeIgniter))
11 FCPATH\index.php(59): CodeIgniter\Boot::bootWeb(Object(Config\Paths))
CRITICAL - 2026-08-30 05:52:58 --> [Caused by] mysqli_sql_exception: Table 'gbinsura_crm.messages' doesn't exist
in SYSTEMPATH\Database\MySQLi\Connection.php on line 300.
 1 SYSTEMPATH\Database\MySQLi\Connection.php(300): mysqli->query('UPDATE `messages` SET `isRead` = 1
WHERE `receiverId` = \'1f4c280d781e9380\'
AND `senderId` = \'207c49c0f2fc6493\'
AND `isRead` = 0', 0)
 2 SYSTEMPATH\Database\BaseConnection.php(908): CodeIgniter\Database\MySQLi\Connection->execute('UPDATE `messages` SET `isRead` = 1
WHERE `receiverId` = \'1f4c280d781e9380\'
AND `senderId` = \'207c49c0f2fc6493\'
AND `isRead` = 0')
 3 SYSTEMPATH\Database\BaseConnection.php(825): CodeIgniter\Database\BaseConnection->simpleQuery('UPDATE `messages` SET `isRead` = 1
WHERE `receiverId` = \'1f4c280d781e9380\'
AND `senderId` = \'207c49c0f2fc6493\'
AND `isRead` = 0')
 4 SYSTEMPATH\Database\BaseBuilder.php(2519): CodeIgniter\Database\BaseConnection->query('UPDATE `messages` SET `isRead` = :isRead.1:
WHERE `receiverId` = :receiverId:
AND `senderId` = :senderId:
AND `isRead` = :isRead:', [...], false)
 5 APPPATH\Models\MessageModel.php(200): CodeIgniter\Database\BaseBuilder->update([...])
 6 APPPATH\Controllers\Chat.php(218): App\Models\MessageModel->markConversationAsRead('1f4c280d781e9380', '207c49c0f2fc6493')
 7 SYSTEMPATH\CodeIgniter.php(974): App\Controllers\Chat->getMessages('207c49c0f2fc6493')
 8 SYSTEMPATH\CodeIgniter.php(520): CodeIgniter\CodeIgniter->runController(Object(App\Controllers\Chat))
 9 SYSTEMPATH\CodeIgniter.php(363): CodeIgniter\CodeIgniter->handleRequest(null, Object(Config\Cache), false)
10 SYSTEMPATH\Boot.php(417): CodeIgniter\CodeIgniter->run()
11 SYSTEMPATH\Boot.php(68): CodeIgniter\Boot::runCodeIgniter(Object(CodeIgniter\CodeIgniter))
12 FCPATH\index.php(59): CodeIgniter\Boot::bootWeb(Object(Config\Paths))
ERROR - 2026-08-30 05:53:01 --> Table 'gbinsura_crm.messages' doesn't exist
in SYSTEMPATH\Database\MySQLi\Connection.php on line 300.
 1 SYSTEMPATH\Database\MySQLi\Connection.php(300): mysqli->query('SELECT COUNT(*) AS `numrows`
FROM `messages`
WHERE `receiverId` = \'1f4c280d781e9380\'
AND `isRead` = 0', 0)
 2 SYSTEMPATH\Database\BaseConnection.php(908): CodeIgniter\Database\MySQLi\Connection->execute('SELECT COUNT(*) AS `numrows`
FROM `messages`
WHERE `receiverId` = \'1f4c280d781e9380\'
AND `isRead` = 0')
 3 SYSTEMPATH\Database\BaseConnection.php(825): CodeIgniter\Database\BaseConnection->simpleQuery('SELECT COUNT(*) AS `numrows`
FROM `messages`
WHERE `receiverId` = \'1f4c280d781e9380\'
AND `isRead` = 0')
 4 SYSTEMPATH\Database\BaseBuilder.php(1731): CodeIgniter\Database\BaseConnection->query('SELECT COUNT(*) AS `numrows`
FROM `messages`
WHERE `receiverId` = :receiverId:
AND `isRead` = :isRead:', [...], false)
 5 APPPATH\Models\MessageModel.php(163): CodeIgniter\Database\BaseBuilder->countAllResults()
 6 APPPATH\Controllers\Chat.php(69): App\Models\MessageModel->getUnreadCount('1f4c280d781e9380')
 7 SYSTEMPATH\CodeIgniter.php(974): App\Controllers\Chat->unreadCount()
 8 SYSTEMPATH\CodeIgniter.php(520): CodeIgniter\CodeIgniter->runController(Object(App\Controllers\Chat))
 9 SYSTEMPATH\CodeIgniter.php(363): CodeIgniter\CodeIgniter->handleRequest(null, Object(Config\Cache), false)
10 SYSTEMPATH\Boot.php(417): CodeIgniter\CodeIgniter->run()
11 SYSTEMPATH\Boot.php(68): CodeIgniter\Boot::runCodeIgniter(Object(CodeIgniter\CodeIgniter))
12 FCPATH\index.php(59): CodeIgniter\Boot::bootWeb(Object(Config\Paths))
CRITICAL - 2026-08-30 05:53:01 --> CodeIgniter\Database\Exceptions\DatabaseException: Table 'gbinsura_crm.messages' doesn't exist
[Method: GET, Route: admin/chat/unread-count]
in SYSTEMPATH\Database\BaseConnection.php on line 863.
 1 SYSTEMPATH\Database\BaseBuilder.php(1731): CodeIgniter\Database\BaseConnection->query('SELECT COUNT(*) AS `numrows`
FROM `messages`
WHERE `receiverId` = :receiverId:
AND `isRead` = :isRead:', [...], false)
 2 APPPATH\Models\MessageModel.php(163): CodeIgniter\Database\BaseBuilder->countAllResults()
 3 APPPATH\Controllers\Chat.php(69): App\Models\MessageModel->getUnreadCount('1f4c280d781e9380')
 4 SYSTEMPATH\CodeIgniter.php(974): App\Controllers\Chat->unreadCount()
 5 SYSTEMPATH\CodeIgniter.php(520): CodeIgniter\CodeIgniter->runController(Object(App\Controllers\Chat))
 6 SYSTEMPATH\CodeIgniter.php(363): CodeIgniter\CodeIgniter->handleRequest(null, Object(Config\Cache), false)
 7 SYSTEMPATH\Boot.php(417): CodeIgniter\CodeIgniter->run()
 8 SYSTEMPATH\Boot.php(68): CodeIgniter\Boot::runCodeIgniter(Object(CodeIgniter\CodeIgniter))
 9 FCPATH\index.php(59): CodeIgniter\Boot::bootWeb(Object(Config\Paths))
CRITICAL - 2026-08-30 05:53:01 --> [Caused by] CodeIgniter\Database\Exceptions\DatabaseException: Table 'gbinsura_crm.messages' doesn't exist
in SYSTEMPATH\Database\MySQLi\Connection.php on line 310.
 1 SYSTEMPATH\Database\BaseConnection.php(908): CodeIgniter\Database\MySQLi\Connection->execute('SELECT COUNT(*) AS `numrows`
FROM `messages`
WHERE `receiverId` = \'1f4c280d781e9380\'
AND `isRead` = 0')
 2 SYSTEMPATH\Database\BaseConnection.php(825): CodeIgniter\Database\BaseConnection->simpleQuery('SELECT COUNT(*) AS `numrows`
FROM `messages`
WHERE `receiverId` = \'1f4c280d781e9380\'
AND `isRead` = 0')
 3 SYSTEMPATH\Database\BaseBuilder.php(1731): CodeIgniter\Database\BaseConnection->query('SELECT COUNT(*) AS `numrows`
FROM `messages`
WHERE `receiverId` = :receiverId:
AND `isRead` = :isRead:', [...], false)
 4 APPPATH\Models\MessageModel.php(163): CodeIgniter\Database\BaseBuilder->countAllResults()
 5 APPPATH\Controllers\Chat.php(69): App\Models\MessageModel->getUnreadCount('1f4c280d781e9380')
 6 SYSTEMPATH\CodeIgniter.php(974): App\Controllers\Chat->unreadCount()
 7 SYSTEMPATH\CodeIgniter.php(520): CodeIgniter\CodeIgniter->runController(Object(App\Controllers\Chat))
 8 SYSTEMPATH\CodeIgniter.php(363): CodeIgniter\CodeIgniter->handleRequest(null, Object(Config\Cache), false)
 9 SYSTEMPATH\Boot.php(417): CodeIgniter\CodeIgniter->run()
10 SYSTEMPATH\Boot.php(68): CodeIgniter\Boot::runCodeIgniter(Object(CodeIgniter\CodeIgniter))
11 FCPATH\index.php(59): CodeIgniter\Boot::bootWeb(Object(Config\Paths))
CRITICAL - 2026-08-30 05:53:01 --> [Caused by] mysqli_sql_exception: Table 'gbinsura_crm.messages' doesn't exist
in SYSTEMPATH\Database\MySQLi\Connection.php on line 300.
 1 SYSTEMPATH\Database\MySQLi\Connection.php(300): mysqli->query('SELECT COUNT(*) AS `numrows`
FROM `messages`
WHERE `receiverId` = \'1f4c280d781e9380\'
AND `isRead` = 0', 0)
 2 SYSTEMPATH\Database\BaseConnection.php(908): CodeIgniter\Database\MySQLi\Connection->execute('SELECT COUNT(*) AS `numrows`
FROM `messages`
WHERE `receiverId` = \'1f4c280d781e9380\'
AND `isRead` = 0')
 3 SYSTEMPATH\Database\BaseConnection.php(825): CodeIgniter\Database\BaseConnection->simpleQuery('SELECT COUNT(*) AS `numrows`
FROM `messages`
WHERE `receiverId` = \'1f4c280d781e9380\'
AND `isRead` = 0')
 4 SYSTEMPATH\Database\BaseBuilder.php(1731): CodeIgniter\Database\BaseConnection->query('SELECT COUNT(*) AS `numrows`
FROM `messages`
WHERE `receiverId` = :receiverId:
AND `isRead` = :isRead:', [...], false)
 5 APPPATH\Models\MessageModel.php(163): CodeIgniter\Database\BaseBuilder->countAllResults()
 6 APPPATH\Controllers\Chat.php(69): App\Models\MessageModel->getUnreadCount('1f4c280d781e9380')
 7 SYSTEMPATH\CodeIgniter.php(974): App\Controllers\Chat->unreadCount()
 8 SYSTEMPATH\CodeIgniter.php(520): CodeIgniter\CodeIgniter->runController(Object(App\Controllers\Chat))
 9 SYSTEMPATH\CodeIgniter.php(363): CodeIgniter\CodeIgniter->handleRequest(null, Object(Config\Cache), false)
10 SYSTEMPATH\Boot.php(417): CodeIgniter\CodeIgniter->run()
11 SYSTEMPATH\Boot.php(68): CodeIgniter\Boot::runCodeIgniter(Object(CodeIgniter\CodeIgniter))
12 FCPATH\index.php(59): CodeIgniter\Boot::bootWeb(Object(Config\Paths))
ERROR - 2026-08-30 05:53:01 --> Table 'gbinsura_crm.messages' doesn't exist
in SYSTEMPATH\Database\MySQLi\Connection.php on line 300.
 1 SYSTEMPATH\Database\MySQLi\Connection.php(300): mysqli->query('UPDATE `messages` SET `isRead` = 1
WHERE `receiverId` = \'1f4c280d781e9380\'
AND `senderId` = \'207c49c0f2fc6493\'
AND `isRead` = 0', 0)
 2 SYSTEMPATH\Database\BaseConnection.php(908): CodeIgniter\Database\MySQLi\Connection->execute('UPDATE `messages` SET `isRead` = 1
WHERE `receiverId` = \'1f4c280d781e9380\'
AND `senderId` = \'207c49c0f2fc6493\'
AND `isRead` = 0')
 3 SYSTEMPATH\Database\BaseConnection.php(825): CodeIgniter\Database\BaseConnection->simpleQuery('UPDATE `messages` SET `isRead` = 1
WHERE `receiverId` = \'1f4c280d781e9380\'
AND `senderId` = \'207c49c0f2fc6493\'
AND `isRead` = 0')
 4 SYSTEMPATH\Database\BaseBuilder.php(2519): CodeIgniter\Database\BaseConnection->query('UPDATE `messages` SET `isRead` = :isRead.1:
WHERE `receiverId` = :receiverId:
AND `senderId` = :senderId:
AND `isRead` = :isRead:', [...], false)
 5 APPPATH\Models\MessageModel.php(200): CodeIgniter\Database\BaseBuilder->update([...])
 6 APPPATH\Controllers\Chat.php(218): App\Models\MessageModel->markConversationAsRead('1f4c280d781e9380', '207c49c0f2fc6493')
 7 SYSTEMPATH\CodeIgniter.php(974): App\Controllers\Chat->getMessages('207c49c0f2fc6493')
 8 SYSTEMPATH\CodeIgniter.php(520): CodeIgniter\CodeIgniter->runController(Object(App\Controllers\Chat))
 9 SYSTEMPATH\CodeIgniter.php(363): CodeIgniter\CodeIgniter->handleRequest(null, Object(Config\Cache), false)
10 SYSTEMPATH\Boot.php(417): CodeIgniter\CodeIgniter->run()
11 SYSTEMPATH\Boot.php(68): CodeIgniter\Boot::runCodeIgniter(Object(CodeIgniter\CodeIgniter))
12 FCPATH\index.php(59): CodeIgniter\Boot::bootWeb(Object(Config\Paths))
CRITICAL - 2026-08-30 05:53:01 --> CodeIgniter\Database\Exceptions\DatabaseException: Table 'gbinsura_crm.messages' doesn't exist
[Method: GET, Route: admin/chat/messages/207c49c0f2fc6493]
in SYSTEMPATH\Database\BaseConnection.php on line 863.
 1 SYSTEMPATH\Database\BaseBuilder.php(2519): CodeIgniter\Database\BaseConnection->query('UPDATE `messages` SET `isRead` = :isRead.1:
WHERE `receiverId` = :receiverId:
AND `senderId` = :senderId:
AND `isRead` = :isRead:', [...], false)
 2 APPPATH\Models\MessageModel.php(200): CodeIgniter\Database\BaseBuilder->update([...])
 3 APPPATH\Controllers\Chat.php(218): App\Models\MessageModel->markConversationAsRead('1f4c280d781e9380', '207c49c0f2fc6493')
 4 SYSTEMPATH\CodeIgniter.php(974): App\Controllers\Chat->getMessages('207c49c0f2fc6493')
 5 SYSTEMPATH\CodeIgniter.php(520): CodeIgniter\CodeIgniter->runController(Object(App\Controllers\Chat))
 6 SYSTEMPATH\CodeIgniter.php(363): CodeIgniter\CodeIgniter->handleRequest(null, Object(Config\Cache), false)
 7 SYSTEMPATH\Boot.php(417): CodeIgniter\CodeIgniter->run()
 8 SYSTEMPATH\Boot.php(68): CodeIgniter\Boot::runCodeIgniter(Object(CodeIgniter\CodeIgniter))
 9 FCPATH\index.php(59): CodeIgniter\Boot::bootWeb(Object(Config\Paths))
CRITICAL - 2026-08-30 05:53:01 --> [Caused by] CodeIgniter\Database\Exceptions\DatabaseException: Table 'gbinsura_crm.messages' doesn't exist
in SYSTEMPATH\Database\MySQLi\Connection.php on line 310.
 1 SYSTEMPATH\Database\BaseConnection.php(908): CodeIgniter\Database\MySQLi\Connection->execute('UPDATE `messages` SET `isRead` = 1
WHERE `receiverId` = \'1f4c280d781e9380\'
AND `senderId` = \'207c49c0f2fc6493\'
AND `isRead` = 0')
 2 SYSTEMPATH\Database\BaseConnection.php(825): CodeIgniter\Database\BaseConnection->simpleQuery('UPDATE `messages` SET `isRead` = 1
WHERE `receiverId` = \'1f4c280d781e9380\'
AND `senderId` = \'207c49c0f2fc6493\'
AND `isRead` = 0')
 3 SYSTEMPATH\Database\BaseBuilder.php(2519): CodeIgniter\Database\BaseConnection->query('UPDATE `messages` SET `isRead` = :isRead.1:
WHERE `receiverId` = :receiverId:
AND `senderId` = :senderId:
AND `isRead` = :isRead:', [...], false)
 4 APPPATH\Models\MessageModel.php(200): CodeIgniter\Database\BaseBuilder->update([...])
 5 APPPATH\Controllers\Chat.php(218): App\Models\MessageModel->markConversationAsRead('1f4c280d781e9380', '207c49c0f2fc6493')
 6 SYSTEMPATH\CodeIgniter.php(974): App\Controllers\Chat->getMessages('207c49c0f2fc6493')
 7 SYSTEMPATH\CodeIgniter.php(520): CodeIgniter\CodeIgniter->runController(Object(App\Controllers\Chat))
 8 SYSTEMPATH\CodeIgniter.php(363): CodeIgniter\CodeIgniter->handleRequest(null, Object(Config\Cache), false)
 9 SYSTEMPATH\Boot.php(417): CodeIgniter\CodeIgniter->run()
10 SYSTEMPATH\Boot.php(68): CodeIgniter\Boot::runCodeIgniter(Object(CodeIgniter\CodeIgniter))
11 FCPATH\index.php(59): CodeIgniter\Boot::bootWeb(Object(Config\Paths))
CRITICAL - 2026-08-30 05:53:01 --> [Caused by] mysqli_sql_exception: Table 'gbinsura_crm.messages' doesn't exist
in SYSTEMPATH\Database\MySQLi\Connection.php on line 300.
 1 SYSTEMPATH\Database\MySQLi\Connection.php(300): mysqli->query('UPDATE `messages` SET `isRead` = 1
WHERE `receiverId` = \'1f4c280d781e9380\'
AND `senderId` = \'207c49c0f2fc6493\'
AND `isRead` = 0', 0)
 2 SYSTEMPATH\Database\BaseConnection.php(908): CodeIgniter\Database\MySQLi\Connection->execute('UPDATE `messages` SET `isRead` = 1
WHERE `receiverId` = \'1f4c280d781e9380\'
AND `senderId` = \'207c49c0f2fc6493\'
AND `isRead` = 0')
 3 SYSTEMPATH\Database\BaseConnection.php(825): CodeIgniter\Database\BaseConnection->simpleQuery('UPDATE `messages` SET `isRead` = 1
WHERE `receiverId` = \'1f4c280d781e9380\'
AND `senderId` = \'207c49c0f2fc6493\'
AND `isRead` = 0')
 4 SYSTEMPATH\Database\BaseBuilder.php(2519): CodeIgniter\Database\BaseConnection->query('UPDATE `messages` SET `isRead` = :isRead.1:
WHERE `receiverId` = :receiverId:
AND `senderId` = :senderId:
AND `isRead` = :isRead:', [...], false)
 5 APPPATH\Models\MessageModel.php(200): CodeIgniter\Database\BaseBuilder->update([...])
 6 APPPATH\Controllers\Chat.php(218): App\Models\MessageModel->markConversationAsRead('1f4c280d781e9380', '207c49c0f2fc6493')
 7 SYSTEMPATH\CodeIgniter.php(974): App\Controllers\Chat->getMessages('207c49c0f2fc6493')
 8 SYSTEMPATH\CodeIgniter.php(520): CodeIgniter\CodeIgniter->runController(Object(App\Controllers\Chat))
 9 SYSTEMPATH\CodeIgniter.php(363): CodeIgniter\CodeIgniter->handleRequest(null, Object(Config\Cache), false)
10 SYSTEMPATH\Boot.php(417): CodeIgniter\CodeIgniter->run()
11 SYSTEMPATH\Boot.php(68): CodeIgniter\Boot::runCodeIgniter(Object(CodeIgniter\CodeIgniter))
12 FCPATH\index.php(59): CodeIgniter\Boot::bootWeb(Object(Config\Paths))
ERROR - 2026-08-30 05:53:04 --> Table 'gbinsura_crm.messages' doesn't exist
in SYSTEMPATH\Database\MySQLi\Connection.php on line 300.
 1 SYSTEMPATH\Database\MySQLi\Connection.php(300): mysqli->query('UPDATE `messages` SET `isRead` = 1
WHERE `receiverId` = \'1f4c280d781e9380\'
AND `senderId` = \'207c49c0f2fc6493\'
AND `isRead` = 0', 0)
 2 SYSTEMPATH\Database\BaseConnection.php(908): CodeIgniter\Database\MySQLi\Connection->execute('UPDATE `messages` SET `isRead` = 1
WHERE `receiverId` = \'1f4c280d781e9380\'
AND `senderId` = \'207c49c0f2fc6493\'
AND `isRead` = 0')
 3 SYSTEMPATH\Database\BaseConnection.php(825): CodeIgniter\Database\BaseConnection->simpleQuery('UPDATE `messages` SET `isRead` = 1
WHERE `receiverId` = \'1f4c280d781e9380\'
AND `senderId` = \'207c49c0f2fc6493\'
AND `isRead` = 0')
 4 SYSTEMPATH\Database\BaseBuilder.php(2519): CodeIgniter\Database\BaseConnection->query('UPDATE `messages` SET `isRead` = :isRead.1:
WHERE `receiverId` = :receiverId:
AND `senderId` = :senderId:
AND `isRead` = :isRead:', [...], false)
 5 APPPATH\Models\MessageModel.php(200): CodeIgniter\Database\BaseBuilder->update([...])
 6 APPPATH\Controllers\Chat.php(218): App\Models\MessageModel->markConversationAsRead('1f4c280d781e9380', '207c49c0f2fc6493')
 7 SYSTEMPATH\CodeIgniter.php(974): App\Controllers\Chat->getMessages('207c49c0f2fc6493')
 8 SYSTEMPATH\CodeIgniter.php(520): CodeIgniter\CodeIgniter->runController(Object(App\Controllers\Chat))
 9 SYSTEMPATH\CodeIgniter.php(363): CodeIgniter\CodeIgniter->handleRequest(null, Object(Config\Cache), false)
10 SYSTEMPATH\Boot.php(417): CodeIgniter\CodeIgniter->run()
11 SYSTEMPATH\Boot.php(68): CodeIgniter\Boot::runCodeIgniter(Object(CodeIgniter\CodeIgniter))
12 FCPATH\index.php(59): CodeIgniter\Boot::bootWeb(Object(Config\Paths))
CRITICAL - 2026-08-30 05:53:04 --> CodeIgniter\Database\Exceptions\DatabaseException: Table 'gbinsura_crm.messages' doesn't exist
[Method: GET, Route: admin/chat/messages/207c49c0f2fc6493]
in SYSTEMPATH\Database\BaseConnection.php on line 863.
 1 SYSTEMPATH\Database\BaseBuilder.php(2519): CodeIgniter\Database\BaseConnection->query('UPDATE `messages` SET `isRead` = :isRead.1:
WHERE `receiverId` = :receiverId:
AND `senderId` = :senderId:
AND `isRead` = :isRead:', [...], false)
 2 APPPATH\Models\MessageModel.php(200): CodeIgniter\Database\BaseBuilder->update([...])
 3 APPPATH\Controllers\Chat.php(218): App\Models\MessageModel->markConversationAsRead('1f4c280d781e9380', '207c49c0f2fc6493')
 4 SYSTEMPATH\CodeIgniter.php(974): App\Controllers\Chat->getMessages('207c49c0f2fc6493')
 5 SYSTEMPATH\CodeIgniter.php(520): CodeIgniter\CodeIgniter->runController(Object(App\Controllers\Chat))
 6 SYSTEMPATH\CodeIgniter.php(363): CodeIgniter\CodeIgniter->handleRequest(null, Object(Config\Cache), false)
 7 SYSTEMPATH\Boot.php(417): CodeIgniter\CodeIgniter->run()
 8 SYSTEMPATH\Boot.php(68): CodeIgniter\Boot::runCodeIgniter(Object(CodeIgniter\CodeIgniter))
 9 FCPATH\index.php(59): CodeIgniter\Boot::bootWeb(Object(Config\Paths))
CRITICAL - 2026-08-30 05:53:04 --> [Caused by] CodeIgniter\Database\Exceptions\DatabaseException: Table 'gbinsura_crm.messages' doesn't exist
in SYSTEMPATH\Database\MySQLi\Connection.php on line 310.
 1 SYSTEMPATH\Database\BaseConnection.php(908): CodeIgniter\Database\MySQLi\Connection->execute('UPDATE `messages` SET `isRead` = 1
WHERE `receiverId` = \'1f4c280d781e9380\'
AND `senderId` = \'207c49c0f2fc6493\'
AND `isRead` = 0')
 2 SYSTEMPATH\Database\BaseConnection.php(825): CodeIgniter\Database\BaseConnection->simpleQuery('UPDATE `messages` SET `isRead` = 1
WHERE `receiverId` = \'1f4c280d781e9380\'
AND `senderId` = \'207c49c0f2fc6493\'
AND `isRead` = 0')
 3 SYSTEMPATH\Database\BaseBuilder.php(2519): CodeIgniter\Database\BaseConnection->query('UPDATE `messages` SET `isRead` = :isRead.1:
WHERE `receiverId` = :receiverId:
AND `senderId` = :senderId:
AND `isRead` = :isRead:', [...], false)
 4 APPPATH\Models\MessageModel.php(200): CodeIgniter\Database\BaseBuilder->update([...])
 5 APPPATH\Controllers\Chat.php(218): App\Models\MessageModel->markConversationAsRead('1f4c280d781e9380', '207c49c0f2fc6493')
 6 SYSTEMPATH\CodeIgniter.php(974): App\Controllers\Chat->getMessages('207c49c0f2fc6493')
 7 SYSTEMPATH\CodeIgniter.php(520): CodeIgniter\CodeIgniter->runController(Object(App\Controllers\Chat))
 8 SYSTEMPATH\CodeIgniter.php(363): CodeIgniter\CodeIgniter->handleRequest(null, Object(Config\Cache), false)
 9 SYSTEMPATH\Boot.php(417): CodeIgniter\CodeIgniter->run()
10 SYSTEMPATH\Boot.php(68): CodeIgniter\Boot::runCodeIgniter(Object(CodeIgniter\CodeIgniter))
11 FCPATH\index.php(59): CodeIgniter\Boot::bootWeb(Object(Config\Paths))
CRITICAL - 2026-08-30 05:53:04 --> [Caused by] mysqli_sql_exception: Table 'gbinsura_crm.messages' doesn't exist
in SYSTEMPATH\Database\MySQLi\Connection.php on line 300.
 1 SYSTEMPATH\Database\MySQLi\Connection.php(300): mysqli->query('UPDATE `messages` SET `isRead` = 1
WHERE `receiverId` = \'1f4c280d781e9380\'
AND `senderId` = \'207c49c0f2fc6493\'
AND `isRead` = 0', 0)
 2 SYSTEMPATH\Database\BaseConnection.php(908): CodeIgniter\Database\MySQLi\Connection->execute('UPDATE `messages` SET `isRead` = 1
WHERE `receiverId` = \'1f4c280d781e9380\'
AND `senderId` = \'207c49c0f2fc6493\'
AND `isRead` = 0')
 3 SYSTEMPATH\Database\BaseConnection.php(825): CodeIgniter\Database\BaseConnection->simpleQuery('UPDATE `messages` SET `isRead` = 1
WHERE `receiverId` = \'1f4c280d781e9380\'
AND `senderId` = \'207c49c0f2fc6493\'
AND `isRead` = 0')
 4 SYSTEMPATH\Database\BaseBuilder.php(2519): CodeIgniter\Database\BaseConnection->query('UPDATE `messages` SET `isRead` = :isRead.1:
WHERE `receiverId` = :receiverId:
AND `senderId` = :senderId:
AND `isRead` = :isRead:', [...], false)
 5 APPPATH\Models\MessageModel.php(200): CodeIgniter\Database\BaseBuilder->update([...])
 6 APPPATH\Controllers\Chat.php(218): App\Models\MessageModel->markConversationAsRead('1f4c280d781e9380', '207c49c0f2fc6493')
 7 SYSTEMPATH\CodeIgniter.php(974): App\Controllers\Chat->getMessages('207c49c0f2fc6493')
 8 SYSTEMPATH\CodeIgniter.php(520): CodeIgniter\CodeIgniter->runController(Object(App\Controllers\Chat))
 9 SYSTEMPATH\CodeIgniter.php(363): CodeIgniter\CodeIgniter->handleRequest(null, Object(Config\Cache), false)
10 SYSTEMPATH\Boot.php(417): CodeIgniter\CodeIgniter->run()
11 SYSTEMPATH\Boot.php(68): CodeIgniter\Boot::runCodeIgniter(Object(CodeIgniter\CodeIgniter))
12 FCPATH\index.php(59): CodeIgniter\Boot::bootWeb(Object(Config\Paths))
ERROR - 2026-08-30 05:53:07 --> Table 'gbinsura_crm.messages' doesn't exist
in SYSTEMPATH\Database\MySQLi\Connection.php on line 300.
 1 SYSTEMPATH\Database\MySQLi\Connection.php(300): mysqli->query('UPDATE `messages` SET `isRead` = 1
WHERE `receiverId` = \'1f4c280d781e9380\'
AND `senderId` = \'207c49c0f2fc6493\'
AND `isRead` = 0', 0)
 2 SYSTEMPATH\Database\BaseConnection.php(908): CodeIgniter\Database\MySQLi\Connection->execute('UPDATE `messages` SET `isRead` = 1
WHERE `receiverId` = \'1f4c280d781e9380\'
AND `senderId` = \'207c49c0f2fc6493\'
AND `isRead` = 0')
 3 SYSTEMPATH\Database\BaseConnection.php(825): CodeIgniter\Database\BaseConnection->simpleQuery('UPDATE `messages` SET `isRead` = 1
WHERE `receiverId` = \'1f4c280d781e9380\'
AND `senderId` = \'207c49c0f2fc6493\'
AND `isRead` = 0')
 4 SYSTEMPATH\Database\BaseBuilder.php(2519): CodeIgniter\Database\BaseConnection->query('UPDATE `messages` SET `isRead` = :isRead.1:
WHERE `receiverId` = :receiverId:
AND `senderId` = :senderId:
AND `isRead` = :isRead:', [...], false)
 5 APPPATH\Models\MessageModel.php(200): CodeIgniter\Database\BaseBuilder->update([...])
 6 APPPATH\Controllers\Chat.php(218): App\Models\MessageModel->markConversationAsRead('1f4c280d781e9380', '207c49c0f2fc6493')
 7 SYSTEMPATH\CodeIgniter.php(974): App\Controllers\Chat->getMessages('207c49c0f2fc6493')
 8 SYSTEMPATH\CodeIgniter.php(520): CodeIgniter\CodeIgniter->runController(Object(App\Controllers\Chat))
 9 SYSTEMPATH\CodeIgniter.php(363): CodeIgniter\CodeIgniter->handleRequest(null, Object(Config\Cache), false)
10 SYSTEMPATH\Boot.php(417): CodeIgniter\CodeIgniter->run()
11 SYSTEMPATH\Boot.php(68): CodeIgniter\Boot::runCodeIgniter(Object(CodeIgniter\CodeIgniter))
12 FCPATH\index.php(59): CodeIgniter\Boot::bootWeb(Object(Config\Paths))
CRITICAL - 2026-08-30 05:53:07 --> CodeIgniter\Database\Exceptions\DatabaseException: Table 'gbinsura_crm.messages' doesn't exist
[Method: GET, Route: admin/chat/messages/207c49c0f2fc6493]
in SYSTEMPATH\Database\BaseConnection.php on line 863.
 1 SYSTEMPATH\Database\BaseBuilder.php(2519): CodeIgniter\Database\BaseConnection->query('UPDATE `messages` SET `isRead` = :isRead.1:
WHERE `receiverId` = :receiverId:
AND `senderId` = :senderId:
AND `isRead` = :isRead:', [...], false)
 2 APPPATH\Models\MessageModel.php(200): CodeIgniter\Database\BaseBuilder->update([...])
 3 APPPATH\Controllers\Chat.php(218): App\Models\MessageModel->markConversationAsRead('1f4c280d781e9380', '207c49c0f2fc6493')
 4 SYSTEMPATH\CodeIgniter.php(974): App\Controllers\Chat->getMessages('207c49c0f2fc6493')
 5 SYSTEMPATH\CodeIgniter.php(520): CodeIgniter\CodeIgniter->runController(Object(App\Controllers\Chat))
 6 SYSTEMPATH\CodeIgniter.php(363): CodeIgniter\CodeIgniter->handleRequest(null, Object(Config\Cache), false)
 7 SYSTEMPATH\Boot.php(417): CodeIgniter\CodeIgniter->run()
 8 SYSTEMPATH\Boot.php(68): CodeIgniter\Boot::runCodeIgniter(Object(CodeIgniter\CodeIgniter))
 9 FCPATH\index.php(59): CodeIgniter\Boot::bootWeb(Object(Config\Paths))
CRITICAL - 2026-08-30 05:53:07 --> [Caused by] CodeIgniter\Database\Exceptions\DatabaseException: Table 'gbinsura_crm.messages' doesn't exist
in SYSTEMPATH\Database\MySQLi\Connection.php on line 310.
 1 SYSTEMPATH\Database\BaseConnection.php(908): CodeIgniter\Database\MySQLi\Connection->execute('UPDATE `messages` SET `isRead` = 1
WHERE `receiverId` = \'1f4c280d781e9380\'
AND `senderId` = \'207c49c0f2fc6493\'
AND `isRead` = 0')
 2 SYSTEMPATH\Database\BaseConnection.php(825): CodeIgniter\Database\BaseConnection->simpleQuery('UPDATE `messages` SET `isRead` = 1
WHERE `receiverId` = \'1f4c280d781e9380\'
AND `senderId` = \'207c49c0f2fc6493\'
AND `isRead` = 0')
 3 SYSTEMPATH\Database\BaseBuilder.php(2519): CodeIgniter\Database\BaseConnection->query('UPDATE `messages` SET `isRead` = :isRead.1:
WHERE `receiverId` = :receiverId:
AND `senderId` = :senderId:
AND `isRead` = :isRead:', [...], false)
 4 APPPATH\Models\MessageModel.php(200): CodeIgniter\Database\BaseBuilder->update([...])
 5 APPPATH\Controllers\Chat.php(218): App\Models\MessageModel->markConversationAsRead('1f4c280d781e9380', '207c49c0f2fc6493')
 6 SYSTEMPATH\CodeIgniter.php(974): App\Controllers\Chat->getMessages('207c49c0f2fc6493')
 7 SYSTEMPATH\CodeIgniter.php(520): CodeIgniter\CodeIgniter->runController(Object(App\Controllers\Chat))
 8 SYSTEMPATH\CodeIgniter.php(363): CodeIgniter\CodeIgniter->handleRequest(null, Object(Config\Cache), false)
 9 SYSTEMPATH\Boot.php(417): CodeIgniter\CodeIgniter->run()
10 SYSTEMPATH\Boot.php(68): CodeIgniter\Boot::runCodeIgniter(Object(CodeIgniter\CodeIgniter))
11 FCPATH\index.php(59): CodeIgniter\Boot::bootWeb(Object(Config\Paths))
CRITICAL - 2026-08-30 05:53:07 --> [Caused by] mysqli_sql_exception: Table 'gbinsura_crm.messages' doesn't exist
in SYSTEMPATH\Database\MySQLi\Connection.php on line 300.
 1 SYSTEMPATH\Database\MySQLi\Connection.php(300): mysqli->query('UPDATE `messages` SET `isRead` = 1
WHERE `receiverId` = \'1f4c280d781e9380\'
AND `senderId` = \'207c49c0f2fc6493\'
AND `isRead` = 0', 0)
 2 SYSTEMPATH\Database\BaseConnection.php(908): CodeIgniter\Database\MySQLi\Connection->execute('UPDATE `messages` SET `isRead` = 1
WHERE `receiverId` = \'1f4c280d781e9380\'
AND `senderId` = \'207c49c0f2fc6493\'
AND `isRead` = 0')
 3 SYSTEMPATH\Database\BaseConnection.php(825): CodeIgniter\Database\BaseConnection->simpleQuery('UPDATE `messages` SET `isRead` = 1
WHERE `receiverId` = \'1f4c280d781e9380\'
AND `senderId` = \'207c49c0f2fc6493\'
AND `isRead` = 0')
 4 SYSTEMPATH\Database\BaseBuilder.php(2519): CodeIgniter\Database\BaseConnection->query('UPDATE `messages` SET `isRead` = :isRead.1:
WHERE `receiverId` = :receiverId:
AND `senderId` = :senderId:
AND `isRead` = :isRead:', [...], false)
 5 APPPATH\Models\MessageModel.php(200): CodeIgniter\Database\BaseBuilder->update([...])
 6 APPPATH\Controllers\Chat.php(218): App\Models\MessageModel->markConversationAsRead('1f4c280d781e9380', '207c49c0f2fc6493')
 7 SYSTEMPATH\CodeIgniter.php(974): App\Controllers\Chat->getMessages('207c49c0f2fc6493')
 8 SYSTEMPATH\CodeIgniter.php(520): CodeIgniter\CodeIgniter->runController(Object(App\Controllers\Chat))
 9 SYSTEMPATH\CodeIgniter.php(363): CodeIgniter\CodeIgniter->handleRequest(null, Object(Config\Cache), false)
10 SYSTEMPATH\Boot.php(417): CodeIgniter\CodeIgniter->run()
11 SYSTEMPATH\Boot.php(68): CodeIgniter\Boot::runCodeIgniter(Object(CodeIgniter\CodeIgniter))
12 FCPATH\index.php(59): CodeIgniter\Boot::bootWeb(Object(Config\Paths))
ERROR - 2026-08-30 05:53:10 --> Table 'gbinsura_crm.messages' doesn't exist
in SYSTEMPATH\Database\MySQLi\Connection.php on line 300.
 1 SYSTEMPATH\Database\MySQLi\Connection.php(300): mysqli->query('UPDATE `messages` SET `isRead` = 1
WHERE `receiverId` = \'1f4c280d781e9380\'
AND `senderId` = \'207c49c0f2fc6493\'
AND `isRead` = 0', 0)
 2 SYSTEMPATH\Database\BaseConnection.php(908): CodeIgniter\Database\MySQLi\Connection->execute('UPDATE `messages` SET `isRead` = 1
WHERE `receiverId` = \'1f4c280d781e9380\'
AND `senderId` = \'207c49c0f2fc6493\'
AND `isRead` = 0')
 3 SYSTEMPATH\Database\BaseConnection.php(825): CodeIgniter\Database\BaseConnection->simpleQuery('UPDATE `messages` SET `isRead` = 1
WHERE `receiverId` = \'1f4c280d781e9380\'
AND `senderId` = \'207c49c0f2fc6493\'
AND `isRead` = 0')
 4 SYSTEMPATH\Database\BaseBuilder.php(2519): CodeIgniter\Database\BaseConnection->query('UPDATE `messages` SET `isRead` = :isRead.1:
WHERE `receiverId` = :receiverId:
AND `senderId` = :senderId:
AND `isRead` = :isRead:', [...], false)
 5 APPPATH\Models\MessageModel.php(200): CodeIgniter\Database\BaseBuilder->update([...])
 6 APPPATH\Controllers\Chat.php(218): App\Models\MessageModel->markConversationAsRead('1f4c280d781e9380', '207c49c0f2fc6493')
 7 SYSTEMPATH\CodeIgniter.php(974): App\Controllers\Chat->getMessages('207c49c0f2fc6493')
 8 SYSTEMPATH\CodeIgniter.php(520): CodeIgniter\CodeIgniter->runController(Object(App\Controllers\Chat))
 9 SYSTEMPATH\CodeIgniter.php(363): CodeIgniter\CodeIgniter->handleRequest(null, Object(Config\Cache), false)
10 SYSTEMPATH\Boot.php(417): CodeIgniter\CodeIgniter->run()
11 SYSTEMPATH\Boot.php(68): CodeIgniter\Boot::runCodeIgniter(Object(CodeIgniter\CodeIgniter))
12 FCPATH\index.php(59): CodeIgniter\Boot::bootWeb(Object(Config\Paths))
CRITICAL - 2026-08-30 05:53:10 --> CodeIgniter\Database\Exceptions\DatabaseException: Table 'gbinsura_crm.messages' doesn't exist
[Method: GET, Route: admin/chat/messages/207c49c0f2fc6493]
in SYSTEMPATH\Database\BaseConnection.php on line 863.
 1 SYSTEMPATH\Database\BaseBuilder.php(2519): CodeIgniter\Database\BaseConnection->query('UPDATE `messages` SET `isRead` = :isRead.1:
WHERE `receiverId` = :receiverId:
AND `senderId` = :senderId:
AND `isRead` = :isRead:', [...], false)
 2 APPPATH\Models\MessageModel.php(200): CodeIgniter\Database\BaseBuilder->update([...])
 3 APPPATH\Controllers\Chat.php(218): App\Models\MessageModel->markConversationAsRead('1f4c280d781e9380', '207c49c0f2fc6493')
 4 SYSTEMPATH\CodeIgniter.php(974): App\Controllers\Chat->getMessages('207c49c0f2fc6493')
 5 SYSTEMPATH\CodeIgniter.php(520): CodeIgniter\CodeIgniter->runController(Object(App\Controllers\Chat))
 6 SYSTEMPATH\CodeIgniter.php(363): CodeIgniter\CodeIgniter->handleRequest(null, Object(Config\Cache), false)
 7 SYSTEMPATH\Boot.php(417): CodeIgniter\CodeIgniter->run()
 8 SYSTEMPATH\Boot.php(68): CodeIgniter\Boot::runCodeIgniter(Object(CodeIgniter\CodeIgniter))
 9 FCPATH\index.php(59): CodeIgniter\Boot::bootWeb(Object(Config\Paths))
CRITICAL - 2026-08-30 05:53:10 --> [Caused by] CodeIgniter\Database\Exceptions\DatabaseException: Table 'gbinsura_crm.messages' doesn't exist
in SYSTEMPATH\Database\MySQLi\Connection.php on line 310.
 1 SYSTEMPATH\Database\BaseConnection.php(908): CodeIgniter\Database\MySQLi\Connection->execute('UPDATE `messages` SET `isRead` = 1
WHERE `receiverId` = \'1f4c280d781e9380\'
AND `senderId` = \'207c49c0f2fc6493\'
AND `isRead` = 0')
 2 SYSTEMPATH\Database\BaseConnection.php(825): CodeIgniter\Database\BaseConnection->simpleQuery('UPDATE `messages` SET `isRead` = 1
WHERE `receiverId` = \'1f4c280d781e9380\'
AND `senderId` = \'207c49c0f2fc6493\'
AND `isRead` = 0')
 3 SYSTEMPATH\Database\BaseBuilder.php(2519): CodeIgniter\Database\BaseConnection->query('UPDATE `messages` SET `isRead` = :isRead.1:
WHERE `receiverId` = :receiverId:
AND `senderId` = :senderId:
AND `isRead` = :isRead:', [...], false)
 4 APPPATH\Models\MessageModel.php(200): CodeIgniter\Database\BaseBuilder->update([...])
 5 APPPATH\Controllers\Chat.php(218): App\Models\MessageModel->markConversationAsRead('1f4c280d781e9380', '207c49c0f2fc6493')
 6 SYSTEMPATH\CodeIgniter.php(974): App\Controllers\Chat->getMessages('207c49c0f2fc6493')
 7 SYSTEMPATH\CodeIgniter.php(520): CodeIgniter\CodeIgniter->runController(Object(App\Controllers\Chat))
 8 SYSTEMPATH\CodeIgniter.php(363): CodeIgniter\CodeIgniter->handleRequest(null, Object(Config\Cache), false)
 9 SYSTEMPATH\Boot.php(417): CodeIgniter\CodeIgniter->run()
10 SYSTEMPATH\Boot.php(68): CodeIgniter\Boot::runCodeIgniter(Object(CodeIgniter\CodeIgniter))
11 FCPATH\index.php(59): CodeIgniter\Boot::bootWeb(Object(Config\Paths))
CRITICAL - 2026-08-30 05:53:10 --> [Caused by] mysqli_sql_exception: Table 'gbinsura_crm.messages' doesn't exist
in SYSTEMPATH\Database\MySQLi\Connection.php on line 300.
 1 SYSTEMPATH\Database\MySQLi\Connection.php(300): mysqli->query('UPDATE `messages` SET `isRead` = 1
WHERE `receiverId` = \'1f4c280d781e9380\'
AND `senderId` = \'207c49c0f2fc6493\'
AND `isRead` = 0', 0)
 2 SYSTEMPATH\Database\BaseConnection.php(908): CodeIgniter\Database\MySQLi\Connection->execute('UPDATE `messages` SET `isRead` = 1
WHERE `receiverId` = \'1f4c280d781e9380\'
AND `senderId` = \'207c49c0f2fc6493\'
AND `isRead` = 0')
 3 SYSTEMPATH\Database\BaseConnection.php(825): CodeIgniter\Database\BaseConnection->simpleQuery('UPDATE `messages` SET `isRead` = 1
WHERE `receiverId` = \'1f4c280d781e9380\'
AND `senderId` = \'207c49c0f2fc6493\'
AND `isRead` = 0')
 4 SYSTEMPATH\Database\BaseBuilder.php(2519): CodeIgniter\Database\BaseConnection->query('UPDATE `messages` SET `isRead` = :isRead.1:
WHERE `receiverId` = :receiverId:
AND `senderId` = :senderId:
AND `isRead` = :isRead:', [...], false)
 5 APPPATH\Models\MessageModel.php(200): CodeIgniter\Database\BaseBuilder->update([...])
 6 APPPATH\Controllers\Chat.php(218): App\Models\MessageModel->markConversationAsRead('1f4c280d781e9380', '207c49c0f2fc6493')
 7 SYSTEMPATH\CodeIgniter.php(974): App\Controllers\Chat->getMessages('207c49c0f2fc6493')
 8 SYSTEMPATH\CodeIgniter.php(520): CodeIgniter\CodeIgniter->runController(Object(App\Controllers\Chat))
 9 SYSTEMPATH\CodeIgniter.php(363): CodeIgniter\CodeIgniter->handleRequest(null, Object(Config\Cache), false)
10 SYSTEMPATH\Boot.php(417): CodeIgniter\CodeIgniter->run()
11 SYSTEMPATH\Boot.php(68): CodeIgniter\Boot::runCodeIgniter(Object(CodeIgniter\CodeIgniter))
12 FCPATH\index.php(59): CodeIgniter\Boot::bootWeb(Object(Config\Paths))
ERROR - 2026-08-30 05:53:13 --> Table 'gbinsura_crm.messages' doesn't exist
in SYSTEMPATH\Database\MySQLi\Connection.php on line 300.
 1 SYSTEMPATH\Database\MySQLi\Connection.php(300): mysqli->query('UPDATE `messages` SET `isRead` = 1
WHERE `receiverId` = \'1f4c280d781e9380\'
AND `senderId` = \'207c49c0f2fc6493\'
AND `isRead` = 0', 0)
 2 SYSTEMPATH\Database\BaseConnection.php(908): CodeIgniter\Database\MySQLi\Connection->execute('UPDATE `messages` SET `isRead` = 1
WHERE `receiverId` = \'1f4c280d781e9380\'
AND `senderId` = \'207c49c0f2fc6493\'
AND `isRead` = 0')
 3 SYSTEMPATH\Database\BaseConnection.php(825): CodeIgniter\Database\BaseConnection->simpleQuery('UPDATE `messages` SET `isRead` = 1
WHERE `receiverId` = \'1f4c280d781e9380\'
AND `senderId` = \'207c49c0f2fc6493\'
AND `isRead` = 0')
 4 SYSTEMPATH\Database\BaseBuilder.php(2519): CodeIgniter\Database\BaseConnection->query('UPDATE `messages` SET `isRead` = :isRead.1:
WHERE `receiverId` = :receiverId:
AND `senderId` = :senderId:
AND `isRead` = :isRead:', [...], false)
 5 APPPATH\Models\MessageModel.php(200): CodeIgniter\Database\BaseBuilder->update([...])
 6 APPPATH\Controllers\Chat.php(218): App\Models\MessageModel->markConversationAsRead('1f4c280d781e9380', '207c49c0f2fc6493')
 7 SYSTEMPATH\CodeIgniter.php(974): App\Controllers\Chat->getMessages('207c49c0f2fc6493')
 8 SYSTEMPATH\CodeIgniter.php(520): CodeIgniter\CodeIgniter->runController(Object(App\Controllers\Chat))
 9 SYSTEMPATH\CodeIgniter.php(363): CodeIgniter\CodeIgniter->handleRequest(null, Object(Config\Cache), false)
10 SYSTEMPATH\Boot.php(417): CodeIgniter\CodeIgniter->run()
11 SYSTEMPATH\Boot.php(68): CodeIgniter\Boot::runCodeIgniter(Object(CodeIgniter\CodeIgniter))
12 FCPATH\index.php(59): CodeIgniter\Boot::bootWeb(Object(Config\Paths))
CRITICAL - 2026-08-30 05:53:13 --> CodeIgniter\Database\Exceptions\DatabaseException: Table 'gbinsura_crm.messages' doesn't exist
[Method: GET, Route: admin/chat/messages/207c49c0f2fc6493]
in SYSTEMPATH\Database\BaseConnection.php on line 863.
 1 SYSTEMPATH\Database\BaseBuilder.php(2519): CodeIgniter\Database\BaseConnection->query('UPDATE `messages` SET `isRead` = :isRead.1:
WHERE `receiverId` = :receiverId:
AND `senderId` = :senderId:
AND `isRead` = :isRead:', [...], false)
 2 APPPATH\Models\MessageModel.php(200): CodeIgniter\Database\BaseBuilder->update([...])
 3 APPPATH\Controllers\Chat.php(218): App\Models\MessageModel->markConversationAsRead('1f4c280d781e9380', '207c49c0f2fc6493')
 4 SYSTEMPATH\CodeIgniter.php(974): App\Controllers\Chat->getMessages('207c49c0f2fc6493')
 5 SYSTEMPATH\CodeIgniter.php(520): CodeIgniter\CodeIgniter->runController(Object(App\Controllers\Chat))
 6 SYSTEMPATH\CodeIgniter.php(363): CodeIgniter\CodeIgniter->handleRequest(null, Object(Config\Cache), false)
 7 SYSTEMPATH\Boot.php(417): CodeIgniter\CodeIgniter->run()
 8 SYSTEMPATH\Boot.php(68): CodeIgniter\Boot::runCodeIgniter(Object(CodeIgniter\CodeIgniter))
 9 FCPATH\index.php(59): CodeIgniter\Boot::bootWeb(Object(Config\Paths))
CRITICAL - 2026-08-30 05:53:13 --> [Caused by] CodeIgniter\Database\Exceptions\DatabaseException: Table 'gbinsura_crm.messages' doesn't exist
in SYSTEMPATH\Database\MySQLi\Connection.php on line 310.
 1 SYSTEMPATH\Database\BaseConnection.php(908): CodeIgniter\Database\MySQLi\Connection->execute('UPDATE `messages` SET `isRead` = 1
WHERE `receiverId` = \'1f4c280d781e9380\'
AND `senderId` = \'207c49c0f2fc6493\'
AND `isRead` = 0')
 2 SYSTEMPATH\Database\BaseConnection.php(825): CodeIgniter\Database\BaseConnection->simpleQuery('UPDATE `messages` SET `isRead` = 1
WHERE `receiverId` = \'1f4c280d781e9380\'
AND `senderId` = \'207c49c0f2fc6493\'
AND `isRead` = 0')
 3 SYSTEMPATH\Database\BaseBuilder.php(2519): CodeIgniter\Database\BaseConnection->query('UPDATE `messages` SET `isRead` = :isRead.1:
WHERE `receiverId` = :receiverId:
AND `senderId` = :senderId:
AND `isRead` = :isRead:', [...], false)
 4 APPPATH\Models\MessageModel.php(200): CodeIgniter\Database\BaseBuilder->update([...])
 5 APPPATH\Controllers\Chat.php(218): App\Models\MessageModel->markConversationAsRead('1f4c280d781e9380', '207c49c0f2fc6493')
 6 SYSTEMPATH\CodeIgniter.php(974): App\Controllers\Chat->getMessages('207c49c0f2fc6493')
 7 SYSTEMPATH\CodeIgniter.php(520): CodeIgniter\CodeIgniter->runController(Object(App\Controllers\Chat))
 8 SYSTEMPATH\CodeIgniter.php(363): CodeIgniter\CodeIgniter->handleRequest(null, Object(Config\Cache), false)
 9 SYSTEMPATH\Boot.php(417): CodeIgniter\CodeIgniter->run()
10 SYSTEMPATH\Boot.php(68): CodeIgniter\Boot::runCodeIgniter(Object(CodeIgniter\CodeIgniter))
11 FCPATH\index.php(59): CodeIgniter\Boot::bootWeb(Object(Config\Paths))
CRITICAL - 2026-08-30 05:53:13 --> [Caused by] mysqli_sql_exception: Table 'gbinsura_crm.messages' doesn't exist
in SYSTEMPATH\Database\MySQLi\Connection.php on line 300.
 1 SYSTEMPATH\Database\MySQLi\Connection.php(300): mysqli->query('UPDATE `messages` SET `isRead` = 1
WHERE `receiverId` = \'1f4c280d781e9380\'
AND `senderId` = \'207c49c0f2fc6493\'
AND `isRead` = 0', 0)
 2 SYSTEMPATH\Database\BaseConnection.php(908): CodeIgniter\Database\MySQLi\Connection->execute('UPDATE `messages` SET `isRead` = 1
WHERE `receiverId` = \'1f4c280d781e9380\'
AND `senderId` = \'207c49c0f2fc6493\'
AND `isRead` = 0')
 3 SYSTEMPATH\Database\BaseConnection.php(825): CodeIgniter\Database\BaseConnection->simpleQuery('UPDATE `messages` SET `isRead` = 1
WHERE `receiverId` = \'1f4c280d781e9380\'
AND `senderId` = \'207c49c0f2fc6493\'
AND `isRead` = 0')
 4 SYSTEMPATH\Database\BaseBuilder.php(2519): CodeIgniter\Database\BaseConnection->query('UPDATE `messages` SET `isRead` = :isRead.1:
WHERE `receiverId` = :receiverId:
AND `senderId` = :senderId:
AND `isRead` = :isRead:', [...], false)
 5 APPPATH\Models\MessageModel.php(200): CodeIgniter\Database\BaseBuilder->update([...])
 6 APPPATH\Controllers\Chat.php(218): App\Models\MessageModel->markConversationAsRead('1f4c280d781e9380', '207c49c0f2fc6493')
 7 SYSTEMPATH\CodeIgniter.php(974): App\Controllers\Chat->getMessages('207c49c0f2fc6493')
 8 SYSTEMPATH\CodeIgniter.php(520): CodeIgniter\CodeIgniter->runController(Object(App\Controllers\Chat))
 9 SYSTEMPATH\CodeIgniter.php(363): CodeIgniter\CodeIgniter->handleRequest(null, Object(Config\Cache), false)
10 SYSTEMPATH\Boot.php(417): CodeIgniter\CodeIgniter->run()
11 SYSTEMPATH\Boot.php(68): CodeIgniter\Boot::runCodeIgniter(Object(CodeIgniter\CodeIgniter))
12 FCPATH\index.php(59): CodeIgniter\Boot::bootWeb(Object(Config\Paths))
ERROR - 2026-08-30 05:53:16 --> Table 'gbinsura_crm.messages' doesn't exist
in SYSTEMPATH\Database\MySQLi\Connection.php on line 300.
 1 SYSTEMPATH\Database\MySQLi\Connection.php(300): mysqli->query('UPDATE `messages` SET `isRead` = 1
WHERE `receiverId` = \'1f4c280d781e9380\'
AND `senderId` = \'207c49c0f2fc6493\'
AND `isRead` = 0', 0)
 2 SYSTEMPATH\Database\BaseConnection.php(908): CodeIgniter\Database\MySQLi\Connection->execute('UPDATE `messages` SET `isRead` = 1
WHERE `receiverId` = \'1f4c280d781e9380\'
AND `senderId` = \'207c49c0f2fc6493\'
AND `isRead` = 0')
 3 SYSTEMPATH\Database\BaseConnection.php(825): CodeIgniter\Database\BaseConnection->simpleQuery('UPDATE `messages` SET `isRead` = 1
WHERE `receiverId` = \'1f4c280d781e9380\'
AND `senderId` = \'207c49c0f2fc6493\'
AND `isRead` = 0')
 4 SYSTEMPATH\Database\BaseBuilder.php(2519): CodeIgniter\Database\BaseConnection->query('UPDATE `messages` SET `isRead` = :isRead.1:
WHERE `receiverId` = :receiverId:
AND `senderId` = :senderId:
AND `isRead` = :isRead:', [...], false)
 5 APPPATH\Models\MessageModel.php(200): CodeIgniter\Database\BaseBuilder->update([...])
 6 APPPATH\Controllers\Chat.php(218): App\Models\MessageModel->markConversationAsRead('1f4c280d781e9380', '207c49c0f2fc6493')
 7 SYSTEMPATH\CodeIgniter.php(974): App\Controllers\Chat->getMessages('207c49c0f2fc6493')
 8 SYSTEMPATH\CodeIgniter.php(520): CodeIgniter\CodeIgniter->runController(Object(App\Controllers\Chat))
 9 SYSTEMPATH\CodeIgniter.php(363): CodeIgniter\CodeIgniter->handleRequest(null, Object(Config\Cache), false)
10 SYSTEMPATH\Boot.php(417): CodeIgniter\CodeIgniter->run()
11 SYSTEMPATH\Boot.php(68): CodeIgniter\Boot::runCodeIgniter(Object(CodeIgniter\CodeIgniter))
12 FCPATH\index.php(59): CodeIgniter\Boot::bootWeb(Object(Config\Paths))
CRITICAL - 2026-08-30 05:53:16 --> CodeIgniter\Database\Exceptions\DatabaseException: Table 'gbinsura_crm.messages' doesn't exist
[Method: GET, Route: admin/chat/messages/207c49c0f2fc6493]
in SYSTEMPATH\Database\BaseConnection.php on line 863.
 1 SYSTEMPATH\Database\BaseBuilder.php(2519): CodeIgniter\Database\BaseConnection->query('UPDATE `messages` SET `isRead` = :isRead.1:
WHERE `receiverId` = :receiverId:
AND `senderId` = :senderId:
AND `isRead` = :isRead:', [...], false)
 2 APPPATH\Models\MessageModel.php(200): CodeIgniter\Database\BaseBuilder->update([...])
 3 APPPATH\Controllers\Chat.php(218): App\Models\MessageModel->markConversationAsRead('1f4c280d781e9380', '207c49c0f2fc6493')
 4 SYSTEMPATH\CodeIgniter.php(974): App\Controllers\Chat->getMessages('207c49c0f2fc6493')
 5 SYSTEMPATH\CodeIgniter.php(520): CodeIgniter\CodeIgniter->runController(Object(App\Controllers\Chat))
 6 SYSTEMPATH\CodeIgniter.php(363): CodeIgniter\CodeIgniter->handleRequest(null, Object(Config\Cache), false)
 7 SYSTEMPATH\Boot.php(417): CodeIgniter\CodeIgniter->run()
 8 SYSTEMPATH\Boot.php(68): CodeIgniter\Boot::runCodeIgniter(Object(CodeIgniter\CodeIgniter))
 9 FCPATH\index.php(59): CodeIgniter\Boot::bootWeb(Object(Config\Paths))
CRITICAL - 2026-08-30 05:53:16 --> [Caused by] CodeIgniter\Database\Exceptions\DatabaseException: Table 'gbinsura_crm.messages' doesn't exist
in SYSTEMPATH\Database\MySQLi\Connection.php on line 310.
 1 SYSTEMPATH\Database\BaseConnection.php(908): CodeIgniter\Database\MySQLi\Connection->execute('UPDATE `messages` SET `isRead` = 1
WHERE `receiverId` = \'1f4c280d781e9380\'
AND `senderId` = \'207c49c0f2fc6493\'
AND `isRead` = 0')
 2 SYSTEMPATH\Database\BaseConnection.php(825): CodeIgniter\Database\BaseConnection->simpleQuery('UPDATE `messages` SET `isRead` = 1
WHERE `receiverId` = \'1f4c280d781e9380\'
AND `senderId` = \'207c49c0f2fc6493\'
AND `isRead` = 0')
 3 SYSTEMPATH\Database\BaseBuilder.php(2519): CodeIgniter\Database\BaseConnection->query('UPDATE `messages` SET `isRead` = :isRead.1:
WHERE `receiverId` = :receiverId:
AND `senderId` = :senderId:
AND `isRead` = :isRead:', [...], false)
 4 APPPATH\Models\MessageModel.php(200): CodeIgniter\Database\BaseBuilder->update([...])
 5 APPPATH\Controllers\Chat.php(218): App\Models\MessageModel->markConversationAsRead('1f4c280d781e9380', '207c49c0f2fc6493')
 6 SYSTEMPATH\CodeIgniter.php(974): App\Controllers\Chat->getMessages('207c49c0f2fc6493')
 7 SYSTEMPATH\CodeIgniter.php(520): CodeIgniter\CodeIgniter->runController(Object(App\Controllers\Chat))
 8 SYSTEMPATH\CodeIgniter.php(363): CodeIgniter\CodeIgniter->handleRequest(null, Object(Config\Cache), false)
 9 SYSTEMPATH\Boot.php(417): CodeIgniter\CodeIgniter->run()
10 SYSTEMPATH\Boot.php(68): CodeIgniter\Boot::runCodeIgniter(Object(CodeIgniter\CodeIgniter))
11 FCPATH\index.php(59): CodeIgniter\Boot::bootWeb(Object(Config\Paths))
CRITICAL - 2026-08-30 05:53:16 --> [Caused by] mysqli_sql_exception: Table 'gbinsura_crm.messages' doesn't exist
in SYSTEMPATH\Database\MySQLi\Connection.php on line 300.
 1 SYSTEMPATH\Database\MySQLi\Connection.php(300): mysqli->query('UPDATE `messages` SET `isRead` = 1
WHERE `receiverId` = \'1f4c280d781e9380\'
AND `senderId` = \'207c49c0f2fc6493\'
AND `isRead` = 0', 0)
 2 SYSTEMPATH\Database\BaseConnection.php(908): CodeIgniter\Database\MySQLi\Connection->execute('UPDATE `messages` SET `isRead` = 1
WHERE `receiverId` = \'1f4c280d781e9380\'
AND `senderId` = \'207c49c0f2fc6493\'
AND `isRead` = 0')
 3 SYSTEMPATH\Database\BaseConnection.php(825): CodeIgniter\Database\BaseConnection->simpleQuery('UPDATE `messages` SET `isRead` = 1
WHERE `receiverId` = \'1f4c280d781e9380\'
AND `senderId` = \'207c49c0f2fc6493\'
AND `isRead` = 0')
 4 SYSTEMPATH\Database\BaseBuilder.php(2519): CodeIgniter\Database\BaseConnection->query('UPDATE `messages` SET `isRead` = :isRead.1:
WHERE `receiverId` = :receiverId:
AND `senderId` = :senderId:
AND `isRead` = :isRead:', [...], false)
 5 APPPATH\Models\MessageModel.php(200): CodeIgniter\Database\BaseBuilder->update([...])
 6 APPPATH\Controllers\Chat.php(218): App\Models\MessageModel->markConversationAsRead('1f4c280d781e9380', '207c49c0f2fc6493')
 7 SYSTEMPATH\CodeIgniter.php(974): App\Controllers\Chat->getMessages('207c49c0f2fc6493')
 8 SYSTEMPATH\CodeIgniter.php(520): CodeIgniter\CodeIgniter->runController(Object(App\Controllers\Chat))
 9 SYSTEMPATH\CodeIgniter.php(363): CodeIgniter\CodeIgniter->handleRequest(null, Object(Config\Cache), false)
10 SYSTEMPATH\Boot.php(417): CodeIgniter\CodeIgniter->run()
11 SYSTEMPATH\Boot.php(68): CodeIgniter\Boot::runCodeIgniter(Object(CodeIgniter\CodeIgniter))
12 FCPATH\index.php(59): CodeIgniter\Boot::bootWeb(Object(Config\Paths))
ERROR - 2026-08-30 05:53:16 --> Table 'gbinsura_crm.messages' doesn't exist
in SYSTEMPATH\Database\MySQLi\Connection.php on line 300.
 1 SYSTEMPATH\Database\MySQLi\Connection.php(300): mysqli->query('SELECT COUNT(*) AS `numrows`
FROM `messages`
WHERE `receiverId` = \'1f4c280d781e9380\'
AND `isRead` = 0', 0)
 2 SYSTEMPATH\Database\BaseConnection.php(908): CodeIgniter\Database\MySQLi\Connection->execute('SELECT COUNT(*) AS `numrows`
FROM `messages`
WHERE `receiverId` = \'1f4c280d781e9380\'
AND `isRead` = 0')
 3 SYSTEMPATH\Database\BaseConnection.php(825): CodeIgniter\Database\BaseConnection->simpleQuery('SELECT COUNT(*) AS `numrows`
FROM `messages`
WHERE `receiverId` = \'1f4c280d781e9380\'
AND `isRead` = 0')
 4 SYSTEMPATH\Database\BaseBuilder.php(1731): CodeIgniter\Database\BaseConnection->query('SELECT COUNT(*) AS `numrows`
FROM `messages`
WHERE `receiverId` = :receiverId:
AND `isRead` = :isRead:', [...], false)
 5 APPPATH\Models\MessageModel.php(163): CodeIgniter\Database\BaseBuilder->countAllResults()
 6 APPPATH\Controllers\Chat.php(69): App\Models\MessageModel->getUnreadCount('1f4c280d781e9380')
 7 SYSTEMPATH\CodeIgniter.php(974): App\Controllers\Chat->unreadCount()
 8 SYSTEMPATH\CodeIgniter.php(520): CodeIgniter\CodeIgniter->runController(Object(App\Controllers\Chat))
 9 SYSTEMPATH\CodeIgniter.php(363): CodeIgniter\CodeIgniter->handleRequest(null, Object(Config\Cache), false)
10 SYSTEMPATH\Boot.php(417): CodeIgniter\CodeIgniter->run()
11 SYSTEMPATH\Boot.php(68): CodeIgniter\Boot::runCodeIgniter(Object(CodeIgniter\CodeIgniter))
12 FCPATH\index.php(59): CodeIgniter\Boot::bootWeb(Object(Config\Paths))
CRITICAL - 2026-08-30 05:53:16 --> CodeIgniter\Database\Exceptions\DatabaseException: Table 'gbinsura_crm.messages' doesn't exist
[Method: GET, Route: admin/chat/unread-count]
in SYSTEMPATH\Database\BaseConnection.php on line 863.
 1 SYSTEMPATH\Database\BaseBuilder.php(1731): CodeIgniter\Database\BaseConnection->query('SELECT COUNT(*) AS `numrows`
FROM `messages`
WHERE `receiverId` = :receiverId:
AND `isRead` = :isRead:', [...], false)
 2 APPPATH\Models\MessageModel.php(163): CodeIgniter\Database\BaseBuilder->countAllResults()
 3 APPPATH\Controllers\Chat.php(69): App\Models\MessageModel->getUnreadCount('1f4c280d781e9380')
 4 SYSTEMPATH\CodeIgniter.php(974): App\Controllers\Chat->unreadCount()
 5 SYSTEMPATH\CodeIgniter.php(520): CodeIgniter\CodeIgniter->runController(Object(App\Controllers\Chat))
 6 SYSTEMPATH\CodeIgniter.php(363): CodeIgniter\CodeIgniter->handleRequest(null, Object(Config\Cache), false)
 7 SYSTEMPATH\Boot.php(417): CodeIgniter\CodeIgniter->run()
 8 SYSTEMPATH\Boot.php(68): CodeIgniter\Boot::runCodeIgniter(Object(CodeIgniter\CodeIgniter))
 9 FCPATH\index.php(59): CodeIgniter\Boot::bootWeb(Object(Config\Paths))
CRITICAL - 2026-08-30 05:53:16 --> [Caused by] CodeIgniter\Database\Exceptions\DatabaseException: Table 'gbinsura_crm.messages' doesn't exist
in SYSTEMPATH\Database\MySQLi\Connection.php on line 310.
 1 SYSTEMPATH\Database\BaseConnection.php(908): CodeIgniter\Database\MySQLi\Connection->execute('SELECT COUNT(*) AS `numrows`
FROM `messages`
WHERE `receiverId` = \'1f4c280d781e9380\'
AND `isRead` = 0')
 2 SYSTEMPATH\Database\BaseConnection.php(825): CodeIgniter\Database\BaseConnection->simpleQuery('SELECT COUNT(*) AS `numrows`
FROM `messages`
WHERE `receiverId` = \'1f4c280d781e9380\'
AND `isRead` = 0')
 3 SYSTEMPATH\Database\BaseBuilder.php(1731): CodeIgniter\Database\BaseConnection->query('SELECT COUNT(*) AS `numrows`
FROM `messages`
WHERE `receiverId` = :receiverId:
AND `isRead` = :isRead:', [...], false)
 4 APPPATH\Models\MessageModel.php(163): CodeIgniter\Database\BaseBuilder->countAllResults()
 5 APPPATH\Controllers\Chat.php(69): App\Models\MessageModel->getUnreadCount('1f4c280d781e9380')
 6 SYSTEMPATH\CodeIgniter.php(974): App\Controllers\Chat->unreadCount()
 7 SYSTEMPATH\CodeIgniter.php(520): CodeIgniter\CodeIgniter->runController(Object(App\Controllers\Chat))
 8 SYSTEMPATH\CodeIgniter.php(363): CodeIgniter\CodeIgniter->handleRequest(null, Object(Config\Cache), false)
 9 SYSTEMPATH\Boot.php(417): CodeIgniter\CodeIgniter->run()
10 SYSTEMPATH\Boot.php(68): CodeIgniter\Boot::runCodeIgniter(Object(CodeIgniter\CodeIgniter))
11 FCPATH\index.php(59): CodeIgniter\Boot::bootWeb(Object(Config\Paths))
CRITICAL - 2026-08-30 05:53:16 --> [Caused by] mysqli_sql_exception: Table 'gbinsura_crm.messages' doesn't exist
in SYSTEMPATH\Database\MySQLi\Connection.php on line 300.
 1 SYSTEMPATH\Database\MySQLi\Connection.php(300): mysqli->query('SELECT COUNT(*) AS `numrows`
FROM `messages`
WHERE `receiverId` = \'1f4c280d781e9380\'
AND `isRead` = 0', 0)
 2 SYSTEMPATH\Database\BaseConnection.php(908): CodeIgniter\Database\MySQLi\Connection->execute('SELECT COUNT(*) AS `numrows`
FROM `messages`
WHERE `receiverId` = \'1f4c280d781e9380\'
AND `isRead` = 0')
 3 SYSTEMPATH\Database\BaseConnection.php(825): CodeIgniter\Database\BaseConnection->simpleQuery('SELECT COUNT(*) AS `numrows`
FROM `messages`
WHERE `receiverId` = \'1f4c280d781e9380\'
AND `isRead` = 0')
 4 SYSTEMPATH\Database\BaseBuilder.php(1731): CodeIgniter\Database\BaseConnection->query('SELECT COUNT(*) AS `numrows`
FROM `messages`
WHERE `receiverId` = :receiverId:
AND `isRead` = :isRead:', [...], false)
 5 APPPATH\Models\MessageModel.php(163): CodeIgniter\Database\BaseBuilder->countAllResults()
 6 APPPATH\Controllers\Chat.php(69): App\Models\MessageModel->getUnreadCount('1f4c280d781e9380')
 7 SYSTEMPATH\CodeIgniter.php(974): App\Controllers\Chat->unreadCount()
 8 SYSTEMPATH\CodeIgniter.php(520): CodeIgniter\CodeIgniter->runController(Object(App\Controllers\Chat))
 9 SYSTEMPATH\CodeIgniter.php(363): CodeIgniter\CodeIgniter->handleRequest(null, Object(Config\Cache), false)
10 SYSTEMPATH\Boot.php(417): CodeIgniter\CodeIgniter->run()
11 SYSTEMPATH\Boot.php(68): CodeIgniter\Boot::runCodeIgniter(Object(CodeIgniter\CodeIgniter))
12 FCPATH\index.php(59): CodeIgniter\Boot::bootWeb(Object(Config\Paths))
ERROR - 2026-08-30 05:53:19 --> Table 'gbinsura_crm.messages' doesn't exist
in SYSTEMPATH\Database\MySQLi\Connection.php on line 300.
 1 SYSTEMPATH\Database\MySQLi\Connection.php(300): mysqli->query('UPDATE `messages` SET `isRead` = 1
WHERE `receiverId` = \'1f4c280d781e9380\'
AND `senderId` = \'207c49c0f2fc6493\'
AND `isRead` = 0', 0)
 2 SYSTEMPATH\Database\BaseConnection.php(908): CodeIgniter\Database\MySQLi\Connection->execute('UPDATE `messages` SET `isRead` = 1
WHERE `receiverId` = \'1f4c280d781e9380\'
AND `senderId` = \'207c49c0f2fc6493\'
AND `isRead` = 0')
 3 SYSTEMPATH\Database\BaseConnection.php(825): CodeIgniter\Database\BaseConnection->simpleQuery('UPDATE `messages` SET `isRead` = 1
WHERE `receiverId` = \'1f4c280d781e9380\'
AND `senderId` = \'207c49c0f2fc6493\'
AND `isRead` = 0')
 4 SYSTEMPATH\Database\BaseBuilder.php(2519): CodeIgniter\Database\BaseConnection->query('UPDATE `messages` SET `isRead` = :isRead.1:
WHERE `receiverId` = :receiverId:
AND `senderId` = :senderId:
AND `isRead` = :isRead:', [...], false)
 5 APPPATH\Models\MessageModel.php(200): CodeIgniter\Database\BaseBuilder->update([...])
 6 APPPATH\Controllers\Chat.php(218): App\Models\MessageModel->markConversationAsRead('1f4c280d781e9380', '207c49c0f2fc6493')
 7 SYSTEMPATH\CodeIgniter.php(974): App\Controllers\Chat->getMessages('207c49c0f2fc6493')
 8 SYSTEMPATH\CodeIgniter.php(520): CodeIgniter\CodeIgniter->runController(Object(App\Controllers\Chat))
 9 SYSTEMPATH\CodeIgniter.php(363): CodeIgniter\CodeIgniter->handleRequest(null, Object(Config\Cache), false)
10 SYSTEMPATH\Boot.php(417): CodeIgniter\CodeIgniter->run()
11 SYSTEMPATH\Boot.php(68): CodeIgniter\Boot::runCodeIgniter(Object(CodeIgniter\CodeIgniter))
12 FCPATH\index.php(59): CodeIgniter\Boot::bootWeb(Object(Config\Paths))
CRITICAL - 2026-08-30 05:53:19 --> CodeIgniter\Database\Exceptions\DatabaseException: Table 'gbinsura_crm.messages' doesn't exist
[Method: GET, Route: admin/chat/messages/207c49c0f2fc6493]
in SYSTEMPATH\Database\BaseConnection.php on line 863.
 1 SYSTEMPATH\Database\BaseBuilder.php(2519): CodeIgniter\Database\BaseConnection->query('UPDATE `messages` SET `isRead` = :isRead.1:
WHERE `receiverId` = :receiverId:
AND `senderId` = :senderId:
AND `isRead` = :isRead:', [...], false)
 2 APPPATH\Models\MessageModel.php(200): CodeIgniter\Database\BaseBuilder->update([...])
 3 APPPATH\Controllers\Chat.php(218): App\Models\MessageModel->markConversationAsRead('1f4c280d781e9380', '207c49c0f2fc6493')
 4 SYSTEMPATH\CodeIgniter.php(974): App\Controllers\Chat->getMessages('207c49c0f2fc6493')
 5 SYSTEMPATH\CodeIgniter.php(520): CodeIgniter\CodeIgniter->runController(Object(App\Controllers\Chat))
 6 SYSTEMPATH\CodeIgniter.php(363): CodeIgniter\CodeIgniter->handleRequest(null, Object(Config\Cache), false)
 7 SYSTEMPATH\Boot.php(417): CodeIgniter\CodeIgniter->run()
 8 SYSTEMPATH\Boot.php(68): CodeIgniter\Boot::runCodeIgniter(Object(CodeIgniter\CodeIgniter))
 9 FCPATH\index.php(59): CodeIgniter\Boot::bootWeb(Object(Config\Paths))
CRITICAL - 2026-08-30 05:53:19 --> [Caused by] CodeIgniter\Database\Exceptions\DatabaseException: Table 'gbinsura_crm.messages' doesn't exist
in SYSTEMPATH\Database\MySQLi\Connection.php on line 310.
 1 SYSTEMPATH\Database\BaseConnection.php(908): CodeIgniter\Database\MySQLi\Connection->execute('UPDATE `messages` SET `isRead` = 1
WHERE `receiverId` = \'1f4c280d781e9380\'
AND `senderId` = \'207c49c0f2fc6493\'
AND `isRead` = 0')
 2 SYSTEMPATH\Database\BaseConnection.php(825): CodeIgniter\Database\BaseConnection->simpleQuery('UPDATE `messages` SET `isRead` = 1
WHERE `receiverId` = \'1f4c280d781e9380\'
AND `senderId` = \'207c49c0f2fc6493\'
AND `isRead` = 0')
 3 SYSTEMPATH\Database\BaseBuilder.php(2519): CodeIgniter\Database\BaseConnection->query('UPDATE `messages` SET `isRead` = :isRead.1:
WHERE `receiverId` = :receiverId:
AND `senderId` = :senderId:
AND `isRead` = :isRead:', [...], false)
 4 APPPATH\Models\MessageModel.php(200): CodeIgniter\Database\BaseBuilder->update([...])
 5 APPPATH\Controllers\Chat.php(218): App\Models\MessageModel->markConversationAsRead('1f4c280d781e9380', '207c49c0f2fc6493')
 6 SYSTEMPATH\CodeIgniter.php(974): App\Controllers\Chat->getMessages('207c49c0f2fc6493')
 7 SYSTEMPATH\CodeIgniter.php(520): CodeIgniter\CodeIgniter->runController(Object(App\Controllers\Chat))
 8 SYSTEMPATH\CodeIgniter.php(363): CodeIgniter\CodeIgniter->handleRequest(null, Object(Config\Cache), false)
 9 SYSTEMPATH\Boot.php(417): CodeIgniter\CodeIgniter->run()
10 SYSTEMPATH\Boot.php(68): CodeIgniter\Boot::runCodeIgniter(Object(CodeIgniter\CodeIgniter))
11 FCPATH\index.php(59): CodeIgniter\Boot::bootWeb(Object(Config\Paths))
CRITICAL - 2026-08-30 05:53:19 --> [Caused by] mysqli_sql_exception: Table 'gbinsura_crm.messages' doesn't exist
in SYSTEMPATH\Database\MySQLi\Connection.php on line 300.
 1 SYSTEMPATH\Database\MySQLi\Connection.php(300): mysqli->query('UPDATE `messages` SET `isRead` = 1
WHERE `receiverId` = \'1f4c280d781e9380\'
AND `senderId` = \'207c49c0f2fc6493\'
AND `isRead` = 0', 0)
 2 SYSTEMPATH\Database\BaseConnection.php(908): CodeIgniter\Database\MySQLi\Connection->execute('UPDATE `messages` SET `isRead` = 1
WHERE `receiverId` = \'1f4c280d781e9380\'
AND `senderId` = \'207c49c0f2fc6493\'
AND `isRead` = 0')
 3 SYSTEMPATH\Database\BaseConnection.php(825): CodeIgniter\Database\BaseConnection->simpleQuery('UPDATE `messages` SET `isRead` = 1
WHERE `receiverId` = \'1f4c280d781e9380\'
AND `senderId` = \'207c49c0f2fc6493\'
AND `isRead` = 0')
 4 SYSTEMPATH\Database\BaseBuilder.php(2519): CodeIgniter\Database\BaseConnection->query('UPDATE `messages` SET `isRead` = :isRead.1:
WHERE `receiverId` = :receiverId:
AND `senderId` = :senderId:
AND `isRead` = :isRead:', [...], false)
 5 APPPATH\Models\MessageModel.php(200): CodeIgniter\Database\BaseBuilder->update([...])
 6 APPPATH\Controllers\Chat.php(218): App\Models\MessageModel->markConversationAsRead('1f4c280d781e9380', '207c49c0f2fc6493')
 7 SYSTEMPATH\CodeIgniter.php(974): App\Controllers\Chat->getMessages('207c49c0f2fc6493')
 8 SYSTEMPATH\CodeIgniter.php(520): CodeIgniter\CodeIgniter->runController(Object(App\Controllers\Chat))
 9 SYSTEMPATH\CodeIgniter.php(363): CodeIgniter\CodeIgniter->handleRequest(null, Object(Config\Cache), false)
10 SYSTEMPATH\Boot.php(417): CodeIgniter\CodeIgniter->run()
11 SYSTEMPATH\Boot.php(68): CodeIgniter\Boot::runCodeIgniter(Object(CodeIgniter\CodeIgniter))
12 FCPATH\index.php(59): CodeIgniter\Boot::bootWeb(Object(Config\Paths))
ERROR - 2026-08-30 05:53:22 --> Table 'gbinsura_crm.messages' doesn't exist
in SYSTEMPATH\Database\MySQLi\Connection.php on line 300.
 1 SYSTEMPATH\Database\MySQLi\Connection.php(300): mysqli->query('UPDATE `messages` SET `isRead` = 1
WHERE `receiverId` = \'1f4c280d781e9380\'
AND `senderId` = \'207c49c0f2fc6493\'
AND `isRead` = 0', 0)
 2 SYSTEMPATH\Database\BaseConnection.php(908): CodeIgniter\Database\MySQLi\Connection->execute('UPDATE `messages` SET `isRead` = 1
WHERE `receiverId` = \'1f4c280d781e9380\'
AND `senderId` = \'207c49c0f2fc6493\'
AND `isRead` = 0')
 3 SYSTEMPATH\Database\BaseConnection.php(825): CodeIgniter\Database\BaseConnection->simpleQuery('UPDATE `messages` SET `isRead` = 1
WHERE `receiverId` = \'1f4c280d781e9380\'
AND `senderId` = \'207c49c0f2fc6493\'
AND `isRead` = 0')
 4 SYSTEMPATH\Database\BaseBuilder.php(2519): CodeIgniter\Database\BaseConnection->query('UPDATE `messages` SET `isRead` = :isRead.1:
WHERE `receiverId` = :receiverId:
AND `senderId` = :senderId:
AND `isRead` = :isRead:', [...], false)
 5 APPPATH\Models\MessageModel.php(200): CodeIgniter\Database\BaseBuilder->update([...])
 6 APPPATH\Controllers\Chat.php(218): App\Models\MessageModel->markConversationAsRead('1f4c280d781e9380', '207c49c0f2fc6493')
 7 SYSTEMPATH\CodeIgniter.php(974): App\Controllers\Chat->getMessages('207c49c0f2fc6493')
 8 SYSTEMPATH\CodeIgniter.php(520): CodeIgniter\CodeIgniter->runController(Object(App\Controllers\Chat))
 9 SYSTEMPATH\CodeIgniter.php(363): CodeIgniter\CodeIgniter->handleRequest(null, Object(Config\Cache), false)
10 SYSTEMPATH\Boot.php(417): CodeIgniter\CodeIgniter->run()
11 SYSTEMPATH\Boot.php(68): CodeIgniter\Boot::runCodeIgniter(Object(CodeIgniter\CodeIgniter))
12 FCPATH\index.php(59): CodeIgniter\Boot::bootWeb(Object(Config\Paths))
CRITICAL - 2026-08-30 05:53:22 --> CodeIgniter\Database\Exceptions\DatabaseException: Table 'gbinsura_crm.messages' doesn't exist
[Method: GET, Route: admin/chat/messages/207c49c0f2fc6493]
in SYSTEMPATH\Database\BaseConnection.php on line 863.
 1 SYSTEMPATH\Database\BaseBuilder.php(2519): CodeIgniter\Database\BaseConnection->query('UPDATE `messages` SET `isRead` = :isRead.1:
WHERE `receiverId` = :receiverId:
AND `senderId` = :senderId:
AND `isRead` = :isRead:', [...], false)
 2 APPPATH\Models\MessageModel.php(200): CodeIgniter\Database\BaseBuilder->update([...])
 3 APPPATH\Controllers\Chat.php(218): App\Models\MessageModel->markConversationAsRead('1f4c280d781e9380', '207c49c0f2fc6493')
 4 SYSTEMPATH\CodeIgniter.php(974): App\Controllers\Chat->getMessages('207c49c0f2fc6493')
 5 SYSTEMPATH\CodeIgniter.php(520): CodeIgniter\CodeIgniter->runController(Object(App\Controllers\Chat))
 6 SYSTEMPATH\CodeIgniter.php(363): CodeIgniter\CodeIgniter->handleRequest(null, Object(Config\Cache), false)
 7 SYSTEMPATH\Boot.php(417): CodeIgniter\CodeIgniter->run()
 8 SYSTEMPATH\Boot.php(68): CodeIgniter\Boot::runCodeIgniter(Object(CodeIgniter\CodeIgniter))
 9 FCPATH\index.php(59): CodeIgniter\Boot::bootWeb(Object(Config\Paths))
CRITICAL - 2026-08-30 05:53:22 --> [Caused by] CodeIgniter\Database\Exceptions\DatabaseException: Table 'gbinsura_crm.messages' doesn't exist
in SYSTEMPATH\Database\MySQLi\Connection.php on line 310.
 1 SYSTEMPATH\Database\BaseConnection.php(908): CodeIgniter\Database\MySQLi\Connection->execute('UPDATE `messages` SET `isRead` = 1
WHERE `receiverId` = \'1f4c280d781e9380\'
AND `senderId` = \'207c49c0f2fc6493\'
AND `isRead` = 0')
 2 SYSTEMPATH\Database\BaseConnection.php(825): CodeIgniter\Database\BaseConnection->simpleQuery('UPDATE `messages` SET `isRead` = 1
WHERE `receiverId` = \'1f4c280d781e9380\'
AND `senderId` = \'207c49c0f2fc6493\'
AND `isRead` = 0')
 3 SYSTEMPATH\Database\BaseBuilder.php(2519): CodeIgniter\Database\BaseConnection->query('UPDATE `messages` SET `isRead` = :isRead.1:
WHERE `receiverId` = :receiverId:
AND `senderId` = :senderId:
AND `isRead` = :isRead:', [...], false)
 4 APPPATH\Models\MessageModel.php(200): CodeIgniter\Database\BaseBuilder->update([...])
 5 APPPATH\Controllers\Chat.php(218): App\Models\MessageModel->markConversationAsRead('1f4c280d781e9380', '207c49c0f2fc6493')
 6 SYSTEMPATH\CodeIgniter.php(974): App\Controllers\Chat->getMessages('207c49c0f2fc6493')
 7 SYSTEMPATH\CodeIgniter.php(520): CodeIgniter\CodeIgniter->runController(Object(App\Controllers\Chat))
 8 SYSTEMPATH\CodeIgniter.php(363): CodeIgniter\CodeIgniter->handleRequest(null, Object(Config\Cache), false)
 9 SYSTEMPATH\Boot.php(417): CodeIgniter\CodeIgniter->run()
10 SYSTEMPATH\Boot.php(68): CodeIgniter\Boot::runCodeIgniter(Object(CodeIgniter\CodeIgniter))
11 FCPATH\index.php(59): CodeIgniter\Boot::bootWeb(Object(Config\Paths))
CRITICAL - 2026-08-30 05:53:22 --> [Caused by] mysqli_sql_exception: Table 'gbinsura_crm.messages' doesn't exist
in SYSTEMPATH\Database\MySQLi\Connection.php on line 300.
 1 SYSTEMPATH\Database\MySQLi\Connection.php(300): mysqli->query('UPDATE `messages` SET `isRead` = 1
WHERE `receiverId` = \'1f4c280d781e9380\'
AND `senderId` = \'207c49c0f2fc6493\'
AND `isRead` = 0', 0)
 2 SYSTEMPATH\Database\BaseConnection.php(908): CodeIgniter\Database\MySQLi\Connection->execute('UPDATE `messages` SET `isRead` = 1
WHERE `receiverId` = \'1f4c280d781e9380\'
AND `senderId` = \'207c49c0f2fc6493\'
AND `isRead` = 0')
 3 SYSTEMPATH\Database\BaseConnection.php(825): CodeIgniter\Database\BaseConnection->simpleQuery('UPDATE `messages` SET `isRead` = 1
WHERE `receiverId` = \'1f4c280d781e9380\'
AND `senderId` = \'207c49c0f2fc6493\'
AND `isRead` = 0')
 4 SYSTEMPATH\Database\BaseBuilder.php(2519): CodeIgniter\Database\BaseConnection->query('UPDATE `messages` SET `isRead` = :isRead.1:
WHERE `receiverId` = :receiverId:
AND `senderId` = :senderId:
AND `isRead` = :isRead:', [...], false)
 5 APPPATH\Models\MessageModel.php(200): CodeIgniter\Database\BaseBuilder->update([...])
 6 APPPATH\Controllers\Chat.php(218): App\Models\MessageModel->markConversationAsRead('1f4c280d781e9380', '207c49c0f2fc6493')
 7 SYSTEMPATH\CodeIgniter.php(974): App\Controllers\Chat->getMessages('207c49c0f2fc6493')
 8 SYSTEMPATH\CodeIgniter.php(520): CodeIgniter\CodeIgniter->runController(Object(App\Controllers\Chat))
 9 SYSTEMPATH\CodeIgniter.php(363): CodeIgniter\CodeIgniter->handleRequest(null, Object(Config\Cache), false)
10 SYSTEMPATH\Boot.php(417): CodeIgniter\CodeIgniter->run()
11 SYSTEMPATH\Boot.php(68): CodeIgniter\Boot::runCodeIgniter(Object(CodeIgniter\CodeIgniter))
12 FCPATH\index.php(59): CodeIgniter\Boot::bootWeb(Object(Config\Paths))
ERROR - 2026-08-30 05:53:25 --> Table 'gbinsura_crm.messages' doesn't exist
in SYSTEMPATH\Database\MySQLi\Connection.php on line 300.
 1 SYSTEMPATH\Database\MySQLi\Connection.php(300): mysqli->query('UPDATE `messages` SET `isRead` = 1
WHERE `receiverId` = \'1f4c280d781e9380\'
AND `senderId` = \'207c49c0f2fc6493\'
AND `isRead` = 0', 0)
 2 SYSTEMPATH\Database\BaseConnection.php(908): CodeIgniter\Database\MySQLi\Connection->execute('UPDATE `messages` SET `isRead` = 1
WHERE `receiverId` = \'1f4c280d781e9380\'
AND `senderId` = \'207c49c0f2fc6493\'
AND `isRead` = 0')
 3 SYSTEMPATH\Database\BaseConnection.php(825): CodeIgniter\Database\BaseConnection->simpleQuery('UPDATE `messages` SET `isRead` = 1
WHERE `receiverId` = \'1f4c280d781e9380\'
AND `senderId` = \'207c49c0f2fc6493\'
AND `isRead` = 0')
 4 SYSTEMPATH\Database\BaseBuilder.php(2519): CodeIgniter\Database\BaseConnection->query('UPDATE `messages` SET `isRead` = :isRead.1:
WHERE `receiverId` = :receiverId:
AND `senderId` = :senderId:
AND `isRead` = :isRead:', [...], false)
 5 APPPATH\Models\MessageModel.php(200): CodeIgniter\Database\BaseBuilder->update([...])
 6 APPPATH\Controllers\Chat.php(218): App\Models\MessageModel->markConversationAsRead('1f4c280d781e9380', '207c49c0f2fc6493')
 7 SYSTEMPATH\CodeIgniter.php(974): App\Controllers\Chat->getMessages('207c49c0f2fc6493')
 8 SYSTEMPATH\CodeIgniter.php(520): CodeIgniter\CodeIgniter->runController(Object(App\Controllers\Chat))
 9 SYSTEMPATH\CodeIgniter.php(363): CodeIgniter\CodeIgniter->handleRequest(null, Object(Config\Cache), false)
10 SYSTEMPATH\Boot.php(417): CodeIgniter\CodeIgniter->run()
11 SYSTEMPATH\Boot.php(68): CodeIgniter\Boot::runCodeIgniter(Object(CodeIgniter\CodeIgniter))
12 FCPATH\index.php(59): CodeIgniter\Boot::bootWeb(Object(Config\Paths))
CRITICAL - 2026-08-30 05:53:25 --> CodeIgniter\Database\Exceptions\DatabaseException: Table 'gbinsura_crm.messages' doesn't exist
[Method: GET, Route: admin/chat/messages/207c49c0f2fc6493]
in SYSTEMPATH\Database\BaseConnection.php on line 863.
 1 SYSTEMPATH\Database\BaseBuilder.php(2519): CodeIgniter\Database\BaseConnection->query('UPDATE `messages` SET `isRead` = :isRead.1:
WHERE `receiverId` = :receiverId:
AND `senderId` = :senderId:
AND `isRead` = :isRead:', [...], false)
 2 APPPATH\Models\MessageModel.php(200): CodeIgniter\Database\BaseBuilder->update([...])
 3 APPPATH\Controllers\Chat.php(218): App\Models\MessageModel->markConversationAsRead('1f4c280d781e9380', '207c49c0f2fc6493')
 4 SYSTEMPATH\CodeIgniter.php(974): App\Controllers\Chat->getMessages('207c49c0f2fc6493')
 5 SYSTEMPATH\CodeIgniter.php(520): CodeIgniter\CodeIgniter->runController(Object(App\Controllers\Chat))
 6 SYSTEMPATH\CodeIgniter.php(363): CodeIgniter\CodeIgniter->handleRequest(null, Object(Config\Cache), false)
 7 SYSTEMPATH\Boot.php(417): CodeIgniter\CodeIgniter->run()
 8 SYSTEMPATH\Boot.php(68): CodeIgniter\Boot::runCodeIgniter(Object(CodeIgniter\CodeIgniter))
 9 FCPATH\index.php(59): CodeIgniter\Boot::bootWeb(Object(Config\Paths))
CRITICAL - 2026-08-30 05:53:25 --> [Caused by] CodeIgniter\Database\Exceptions\DatabaseException: Table 'gbinsura_crm.messages' doesn't exist
in SYSTEMPATH\Database\MySQLi\Connection.php on line 310.
 1 SYSTEMPATH\Database\BaseConnection.php(908): CodeIgniter\Database\MySQLi\Connection->execute('UPDATE `messages` SET `isRead` = 1
WHERE `receiverId` = \'1f4c280d781e9380\'
AND `senderId` = \'207c49c0f2fc6493\'
AND `isRead` = 0')
 2 SYSTEMPATH\Database\BaseConnection.php(825): CodeIgniter\Database\BaseConnection->simpleQuery('UPDATE `messages` SET `isRead` = 1
WHERE `receiverId` = \'1f4c280d781e9380\'
AND `senderId` = \'207c49c0f2fc6493\'
AND `isRead` = 0')
 3 SYSTEMPATH\Database\BaseBuilder.php(2519): CodeIgniter\Database\BaseConnection->query('UPDATE `messages` SET `isRead` = :isRead.1:
WHERE `receiverId` = :receiverId:
AND `senderId` = :senderId:
AND `isRead` = :isRead:', [...], false)
 4 APPPATH\Models\MessageModel.php(200): CodeIgniter\Database\BaseBuilder->update([...])
 5 APPPATH\Controllers\Chat.php(218): App\Models\MessageModel->markConversationAsRead('1f4c280d781e9380', '207c49c0f2fc6493')
 6 SYSTEMPATH\CodeIgniter.php(974): App\Controllers\Chat->getMessages('207c49c0f2fc6493')
 7 SYSTEMPATH\CodeIgniter.php(520): CodeIgniter\CodeIgniter->runController(Object(App\Controllers\Chat))
 8 SYSTEMPATH\CodeIgniter.php(363): CodeIgniter\CodeIgniter->handleRequest(null, Object(Config\Cache), false)
 9 SYSTEMPATH\Boot.php(417): CodeIgniter\CodeIgniter->run()
10 SYSTEMPATH\Boot.php(68): CodeIgniter\Boot::runCodeIgniter(Object(CodeIgniter\CodeIgniter))
11 FCPATH\index.php(59): CodeIgniter\Boot::bootWeb(Object(Config\Paths))
CRITICAL - 2026-08-30 05:53:25 --> [Caused by] mysqli_sql_exception: Table 'gbinsura_crm.messages' doesn't exist
in SYSTEMPATH\Database\MySQLi\Connection.php on line 300.
 1 SYSTEMPATH\Database\MySQLi\Connection.php(300): mysqli->query('UPDATE `messages` SET `isRead` = 1
WHERE `receiverId` = \'1f4c280d781e9380\'
AND `senderId` = \'207c49c0f2fc6493\'
AND `isRead` = 0', 0)
 2 SYSTEMPATH\Database\BaseConnection.php(908): CodeIgniter\Database\MySQLi\Connection->execute('UPDATE `messages` SET `isRead` = 1
WHERE `receiverId` = \'1f4c280d781e9380\'
AND `senderId` = \'207c49c0f2fc6493\'
AND `isRead` = 0')
 3 SYSTEMPATH\Database\BaseConnection.php(825): CodeIgniter\Database\BaseConnection->simpleQuery('UPDATE `messages` SET `isRead` = 1
WHERE `receiverId` = \'1f4c280d781e9380\'
AND `senderId` = \'207c49c0f2fc6493\'
AND `isRead` = 0')
 4 SYSTEMPATH\Database\BaseBuilder.php(2519): CodeIgniter\Database\BaseConnection->query('UPDATE `messages` SET `isRead` = :isRead.1:
WHERE `receiverId` = :receiverId:
AND `senderId` = :senderId:
AND `isRead` = :isRead:', [...], false)
 5 APPPATH\Models\MessageModel.php(200): CodeIgniter\Database\BaseBuilder->update([...])
 6 APPPATH\Controllers\Chat.php(218): App\Models\MessageModel->markConversationAsRead('1f4c280d781e9380', '207c49c0f2fc6493')
 7 SYSTEMPATH\CodeIgniter.php(974): App\Controllers\Chat->getMessages('207c49c0f2fc6493')
 8 SYSTEMPATH\CodeIgniter.php(520): CodeIgniter\CodeIgniter->runController(Object(App\Controllers\Chat))
 9 SYSTEMPATH\CodeIgniter.php(363): CodeIgniter\CodeIgniter->handleRequest(null, Object(Config\Cache), false)
10 SYSTEMPATH\Boot.php(417): CodeIgniter\CodeIgniter->run()
11 SYSTEMPATH\Boot.php(68): CodeIgniter\Boot::runCodeIgniter(Object(CodeIgniter\CodeIgniter))
12 FCPATH\index.php(59): CodeIgniter\Boot::bootWeb(Object(Config\Paths))
ERROR - 2026-08-30 05:53:28 --> Table 'gbinsura_crm.messages' doesn't exist
in SYSTEMPATH\Database\MySQLi\Connection.php on line 300.
 1 SYSTEMPATH\Database\MySQLi\Connection.php(300): mysqli->query('UPDATE `messages` SET `isRead` = 1
WHERE `receiverId` = \'1f4c280d781e9380\'
AND `senderId` = \'207c49c0f2fc6493\'
AND `isRead` = 0', 0)
 2 SYSTEMPATH\Database\BaseConnection.php(908): CodeIgniter\Database\MySQLi\Connection->execute('UPDATE `messages` SET `isRead` = 1
WHERE `receiverId` = \'1f4c280d781e9380\'
AND `senderId` = \'207c49c0f2fc6493\'
AND `isRead` = 0')
 3 SYSTEMPATH\Database\BaseConnection.php(825): CodeIgniter\Database\BaseConnection->simpleQuery('UPDATE `messages` SET `isRead` = 1
WHERE `receiverId` = \'1f4c280d781e9380\'
AND `senderId` = \'207c49c0f2fc6493\'
AND `isRead` = 0')
 4 SYSTEMPATH\Database\BaseBuilder.php(2519): CodeIgniter\Database\BaseConnection->query('UPDATE `messages` SET `isRead` = :isRead.1:
WHERE `receiverId` = :receiverId:
AND `senderId` = :senderId:
AND `isRead` = :isRead:', [...], false)
 5 APPPATH\Models\MessageModel.php(200): CodeIgniter\Database\BaseBuilder->update([...])
 6 APPPATH\Controllers\Chat.php(218): App\Models\MessageModel->markConversationAsRead('1f4c280d781e9380', '207c49c0f2fc6493')
 7 SYSTEMPATH\CodeIgniter.php(974): App\Controllers\Chat->getMessages('207c49c0f2fc6493')
 8 SYSTEMPATH\CodeIgniter.php(520): CodeIgniter\CodeIgniter->runController(Object(App\Controllers\Chat))
 9 SYSTEMPATH\CodeIgniter.php(363): CodeIgniter\CodeIgniter->handleRequest(null, Object(Config\Cache), false)
10 SYSTEMPATH\Boot.php(417): CodeIgniter\CodeIgniter->run()
11 SYSTEMPATH\Boot.php(68): CodeIgniter\Boot::runCodeIgniter(Object(CodeIgniter\CodeIgniter))
12 FCPATH\index.php(59): CodeIgniter\Boot::bootWeb(Object(Config\Paths))
CRITICAL - 2026-08-30 05:53:28 --> CodeIgniter\Database\Exceptions\DatabaseException: Table 'gbinsura_crm.messages' doesn't exist
[Method: GET, Route: admin/chat/messages/207c49c0f2fc6493]
in SYSTEMPATH\Database\BaseConnection.php on line 863.
 1 SYSTEMPATH\Database\BaseBuilder.php(2519): CodeIgniter\Database\BaseConnection->query('UPDATE `messages` SET `isRead` = :isRead.1:
WHERE `receiverId` = :receiverId:
AND `senderId` = :senderId:
AND `isRead` = :isRead:', [...], false)
 2 APPPATH\Models\MessageModel.php(200): CodeIgniter\Database\BaseBuilder->update([...])
 3 APPPATH\Controllers\Chat.php(218): App\Models\MessageModel->markConversationAsRead('1f4c280d781e9380', '207c49c0f2fc6493')
 4 SYSTEMPATH\CodeIgniter.php(974): App\Controllers\Chat->getMessages('207c49c0f2fc6493')
 5 SYSTEMPATH\CodeIgniter.php(520): CodeIgniter\CodeIgniter->runController(Object(App\Controllers\Chat))
 6 SYSTEMPATH\CodeIgniter.php(363): CodeIgniter\CodeIgniter->handleRequest(null, Object(Config\Cache), false)
 7 SYSTEMPATH\Boot.php(417): CodeIgniter\CodeIgniter->run()
 8 SYSTEMPATH\Boot.php(68): CodeIgniter\Boot::runCodeIgniter(Object(CodeIgniter\CodeIgniter))
 9 FCPATH\index.php(59): CodeIgniter\Boot::bootWeb(Object(Config\Paths))
CRITICAL - 2026-08-30 05:53:28 --> [Caused by] CodeIgniter\Database\Exceptions\DatabaseException: Table 'gbinsura_crm.messages' doesn't exist
in SYSTEMPATH\Database\MySQLi\Connection.php on line 310.
 1 SYSTEMPATH\Database\BaseConnection.php(908): CodeIgniter\Database\MySQLi\Connection->execute('UPDATE `messages` SET `isRead` = 1
WHERE `receiverId` = \'1f4c280d781e9380\'
AND `senderId` = \'207c49c0f2fc6493\'
AND `isRead` = 0')
 2 SYSTEMPATH\Database\BaseConnection.php(825): CodeIgniter\Database\BaseConnection->simpleQuery('UPDATE `messages` SET `isRead` = 1
WHERE `receiverId` = \'1f4c280d781e9380\'
AND `senderId` = \'207c49c0f2fc6493\'
AND `isRead` = 0')
 3 SYSTEMPATH\Database\BaseBuilder.php(2519): CodeIgniter\Database\BaseConnection->query('UPDATE `messages` SET `isRead` = :isRead.1:
WHERE `receiverId` = :receiverId:
AND `senderId` = :senderId:
AND `isRead` = :isRead:', [...], false)
 4 APPPATH\Models\MessageModel.php(200): CodeIgniter\Database\BaseBuilder->update([...])
 5 APPPATH\Controllers\Chat.php(218): App\Models\MessageModel->markConversationAsRead('1f4c280d781e9380', '207c49c0f2fc6493')
 6 SYSTEMPATH\CodeIgniter.php(974): App\Controllers\Chat->getMessages('207c49c0f2fc6493')
 7 SYSTEMPATH\CodeIgniter.php(520): CodeIgniter\CodeIgniter->runController(Object(App\Controllers\Chat))
 8 SYSTEMPATH\CodeIgniter.php(363): CodeIgniter\CodeIgniter->handleRequest(null, Object(Config\Cache), false)
 9 SYSTEMPATH\Boot.php(417): CodeIgniter\CodeIgniter->run()
10 SYSTEMPATH\Boot.php(68): CodeIgniter\Boot::runCodeIgniter(Object(CodeIgniter\CodeIgniter))
11 FCPATH\index.php(59): CodeIgniter\Boot::bootWeb(Object(Config\Paths))
CRITICAL - 2026-08-30 05:53:28 --> [Caused by] mysqli_sql_exception: Table 'gbinsura_crm.messages' doesn't exist
in SYSTEMPATH\Database\MySQLi\Connection.php on line 300.
 1 SYSTEMPATH\Database\MySQLi\Connection.php(300): mysqli->query('UPDATE `messages` SET `isRead` = 1
WHERE `receiverId` = \'1f4c280d781e9380\'
AND `senderId` = \'207c49c0f2fc6493\'
AND `isRead` = 0', 0)
 2 SYSTEMPATH\Database\BaseConnection.php(908): CodeIgniter\Database\MySQLi\Connection->execute('UPDATE `messages` SET `isRead` = 1
WHERE `receiverId` = \'1f4c280d781e9380\'
AND `senderId` = \'207c49c0f2fc6493\'
AND `isRead` = 0')
 3 SYSTEMPATH\Database\BaseConnection.php(825): CodeIgniter\Database\BaseConnection->simpleQuery('UPDATE `messages` SET `isRead` = 1
WHERE `receiverId` = \'1f4c280d781e9380\'
AND `senderId` = \'207c49c0f2fc6493\'
AND `isRead` = 0')
 4 SYSTEMPATH\Database\BaseBuilder.php(2519): CodeIgniter\Database\BaseConnection->query('UPDATE `messages` SET `isRead` = :isRead.1:
WHERE `receiverId` = :receiverId:
AND `senderId` = :senderId:
AND `isRead` = :isRead:', [...], false)
 5 APPPATH\Models\MessageModel.php(200): CodeIgniter\Database\BaseBuilder->update([...])
 6 APPPATH\Controllers\Chat.php(218): App\Models\MessageModel->markConversationAsRead('1f4c280d781e9380', '207c49c0f2fc6493')
 7 SYSTEMPATH\CodeIgniter.php(974): App\Controllers\Chat->getMessages('207c49c0f2fc6493')
 8 SYSTEMPATH\CodeIgniter.php(520): CodeIgniter\CodeIgniter->runController(Object(App\Controllers\Chat))
 9 SYSTEMPATH\CodeIgniter.php(363): CodeIgniter\CodeIgniter->handleRequest(null, Object(Config\Cache), false)
10 SYSTEMPATH\Boot.php(417): CodeIgniter\CodeIgniter->run()
11 SYSTEMPATH\Boot.php(68): CodeIgniter\Boot::runCodeIgniter(Object(CodeIgniter\CodeIgniter))
12 FCPATH\index.php(59): CodeIgniter\Boot::bootWeb(Object(Config\Paths))
ERROR - 2026-08-30 05:53:31 --> Table 'gbinsura_crm.messages' doesn't exist
in SYSTEMPATH\Database\MySQLi\Connection.php on line 300.
 1 SYSTEMPATH\Database\MySQLi\Connection.php(300): mysqli->query('SELECT COUNT(*) AS `numrows`
FROM `messages`
WHERE `receiverId` = \'1f4c280d781e9380\'
AND `isRead` = 0', 0)
 2 SYSTEMPATH\Database\BaseConnection.php(908): CodeIgniter\Database\MySQLi\Connection->execute('SELECT COUNT(*) AS `numrows`
FROM `messages`
WHERE `receiverId` = \'1f4c280d781e9380\'
AND `isRead` = 0')
 3 SYSTEMPATH\Database\BaseConnection.php(825): CodeIgniter\Database\BaseConnection->simpleQuery('SELECT COUNT(*) AS `numrows`
FROM `messages`
WHERE `receiverId` = \'1f4c280d781e9380\'
AND `isRead` = 0')
 4 SYSTEMPATH\Database\BaseBuilder.php(1731): CodeIgniter\Database\BaseConnection->query('SELECT COUNT(*) AS `numrows`
FROM `messages`
WHERE `receiverId` = :receiverId:
AND `isRead` = :isRead:', [...], false)
 5 APPPATH\Models\MessageModel.php(163): CodeIgniter\Database\BaseBuilder->countAllResults()
 6 APPPATH\Controllers\Chat.php(69): App\Models\MessageModel->getUnreadCount('1f4c280d781e9380')
 7 SYSTEMPATH\CodeIgniter.php(974): App\Controllers\Chat->unreadCount()
 8 SYSTEMPATH\CodeIgniter.php(520): CodeIgniter\CodeIgniter->runController(Object(App\Controllers\Chat))
 9 SYSTEMPATH\CodeIgniter.php(363): CodeIgniter\CodeIgniter->handleRequest(null, Object(Config\Cache), false)
10 SYSTEMPATH\Boot.php(417): CodeIgniter\CodeIgniter->run()
11 SYSTEMPATH\Boot.php(68): CodeIgniter\Boot::runCodeIgniter(Object(CodeIgniter\CodeIgniter))
12 FCPATH\index.php(59): CodeIgniter\Boot::bootWeb(Object(Config\Paths))
CRITICAL - 2026-08-30 05:53:31 --> CodeIgniter\Database\Exceptions\DatabaseException: Table 'gbinsura_crm.messages' doesn't exist
[Method: GET, Route: admin/chat/unread-count]
in SYSTEMPATH\Database\BaseConnection.php on line 863.
 1 SYSTEMPATH\Database\BaseBuilder.php(1731): CodeIgniter\Database\BaseConnection->query('SELECT COUNT(*) AS `numrows`
FROM `messages`
WHERE `receiverId` = :receiverId:
AND `isRead` = :isRead:', [...], false)
 2 APPPATH\Models\MessageModel.php(163): CodeIgniter\Database\BaseBuilder->countAllResults()
 3 APPPATH\Controllers\Chat.php(69): App\Models\MessageModel->getUnreadCount('1f4c280d781e9380')
 4 SYSTEMPATH\CodeIgniter.php(974): App\Controllers\Chat->unreadCount()
 5 SYSTEMPATH\CodeIgniter.php(520): CodeIgniter\CodeIgniter->runController(Object(App\Controllers\Chat))
 6 SYSTEMPATH\CodeIgniter.php(363): CodeIgniter\CodeIgniter->handleRequest(null, Object(Config\Cache), false)
 7 SYSTEMPATH\Boot.php(417): CodeIgniter\CodeIgniter->run()
 8 SYSTEMPATH\Boot.php(68): CodeIgniter\Boot::runCodeIgniter(Object(CodeIgniter\CodeIgniter))
 9 FCPATH\index.php(59): CodeIgniter\Boot::bootWeb(Object(Config\Paths))
CRITICAL - 2026-08-30 05:53:31 --> [Caused by] CodeIgniter\Database\Exceptions\DatabaseException: Table 'gbinsura_crm.messages' doesn't exist
in SYSTEMPATH\Database\MySQLi\Connection.php on line 310.
 1 SYSTEMPATH\Database\BaseConnection.php(908): CodeIgniter\Database\MySQLi\Connection->execute('SELECT COUNT(*) AS `numrows`
FROM `messages`
WHERE `receiverId` = \'1f4c280d781e9380\'
AND `isRead` = 0')
 2 SYSTEMPATH\Database\BaseConnection.php(825): CodeIgniter\Database\BaseConnection->simpleQuery('SELECT COUNT(*) AS `numrows`
FROM `messages`
WHERE `receiverId` = \'1f4c280d781e9380\'
AND `isRead` = 0')
 3 SYSTEMPATH\Database\BaseBuilder.php(1731): CodeIgniter\Database\BaseConnection->query('SELECT COUNT(*) AS `numrows`
FROM `messages`
WHERE `receiverId` = :receiverId:
AND `isRead` = :isRead:', [...], false)
 4 APPPATH\Models\MessageModel.php(163): CodeIgniter\Database\BaseBuilder->countAllResults()
 5 APPPATH\Controllers\Chat.php(69): App\Models\MessageModel->getUnreadCount('1f4c280d781e9380')
 6 SYSTEMPATH\CodeIgniter.php(974): App\Controllers\Chat->unreadCount()
 7 SYSTEMPATH\CodeIgniter.php(520): CodeIgniter\CodeIgniter->runController(Object(App\Controllers\Chat))
 8 SYSTEMPATH\CodeIgniter.php(363): CodeIgniter\CodeIgniter->handleRequest(null, Object(Config\Cache), false)
 9 SYSTEMPATH\Boot.php(417): CodeIgniter\CodeIgniter->run()
10 SYSTEMPATH\Boot.php(68): CodeIgniter\Boot::runCodeIgniter(Object(CodeIgniter\CodeIgniter))
11 FCPATH\index.php(59): CodeIgniter\Boot::bootWeb(Object(Config\Paths))
CRITICAL - 2026-08-30 05:53:31 --> [Caused by] mysqli_sql_exception: Table 'gbinsura_crm.messages' doesn't exist
in SYSTEMPATH\Database\MySQLi\Connection.php on line 300.
 1 SYSTEMPATH\Database\MySQLi\Connection.php(300): mysqli->query('SELECT COUNT(*) AS `numrows`
FROM `messages`
WHERE `receiverId` = \'1f4c280d781e9380\'
AND `isRead` = 0', 0)
 2 SYSTEMPATH\Database\BaseConnection.php(908): CodeIgniter\Database\MySQLi\Connection->execute('SELECT COUNT(*) AS `numrows`
FROM `messages`
WHERE `receiverId` = \'1f4c280d781e9380\'
AND `isRead` = 0')
 3 SYSTEMPATH\Database\BaseConnection.php(825): CodeIgniter\Database\BaseConnection->simpleQuery('SELECT COUNT(*) AS `numrows`
FROM `messages`
WHERE `receiverId` = \'1f4c280d781e9380\'
AND `isRead` = 0')
 4 SYSTEMPATH\Database\BaseBuilder.php(1731): CodeIgniter\Database\BaseConnection->query('SELECT COUNT(*) AS `numrows`
FROM `messages`
WHERE `receiverId` = :receiverId:
AND `isRead` = :isRead:', [...], false)
 5 APPPATH\Models\MessageModel.php(163): CodeIgniter\Database\BaseBuilder->countAllResults()
 6 APPPATH\Controllers\Chat.php(69): App\Models\MessageModel->getUnreadCount('1f4c280d781e9380')
 7 SYSTEMPATH\CodeIgniter.php(974): App\Controllers\Chat->unreadCount()
 8 SYSTEMPATH\CodeIgniter.php(520): CodeIgniter\CodeIgniter->runController(Object(App\Controllers\Chat))
 9 SYSTEMPATH\CodeIgniter.php(363): CodeIgniter\CodeIgniter->handleRequest(null, Object(Config\Cache), false)
10 SYSTEMPATH\Boot.php(417): CodeIgniter\CodeIgniter->run()
11 SYSTEMPATH\Boot.php(68): CodeIgniter\Boot::runCodeIgniter(Object(CodeIgniter\CodeIgniter))
12 FCPATH\index.php(59): CodeIgniter\Boot::bootWeb(Object(Config\Paths))
ERROR - 2026-08-30 05:53:31 --> Table 'gbinsura_crm.messages' doesn't exist
in SYSTEMPATH\Database\MySQLi\Connection.php on line 300.
 1 SYSTEMPATH\Database\MySQLi\Connection.php(300): mysqli->query('UPDATE `messages` SET `isRead` = 1
WHERE `receiverId` = \'1f4c280d781e9380\'
AND `senderId` = \'207c49c0f2fc6493\'
AND `isRead` = 0', 0)
 2 SYSTEMPATH\Database\BaseConnection.php(908): CodeIgniter\Database\MySQLi\Connection->execute('UPDATE `messages` SET `isRead` = 1
WHERE `receiverId` = \'1f4c280d781e9380\'
AND `senderId` = \'207c49c0f2fc6493\'
AND `isRead` = 0')
 3 SYSTEMPATH\Database\BaseConnection.php(825): CodeIgniter\Database\BaseConnection->simpleQuery('UPDATE `messages` SET `isRead` = 1
WHERE `receiverId` = \'1f4c280d781e9380\'
AND `senderId` = \'207c49c0f2fc6493\'
AND `isRead` = 0')
 4 SYSTEMPATH\Database\BaseBuilder.php(2519): CodeIgniter\Database\BaseConnection->query('UPDATE `messages` SET `isRead` = :isRead.1:
WHERE `receiverId` = :receiverId:
AND `senderId` = :senderId:
AND `isRead` = :isRead:', [...], false)
 5 APPPATH\Models\MessageModel.php(200): CodeIgniter\Database\BaseBuilder->update([...])
 6 APPPATH\Controllers\Chat.php(218): App\Models\MessageModel->markConversationAsRead('1f4c280d781e9380', '207c49c0f2fc6493')
 7 SYSTEMPATH\CodeIgniter.php(974): App\Controllers\Chat->getMessages('207c49c0f2fc6493')
 8 SYSTEMPATH\CodeIgniter.php(520): CodeIgniter\CodeIgniter->runController(Object(App\Controllers\Chat))
 9 SYSTEMPATH\CodeIgniter.php(363): CodeIgniter\CodeIgniter->handleRequest(null, Object(Config\Cache), false)
10 SYSTEMPATH\Boot.php(417): CodeIgniter\CodeIgniter->run()
11 SYSTEMPATH\Boot.php(68): CodeIgniter\Boot::runCodeIgniter(Object(CodeIgniter\CodeIgniter))
12 FCPATH\index.php(59): CodeIgniter\Boot::bootWeb(Object(Config\Paths))
CRITICAL - 2026-08-30 05:53:31 --> CodeIgniter\Database\Exceptions\DatabaseException: Table 'gbinsura_crm.messages' doesn't exist
[Method: GET, Route: admin/chat/messages/207c49c0f2fc6493]
in SYSTEMPATH\Database\BaseConnection.php on line 863.
 1 SYSTEMPATH\Database\BaseBuilder.php(2519): CodeIgniter\Database\BaseConnection->query('UPDATE `messages` SET `isRead` = :isRead.1:
WHERE `receiverId` = :receiverId:
AND `senderId` = :senderId:
AND `isRead` = :isRead:', [...], false)
 2 APPPATH\Models\MessageModel.php(200): CodeIgniter\Database\BaseBuilder->update([...])
 3 APPPATH\Controllers\Chat.php(218): App\Models\MessageModel->markConversationAsRead('1f4c280d781e9380', '207c49c0f2fc6493')
 4 SYSTEMPATH\CodeIgniter.php(974): App\Controllers\Chat->getMessages('207c49c0f2fc6493')
 5 SYSTEMPATH\CodeIgniter.php(520): CodeIgniter\CodeIgniter->runController(Object(App\Controllers\Chat))
 6 SYSTEMPATH\CodeIgniter.php(363): CodeIgniter\CodeIgniter->handleRequest(null, Object(Config\Cache), false)
 7 SYSTEMPATH\Boot.php(417): CodeIgniter\CodeIgniter->run()
 8 SYSTEMPATH\Boot.php(68): CodeIgniter\Boot::runCodeIgniter(Object(CodeIgniter\CodeIgniter))
 9 FCPATH\index.php(59): CodeIgniter\Boot::bootWeb(Object(Config\Paths))
CRITICAL - 2026-08-30 05:53:31 --> [Caused by] CodeIgniter\Database\Exceptions\DatabaseException: Table 'gbinsura_crm.messages' doesn't exist
in SYSTEMPATH\Database\MySQLi\Connection.php on line 310.
 1 SYSTEMPATH\Database\BaseConnection.php(908): CodeIgniter\Database\MySQLi\Connection->execute('UPDATE `messages` SET `isRead` = 1
WHERE `receiverId` = \'1f4c280d781e9380\'
AND `senderId` = \'207c49c0f2fc6493\'
AND `isRead` = 0')
 2 SYSTEMPATH\Database\BaseConnection.php(825): CodeIgniter\Database\BaseConnection->simpleQuery('UPDATE `messages` SET `isRead` = 1
WHERE `receiverId` = \'1f4c280d781e9380\'
AND `senderId` = \'207c49c0f2fc6493\'
AND `isRead` = 0')
 3 SYSTEMPATH\Database\BaseBuilder.php(2519): CodeIgniter\Database\BaseConnection->query('UPDATE `messages` SET `isRead` = :isRead.1:
WHERE `receiverId` = :receiverId:
AND `senderId` = :senderId:
AND `isRead` = :isRead:', [...], false)
 4 APPPATH\Models\MessageModel.php(200): CodeIgniter\Database\BaseBuilder->update([...])
 5 APPPATH\Controllers\Chat.php(218): App\Models\MessageModel->markConversationAsRead('1f4c280d781e9380', '207c49c0f2fc6493')
 6 SYSTEMPATH\CodeIgniter.php(974): App\Controllers\Chat->getMessages('207c49c0f2fc6493')
 7 SYSTEMPATH\CodeIgniter.php(520): CodeIgniter\CodeIgniter->runController(Object(App\Controllers\Chat))
 8 SYSTEMPATH\CodeIgniter.php(363): CodeIgniter\CodeIgniter->handleRequest(null, Object(Config\Cache), false)
 9 SYSTEMPATH\Boot.php(417): CodeIgniter\CodeIgniter->run()
10 SYSTEMPATH\Boot.php(68): CodeIgniter\Boot::runCodeIgniter(Object(CodeIgniter\CodeIgniter))
11 FCPATH\index.php(59): CodeIgniter\Boot::bootWeb(Object(Config\Paths))
CRITICAL - 2026-08-30 05:53:31 --> [Caused by] mysqli_sql_exception: Table 'gbinsura_crm.messages' doesn't exist
in SYSTEMPATH\Database\MySQLi\Connection.php on line 300.
 1 SYSTEMPATH\Database\MySQLi\Connection.php(300): mysqli->query('UPDATE `messages` SET `isRead` = 1
WHERE `receiverId` = \'1f4c280d781e9380\'
AND `senderId` = \'207c49c0f2fc6493\'
AND `isRead` = 0', 0)
 2 SYSTEMPATH\Database\BaseConnection.php(908): CodeIgniter\Database\MySQLi\Connection->execute('UPDATE `messages` SET `isRead` = 1
WHERE `receiverId` = \'1f4c280d781e9380\'
AND `senderId` = \'207c49c0f2fc6493\'
AND `isRead` = 0')
 3 SYSTEMPATH\Database\BaseConnection.php(825): CodeIgniter\Database\BaseConnection->simpleQuery('UPDATE `messages` SET `isRead` = 1
WHERE `receiverId` = \'1f4c280d781e9380\'
AND `senderId` = \'207c49c0f2fc6493\'
AND `isRead` = 0')
 4 SYSTEMPATH\Database\BaseBuilder.php(2519): CodeIgniter\Database\BaseConnection->query('UPDATE `messages` SET `isRead` = :isRead.1:
WHERE `receiverId` = :receiverId:
AND `senderId` = :senderId:
AND `isRead` = :isRead:', [...], false)
 5 APPPATH\Models\MessageModel.php(200): CodeIgniter\Database\BaseBuilder->update([...])
 6 APPPATH\Controllers\Chat.php(218): App\Models\MessageModel->markConversationAsRead('1f4c280d781e9380', '207c49c0f2fc6493')
 7 SYSTEMPATH\CodeIgniter.php(974): App\Controllers\Chat->getMessages('207c49c0f2fc6493')
 8 SYSTEMPATH\CodeIgniter.php(520): CodeIgniter\CodeIgniter->runController(Object(App\Controllers\Chat))
 9 SYSTEMPATH\CodeIgniter.php(363): CodeIgniter\CodeIgniter->handleRequest(null, Object(Config\Cache), false)
10 SYSTEMPATH\Boot.php(417): CodeIgniter\CodeIgniter->run()
11 SYSTEMPATH\Boot.php(68): CodeIgniter\Boot::runCodeIgniter(Object(CodeIgniter\CodeIgniter))
12 FCPATH\index.php(59): CodeIgniter\Boot::bootWeb(Object(Config\Paths))
ERROR - 2026-08-30 05:53:34 --> Table 'gbinsura_crm.messages' doesn't exist
in SYSTEMPATH\Database\MySQLi\Connection.php on line 300.
 1 SYSTEMPATH\Database\MySQLi\Connection.php(300): mysqli->query('UPDATE `messages` SET `isRead` = 1
WHERE `receiverId` = \'1f4c280d781e9380\'
AND `senderId` = \'207c49c0f2fc6493\'
AND `isRead` = 0', 0)
 2 SYSTEMPATH\Database\BaseConnection.php(908): CodeIgniter\Database\MySQLi\Connection->execute('UPDATE `messages` SET `isRead` = 1
WHERE `receiverId` = \'1f4c280d781e9380\'
AND `senderId` = \'207c49c0f2fc6493\'
AND `isRead` = 0')
 3 SYSTEMPATH\Database\BaseConnection.php(825): CodeIgniter\Database\BaseConnection->simpleQuery('UPDATE `messages` SET `isRead` = 1
WHERE `receiverId` = \'1f4c280d781e9380\'
AND `senderId` = \'207c49c0f2fc6493\'
AND `isRead` = 0')
 4 SYSTEMPATH\Database\BaseBuilder.php(2519): CodeIgniter\Database\BaseConnection->query('UPDATE `messages` SET `isRead` = :isRead.1:
WHERE `receiverId` = :receiverId:
AND `senderId` = :senderId:
AND `isRead` = :isRead:', [...], false)
 5 APPPATH\Models\MessageModel.php(200): CodeIgniter\Database\BaseBuilder->update([...])
 6 APPPATH\Controllers\Chat.php(218): App\Models\MessageModel->markConversationAsRead('1f4c280d781e9380', '207c49c0f2fc6493')
 7 SYSTEMPATH\CodeIgniter.php(974): App\Controllers\Chat->getMessages('207c49c0f2fc6493')
 8 SYSTEMPATH\CodeIgniter.php(520): CodeIgniter\CodeIgniter->runController(Object(App\Controllers\Chat))
 9 SYSTEMPATH\CodeIgniter.php(363): CodeIgniter\CodeIgniter->handleRequest(null, Object(Config\Cache), false)
10 SYSTEMPATH\Boot.php(417): CodeIgniter\CodeIgniter->run()
11 SYSTEMPATH\Boot.php(68): CodeIgniter\Boot::runCodeIgniter(Object(CodeIgniter\CodeIgniter))
12 FCPATH\index.php(59): CodeIgniter\Boot::bootWeb(Object(Config\Paths))
CRITICAL - 2026-08-30 05:53:34 --> CodeIgniter\Database\Exceptions\DatabaseException: Table 'gbinsura_crm.messages' doesn't exist
[Method: GET, Route: admin/chat/messages/207c49c0f2fc6493]
in SYSTEMPATH\Database\BaseConnection.php on line 863.
 1 SYSTEMPATH\Database\BaseBuilder.php(2519): CodeIgniter\Database\BaseConnection->query('UPDATE `messages` SET `isRead` = :isRead.1:
WHERE `receiverId` = :receiverId:
AND `senderId` = :senderId:
AND `isRead` = :isRead:', [...], false)
 2 APPPATH\Models\MessageModel.php(200): CodeIgniter\Database\BaseBuilder->update([...])
 3 APPPATH\Controllers\Chat.php(218): App\Models\MessageModel->markConversationAsRead('1f4c280d781e9380', '207c49c0f2fc6493')
 4 SYSTEMPATH\CodeIgniter.php(974): App\Controllers\Chat->getMessages('207c49c0f2fc6493')
 5 SYSTEMPATH\CodeIgniter.php(520): CodeIgniter\CodeIgniter->runController(Object(App\Controllers\Chat))
 6 SYSTEMPATH\CodeIgniter.php(363): CodeIgniter\CodeIgniter->handleRequest(null, Object(Config\Cache), false)
 7 SYSTEMPATH\Boot.php(417): CodeIgniter\CodeIgniter->run()
 8 SYSTEMPATH\Boot.php(68): CodeIgniter\Boot::runCodeIgniter(Object(CodeIgniter\CodeIgniter))
 9 FCPATH\index.php(59): CodeIgniter\Boot::bootWeb(Object(Config\Paths))
CRITICAL - 2026-08-30 05:53:34 --> [Caused by] CodeIgniter\Database\Exceptions\DatabaseException: Table 'gbinsura_crm.messages' doesn't exist
in SYSTEMPATH\Database\MySQLi\Connection.php on line 310.
 1 SYSTEMPATH\Database\BaseConnection.php(908): CodeIgniter\Database\MySQLi\Connection->execute('UPDATE `messages` SET `isRead` = 1
WHERE `receiverId` = \'1f4c280d781e9380\'
AND `senderId` = \'207c49c0f2fc6493\'
AND `isRead` = 0')
 2 SYSTEMPATH\Database\BaseConnection.php(825): CodeIgniter\Database\BaseConnection->simpleQuery('UPDATE `messages` SET `isRead` = 1
WHERE `receiverId` = \'1f4c280d781e9380\'
AND `senderId` = \'207c49c0f2fc6493\'
AND `isRead` = 0')
 3 SYSTEMPATH\Database\BaseBuilder.php(2519): CodeIgniter\Database\BaseConnection->query('UPDATE `messages` SET `isRead` = :isRead.1:
WHERE `receiverId` = :receiverId:
AND `senderId` = :senderId:
AND `isRead` = :isRead:', [...], false)
 4 APPPATH\Models\MessageModel.php(200): CodeIgniter\Database\BaseBuilder->update([...])
 5 APPPATH\Controllers\Chat.php(218): App\Models\MessageModel->markConversationAsRead('1f4c280d781e9380', '207c49c0f2fc6493')
 6 SYSTEMPATH\CodeIgniter.php(974): App\Controllers\Chat->getMessages('207c49c0f2fc6493')
 7 SYSTEMPATH\CodeIgniter.php(520): CodeIgniter\CodeIgniter->runController(Object(App\Controllers\Chat))
 8 SYSTEMPATH\CodeIgniter.php(363): CodeIgniter\CodeIgniter->handleRequest(null, Object(Config\Cache), false)
 9 SYSTEMPATH\Boot.php(417): CodeIgniter\CodeIgniter->run()
10 SYSTEMPATH\Boot.php(68): CodeIgniter\Boot::runCodeIgniter(Object(CodeIgniter\CodeIgniter))
11 FCPATH\index.php(59): CodeIgniter\Boot::bootWeb(Object(Config\Paths))
CRITICAL - 2026-08-30 05:53:34 --> [Caused by] mysqli_sql_exception: Table 'gbinsura_crm.messages' doesn't exist
in SYSTEMPATH\Database\MySQLi\Connection.php on line 300.
 1 SYSTEMPATH\Database\MySQLi\Connection.php(300): mysqli->query('UPDATE `messages` SET `isRead` = 1
WHERE `receiverId` = \'1f4c280d781e9380\'
AND `senderId` = \'207c49c0f2fc6493\'
AND `isRead` = 0', 0)
 2 SYSTEMPATH\Database\BaseConnection.php(908): CodeIgniter\Database\MySQLi\Connection->execute('UPDATE `messages` SET `isRead` = 1
WHERE `receiverId` = \'1f4c280d781e9380\'
AND `senderId` = \'207c49c0f2fc6493\'
AND `isRead` = 0')
 3 SYSTEMPATH\Database\BaseConnection.php(825): CodeIgniter\Database\BaseConnection->simpleQuery('UPDATE `messages` SET `isRead` = 1
WHERE `receiverId` = \'1f4c280d781e9380\'
AND `senderId` = \'207c49c0f2fc6493\'
AND `isRead` = 0')
 4 SYSTEMPATH\Database\BaseBuilder.php(2519): CodeIgniter\Database\BaseConnection->query('UPDATE `messages` SET `isRead` = :isRead.1:
WHERE `receiverId` = :receiverId:
AND `senderId` = :senderId:
AND `isRead` = :isRead:', [...], false)
 5 APPPATH\Models\MessageModel.php(200): CodeIgniter\Database\BaseBuilder->update([...])
 6 APPPATH\Controllers\Chat.php(218): App\Models\MessageModel->markConversationAsRead('1f4c280d781e9380', '207c49c0f2fc6493')
 7 SYSTEMPATH\CodeIgniter.php(974): App\Controllers\Chat->getMessages('207c49c0f2fc6493')
 8 SYSTEMPATH\CodeIgniter.php(520): CodeIgniter\CodeIgniter->runController(Object(App\Controllers\Chat))
 9 SYSTEMPATH\CodeIgniter.php(363): CodeIgniter\CodeIgniter->handleRequest(null, Object(Config\Cache), false)
10 SYSTEMPATH\Boot.php(417): CodeIgniter\CodeIgniter->run()
11 SYSTEMPATH\Boot.php(68): CodeIgniter\Boot::runCodeIgniter(Object(CodeIgniter\CodeIgniter))
12 FCPATH\index.php(59): CodeIgniter\Boot::bootWeb(Object(Config\Paths))
ERROR - 2026-08-30 05:53:38 --> Table 'gbinsura_crm.messages' doesn't exist
in SYSTEMPATH\Database\MySQLi\Connection.php on line 300.
 1 SYSTEMPATH\Database\MySQLi\Connection.php(300): mysqli->query('UPDATE `messages` SET `isRead` = 1
WHERE `receiverId` = \'1f4c280d781e9380\'
AND `senderId` = \'207c49c0f2fc6493\'
AND `isRead` = 0', 0)
 2 SYSTEMPATH\Database\BaseConnection.php(908): CodeIgniter\Database\MySQLi\Connection->execute('UPDATE `messages` SET `isRead` = 1
WHERE `receiverId` = \'1f4c280d781e9380\'
AND `senderId` = \'207c49c0f2fc6493\'
AND `isRead` = 0')
 3 SYSTEMPATH\Database\BaseConnection.php(825): CodeIgniter\Database\BaseConnection->simpleQuery('UPDATE `messages` SET `isRead` = 1
WHERE `receiverId` = \'1f4c280d781e9380\'
AND `senderId` = \'207c49c0f2fc6493\'
AND `isRead` = 0')
 4 SYSTEMPATH\Database\BaseBuilder.php(2519): CodeIgniter\Database\BaseConnection->query('UPDATE `messages` SET `isRead` = :isRead.1:
WHERE `receiverId` = :receiverId:
AND `senderId` = :senderId:
AND `isRead` = :isRead:', [...], false)
 5 APPPATH\Models\MessageModel.php(200): CodeIgniter\Database\BaseBuilder->update([...])
 6 APPPATH\Controllers\Chat.php(218): App\Models\MessageModel->markConversationAsRead('1f4c280d781e9380', '207c49c0f2fc6493')
 7 SYSTEMPATH\CodeIgniter.php(974): App\Controllers\Chat->getMessages('207c49c0f2fc6493')
 8 SYSTEMPATH\CodeIgniter.php(520): CodeIgniter\CodeIgniter->runController(Object(App\Controllers\Chat))
 9 SYSTEMPATH\CodeIgniter.php(363): CodeIgniter\CodeIgniter->handleRequest(null, Object(Config\Cache), false)
10 SYSTEMPATH\Boot.php(417): CodeIgniter\CodeIgniter->run()
11 SYSTEMPATH\Boot.php(68): CodeIgniter\Boot::runCodeIgniter(Object(CodeIgniter\CodeIgniter))
12 FCPATH\index.php(59): CodeIgniter\Boot::bootWeb(Object(Config\Paths))
CRITICAL - 2026-08-30 05:53:38 --> CodeIgniter\Database\Exceptions\DatabaseException: Table 'gbinsura_crm.messages' doesn't exist
[Method: GET, Route: admin/chat/messages/207c49c0f2fc6493]
in SYSTEMPATH\Database\BaseConnection.php on line 863.
 1 SYSTEMPATH\Database\BaseBuilder.php(2519): CodeIgniter\Database\BaseConnection->query('UPDATE `messages` SET `isRead` = :isRead.1:
WHERE `receiverId` = :receiverId:
AND `senderId` = :senderId:
AND `isRead` = :isRead:', [...], false)
 2 APPPATH\Models\MessageModel.php(200): CodeIgniter\Database\BaseBuilder->update([...])
 3 APPPATH\Controllers\Chat.php(218): App\Models\MessageModel->markConversationAsRead('1f4c280d781e9380', '207c49c0f2fc6493')
 4 SYSTEMPATH\CodeIgniter.php(974): App\Controllers\Chat->getMessages('207c49c0f2fc6493')
 5 SYSTEMPATH\CodeIgniter.php(520): CodeIgniter\CodeIgniter->runController(Object(App\Controllers\Chat))
 6 SYSTEMPATH\CodeIgniter.php(363): CodeIgniter\CodeIgniter->handleRequest(null, Object(Config\Cache), false)
 7 SYSTEMPATH\Boot.php(417): CodeIgniter\CodeIgniter->run()
 8 SYSTEMPATH\Boot.php(68): CodeIgniter\Boot::runCodeIgniter(Object(CodeIgniter\CodeIgniter))
 9 FCPATH\index.php(59): CodeIgniter\Boot::bootWeb(Object(Config\Paths))
CRITICAL - 2026-08-30 05:53:38 --> [Caused by] CodeIgniter\Database\Exceptions\DatabaseException: Table 'gbinsura_crm.messages' doesn't exist
in SYSTEMPATH\Database\MySQLi\Connection.php on line 310.
 1 SYSTEMPATH\Database\BaseConnection.php(908): CodeIgniter\Database\MySQLi\Connection->execute('UPDATE `messages` SET `isRead` = 1
WHERE `receiverId` = \'1f4c280d781e9380\'
AND `senderId` = \'207c49c0f2fc6493\'
AND `isRead` = 0')
 2 SYSTEMPATH\Database\BaseConnection.php(825): CodeIgniter\Database\BaseConnection->simpleQuery('UPDATE `messages` SET `isRead` = 1
WHERE `receiverId` = \'1f4c280d781e9380\'
AND `senderId` = \'207c49c0f2fc6493\'
AND `isRead` = 0')
 3 SYSTEMPATH\Database\BaseBuilder.php(2519): CodeIgniter\Database\BaseConnection->query('UPDATE `messages` SET `isRead` = :isRead.1:
WHERE `receiverId` = :receiverId:
AND `senderId` = :senderId:
AND `isRead` = :isRead:', [...], false)
 4 APPPATH\Models\MessageModel.php(200): CodeIgniter\Database\BaseBuilder->update([...])
 5 APPPATH\Controllers\Chat.php(218): App\Models\MessageModel->markConversationAsRead('1f4c280d781e9380', '207c49c0f2fc6493')
 6 SYSTEMPATH\CodeIgniter.php(974): App\Controllers\Chat->getMessages('207c49c0f2fc6493')
 7 SYSTEMPATH\CodeIgniter.php(520): CodeIgniter\CodeIgniter->runController(Object(App\Controllers\Chat))
 8 SYSTEMPATH\CodeIgniter.php(363): CodeIgniter\CodeIgniter->handleRequest(null, Object(Config\Cache), false)
 9 SYSTEMPATH\Boot.php(417): CodeIgniter\CodeIgniter->run()
10 SYSTEMPATH\Boot.php(68): CodeIgniter\Boot::runCodeIgniter(Object(CodeIgniter\CodeIgniter))
11 FCPATH\index.php(59): CodeIgniter\Boot::bootWeb(Object(Config\Paths))
CRITICAL - 2026-08-30 05:53:38 --> [Caused by] mysqli_sql_exception: Table 'gbinsura_crm.messages' doesn't exist
in SYSTEMPATH\Database\MySQLi\Connection.php on line 300.
 1 SYSTEMPATH\Database\MySQLi\Connection.php(300): mysqli->query('UPDATE `messages` SET `isRead` = 1
WHERE `receiverId` = \'1f4c280d781e9380\'
AND `senderId` = \'207c49c0f2fc6493\'
AND `isRead` = 0', 0)
 2 SYSTEMPATH\Database\BaseConnection.php(908): CodeIgniter\Database\MySQLi\Connection->execute('UPDATE `messages` SET `isRead` = 1
WHERE `receiverId` = \'1f4c280d781e9380\'
AND `senderId` = \'207c49c0f2fc6493\'
AND `isRead` = 0')
 3 SYSTEMPATH\Database\BaseConnection.php(825): CodeIgniter\Database\BaseConnection->simpleQuery('UPDATE `messages` SET `isRead` = 1
WHERE `receiverId` = \'1f4c280d781e9380\'
AND `senderId` = \'207c49c0f2fc6493\'
AND `isRead` = 0')
 4 SYSTEMPATH\Database\BaseBuilder.php(2519): CodeIgniter\Database\BaseConnection->query('UPDATE `messages` SET `isRead` = :isRead.1:
WHERE `receiverId` = :receiverId:
AND `senderId` = :senderId:
AND `isRead` = :isRead:', [...], false)
 5 APPPATH\Models\MessageModel.php(200): CodeIgniter\Database\BaseBuilder->update([...])
 6 APPPATH\Controllers\Chat.php(218): App\Models\MessageModel->markConversationAsRead('1f4c280d781e9380', '207c49c0f2fc6493')
 7 SYSTEMPATH\CodeIgniter.php(974): App\Controllers\Chat->getMessages('207c49c0f2fc6493')
 8 SYSTEMPATH\CodeIgniter.php(520): CodeIgniter\CodeIgniter->runController(Object(App\Controllers\Chat))
 9 SYSTEMPATH\CodeIgniter.php(363): CodeIgniter\CodeIgniter->handleRequest(null, Object(Config\Cache), false)
10 SYSTEMPATH\Boot.php(417): CodeIgniter\CodeIgniter->run()
11 SYSTEMPATH\Boot.php(68): CodeIgniter\Boot::runCodeIgniter(Object(CodeIgniter\CodeIgniter))
12 FCPATH\index.php(59): CodeIgniter\Boot::bootWeb(Object(Config\Paths))
ERROR - 2026-08-30 05:53:40 --> Table 'gbinsura_crm.messages' doesn't exist
in SYSTEMPATH\Database\MySQLi\Connection.php on line 300.
 1 SYSTEMPATH\Database\MySQLi\Connection.php(300): mysqli->query('UPDATE `messages` SET `isRead` = 1
WHERE `receiverId` = \'1f4c280d781e9380\'
AND `senderId` = \'207c49c0f2fc6493\'
AND `isRead` = 0', 0)
 2 SYSTEMPATH\Database\BaseConnection.php(908): CodeIgniter\Database\MySQLi\Connection->execute('UPDATE `messages` SET `isRead` = 1
WHERE `receiverId` = \'1f4c280d781e9380\'
AND `senderId` = \'207c49c0f2fc6493\'
AND `isRead` = 0')
 3 SYSTEMPATH\Database\BaseConnection.php(825): CodeIgniter\Database\BaseConnection->simpleQuery('UPDATE `messages` SET `isRead` = 1
WHERE `receiverId` = \'1f4c280d781e9380\'
AND `senderId` = \'207c49c0f2fc6493\'
AND `isRead` = 0')
 4 SYSTEMPATH\Database\BaseBuilder.php(2519): CodeIgniter\Database\BaseConnection->query('UPDATE `messages` SET `isRead` = :isRead.1:
WHERE `receiverId` = :receiverId:
AND `senderId` = :senderId:
AND `isRead` = :isRead:', [...], false)
 5 APPPATH\Models\MessageModel.php(200): CodeIgniter\Database\BaseBuilder->update([...])
 6 APPPATH\Controllers\Chat.php(218): App\Models\MessageModel->markConversationAsRead('1f4c280d781e9380', '207c49c0f2fc6493')
 7 SYSTEMPATH\CodeIgniter.php(974): App\Controllers\Chat->getMessages('207c49c0f2fc6493')
 8 SYSTEMPATH\CodeIgniter.php(520): CodeIgniter\CodeIgniter->runController(Object(App\Controllers\Chat))
 9 SYSTEMPATH\CodeIgniter.php(363): CodeIgniter\CodeIgniter->handleRequest(null, Object(Config\Cache), false)
10 SYSTEMPATH\Boot.php(417): CodeIgniter\CodeIgniter->run()
11 SYSTEMPATH\Boot.php(68): CodeIgniter\Boot::runCodeIgniter(Object(CodeIgniter\CodeIgniter))
12 FCPATH\index.php(59): CodeIgniter\Boot::bootWeb(Object(Config\Paths))
CRITICAL - 2026-08-30 05:53:40 --> CodeIgniter\Database\Exceptions\DatabaseException: Table 'gbinsura_crm.messages' doesn't exist
[Method: GET, Route: admin/chat/messages/207c49c0f2fc6493]
in SYSTEMPATH\Database\BaseConnection.php on line 863.
 1 SYSTEMPATH\Database\BaseBuilder.php(2519): CodeIgniter\Database\BaseConnection->query('UPDATE `messages` SET `isRead` = :isRead.1:
WHERE `receiverId` = :receiverId:
AND `senderId` = :senderId:
AND `isRead` = :isRead:', [...], false)
 2 APPPATH\Models\MessageModel.php(200): CodeIgniter\Database\BaseBuilder->update([...])
 3 APPPATH\Controllers\Chat.php(218): App\Models\MessageModel->markConversationAsRead('1f4c280d781e9380', '207c49c0f2fc6493')
 4 SYSTEMPATH\CodeIgniter.php(974): App\Controllers\Chat->getMessages('207c49c0f2fc6493')
 5 SYSTEMPATH\CodeIgniter.php(520): CodeIgniter\CodeIgniter->runController(Object(App\Controllers\Chat))
 6 SYSTEMPATH\CodeIgniter.php(363): CodeIgniter\CodeIgniter->handleRequest(null, Object(Config\Cache), false)
 7 SYSTEMPATH\Boot.php(417): CodeIgniter\CodeIgniter->run()
 8 SYSTEMPATH\Boot.php(68): CodeIgniter\Boot::runCodeIgniter(Object(CodeIgniter\CodeIgniter))
 9 FCPATH\index.php(59): CodeIgniter\Boot::bootWeb(Object(Config\Paths))
CRITICAL - 2026-08-30 05:53:40 --> [Caused by] CodeIgniter\Database\Exceptions\DatabaseException: Table 'gbinsura_crm.messages' doesn't exist
in SYSTEMPATH\Database\MySQLi\Connection.php on line 310.
 1 SYSTEMPATH\Database\BaseConnection.php(908): CodeIgniter\Database\MySQLi\Connection->execute('UPDATE `messages` SET `isRead` = 1
WHERE `receiverId` = \'1f4c280d781e9380\'
AND `senderId` = \'207c49c0f2fc6493\'
AND `isRead` = 0')
 2 SYSTEMPATH\Database\BaseConnection.php(825): CodeIgniter\Database\BaseConnection->simpleQuery('UPDATE `messages` SET `isRead` = 1
WHERE `receiverId` = \'1f4c280d781e9380\'
AND `senderId` = \'207c49c0f2fc6493\'
AND `isRead` = 0')
 3 SYSTEMPATH\Database\BaseBuilder.php(2519): CodeIgniter\Database\BaseConnection->query('UPDATE `messages` SET `isRead` = :isRead.1:
WHERE `receiverId` = :receiverId:
AND `senderId` = :senderId:
AND `isRead` = :isRead:', [...], false)
 4 APPPATH\Models\MessageModel.php(200): CodeIgniter\Database\BaseBuilder->update([...])
 5 APPPATH\Controllers\Chat.php(218): App\Models\MessageModel->markConversationAsRead('1f4c280d781e9380', '207c49c0f2fc6493')
 6 SYSTEMPATH\CodeIgniter.php(974): App\Controllers\Chat->getMessages('207c49c0f2fc6493')
 7 SYSTEMPATH\CodeIgniter.php(520): CodeIgniter\CodeIgniter->runController(Object(App\Controllers\Chat))
 8 SYSTEMPATH\CodeIgniter.php(363): CodeIgniter\CodeIgniter->handleRequest(null, Object(Config\Cache), false)
 9 SYSTEMPATH\Boot.php(417): CodeIgniter\CodeIgniter->run()
10 SYSTEMPATH\Boot.php(68): CodeIgniter\Boot::runCodeIgniter(Object(CodeIgniter\CodeIgniter))
11 FCPATH\index.php(59): CodeIgniter\Boot::bootWeb(Object(Config\Paths))
CRITICAL - 2026-08-30 05:53:40 --> [Caused by] mysqli_sql_exception: Table 'gbinsura_crm.messages' doesn't exist
in SYSTEMPATH\Database\MySQLi\Connection.php on line 300.
 1 SYSTEMPATH\Database\MySQLi\Connection.php(300): mysqli->query('UPDATE `messages` SET `isRead` = 1
WHERE `receiverId` = \'1f4c280d781e9380\'
AND `senderId` = \'207c49c0f2fc6493\'
AND `isRead` = 0', 0)
 2 SYSTEMPATH\Database\BaseConnection.php(908): CodeIgniter\Database\MySQLi\Connection->execute('UPDATE `messages` SET `isRead` = 1
WHERE `receiverId` = \'1f4c280d781e9380\'
AND `senderId` = \'207c49c0f2fc6493\'
AND `isRead` = 0')
 3 SYSTEMPATH\Database\BaseConnection.php(825): CodeIgniter\Database\BaseConnection->simpleQuery('UPDATE `messages` SET `isRead` = 1
WHERE `receiverId` = \'1f4c280d781e9380\'
AND `senderId` = \'207c49c0f2fc6493\'
AND `isRead` = 0')
 4 SYSTEMPATH\Database\BaseBuilder.php(2519): CodeIgniter\Database\BaseConnection->query('UPDATE `messages` SET `isRead` = :isRead.1:
WHERE `receiverId` = :receiverId:
AND `senderId` = :senderId:
AND `isRead` = :isRead:', [...], false)
 5 APPPATH\Models\MessageModel.php(200): CodeIgniter\Database\BaseBuilder->update([...])
 6 APPPATH\Controllers\Chat.php(218): App\Models\MessageModel->markConversationAsRead('1f4c280d781e9380', '207c49c0f2fc6493')
 7 SYSTEMPATH\CodeIgniter.php(974): App\Controllers\Chat->getMessages('207c49c0f2fc6493')
 8 SYSTEMPATH\CodeIgniter.php(520): CodeIgniter\CodeIgniter->runController(Object(App\Controllers\Chat))
 9 SYSTEMPATH\CodeIgniter.php(363): CodeIgniter\CodeIgniter->handleRequest(null, Object(Config\Cache), false)
10 SYSTEMPATH\Boot.php(417): CodeIgniter\CodeIgniter->run()
11 SYSTEMPATH\Boot.php(68): CodeIgniter\Boot::runCodeIgniter(Object(CodeIgniter\CodeIgniter))
12 FCPATH\index.php(59): CodeIgniter\Boot::bootWeb(Object(Config\Paths))
ERROR - 2026-08-30 05:54:21 --> Table 'gbinsura_crm.messages' doesn't exist
in SYSTEMPATH\Database\MySQLi\Connection.php on line 300.
 1 SYSTEMPATH\Database\MySQLi\Connection.php(300): mysqli->query('SELECT COUNT(*) AS `numrows`
FROM `messages`
WHERE `receiverId` = \'1f4c280d781e9380\'
AND `isRead` = 0', 0)
 2 SYSTEMPATH\Database\BaseConnection.php(908): CodeIgniter\Database\MySQLi\Connection->execute('SELECT COUNT(*) AS `numrows`
FROM `messages`
WHERE `receiverId` = \'1f4c280d781e9380\'
AND `isRead` = 0')
 3 SYSTEMPATH\Database\BaseConnection.php(825): CodeIgniter\Database\BaseConnection->simpleQuery('SELECT COUNT(*) AS `numrows`
FROM `messages`
WHERE `receiverId` = \'1f4c280d781e9380\'
AND `isRead` = 0')
 4 SYSTEMPATH\Database\BaseBuilder.php(1731): CodeIgniter\Database\BaseConnection->query('SELECT COUNT(*) AS `numrows`
FROM `messages`
WHERE `receiverId` = :receiverId:
AND `isRead` = :isRead:', [...], false)
 5 APPPATH\Models\MessageModel.php(163): CodeIgniter\Database\BaseBuilder->countAllResults()
 6 APPPATH\Controllers\Chat.php(69): App\Models\MessageModel->getUnreadCount('1f4c280d781e9380')
 7 SYSTEMPATH\CodeIgniter.php(974): App\Controllers\Chat->unreadCount()
 8 SYSTEMPATH\CodeIgniter.php(520): CodeIgniter\CodeIgniter->runController(Object(App\Controllers\Chat))
 9 SYSTEMPATH\CodeIgniter.php(363): CodeIgniter\CodeIgniter->handleRequest(null, Object(Config\Cache), false)
10 SYSTEMPATH\Boot.php(417): CodeIgniter\CodeIgniter->run()
11 SYSTEMPATH\Boot.php(68): CodeIgniter\Boot::runCodeIgniter(Object(CodeIgniter\CodeIgniter))
12 FCPATH\index.php(59): CodeIgniter\Boot::bootWeb(Object(Config\Paths))
CRITICAL - 2026-08-30 05:54:21 --> CodeIgniter\Database\Exceptions\DatabaseException: Table 'gbinsura_crm.messages' doesn't exist
[Method: GET, Route: admin/chat/unread-count]
in SYSTEMPATH\Database\BaseConnection.php on line 863.
 1 SYSTEMPATH\Database\BaseBuilder.php(1731): CodeIgniter\Database\BaseConnection->query('SELECT COUNT(*) AS `numrows`
FROM `messages`
WHERE `receiverId` = :receiverId:
AND `isRead` = :isRead:', [...], false)
 2 APPPATH\Models\MessageModel.php(163): CodeIgniter\Database\BaseBuilder->countAllResults()
 3 APPPATH\Controllers\Chat.php(69): App\Models\MessageModel->getUnreadCount('1f4c280d781e9380')
 4 SYSTEMPATH\CodeIgniter.php(974): App\Controllers\Chat->unreadCount()
 5 SYSTEMPATH\CodeIgniter.php(520): CodeIgniter\CodeIgniter->runController(Object(App\Controllers\Chat))
 6 SYSTEMPATH\CodeIgniter.php(363): CodeIgniter\CodeIgniter->handleRequest(null, Object(Config\Cache), false)
 7 SYSTEMPATH\Boot.php(417): CodeIgniter\CodeIgniter->run()
 8 SYSTEMPATH\Boot.php(68): CodeIgniter\Boot::runCodeIgniter(Object(CodeIgniter\CodeIgniter))
 9 FCPATH\index.php(59): CodeIgniter\Boot::bootWeb(Object(Config\Paths))
CRITICAL - 2026-08-30 05:54:21 --> [Caused by] CodeIgniter\Database\Exceptions\DatabaseException: Table 'gbinsura_crm.messages' doesn't exist
in SYSTEMPATH\Database\MySQLi\Connection.php on line 310.
 1 SYSTEMPATH\Database\BaseConnection.php(908): CodeIgniter\Database\MySQLi\Connection->execute('SELECT COUNT(*) AS `numrows`
FROM `messages`
WHERE `receiverId` = \'1f4c280d781e9380\'
AND `isRead` = 0')
 2 SYSTEMPATH\Database\BaseConnection.php(825): CodeIgniter\Database\BaseConnection->simpleQuery('SELECT COUNT(*) AS `numrows`
FROM `messages`
WHERE `receiverId` = \'1f4c280d781e9380\'
AND `isRead` = 0')
 3 SYSTEMPATH\Database\BaseBuilder.php(1731): CodeIgniter\Database\BaseConnection->query('SELECT COUNT(*) AS `numrows`
FROM `messages`
WHERE `receiverId` = :receiverId:
AND `isRead` = :isRead:', [...], false)
 4 APPPATH\Models\MessageModel.php(163): CodeIgniter\Database\BaseBuilder->countAllResults()
 5 APPPATH\Controllers\Chat.php(69): App\Models\MessageModel->getUnreadCount('1f4c280d781e9380')
 6 SYSTEMPATH\CodeIgniter.php(974): App\Controllers\Chat->unreadCount()
 7 SYSTEMPATH\CodeIgniter.php(520): CodeIgniter\CodeIgniter->runController(Object(App\Controllers\Chat))
 8 SYSTEMPATH\CodeIgniter.php(363): CodeIgniter\CodeIgniter->handleRequest(null, Object(Config\Cache), false)
 9 SYSTEMPATH\Boot.php(417): CodeIgniter\CodeIgniter->run()
10 SYSTEMPATH\Boot.php(68): CodeIgniter\Boot::runCodeIgniter(Object(CodeIgniter\CodeIgniter))
11 FCPATH\index.php(59): CodeIgniter\Boot::bootWeb(Object(Config\Paths))
CRITICAL - 2026-08-30 05:54:21 --> [Caused by] mysqli_sql_exception: Table 'gbinsura_crm.messages' doesn't exist
in SYSTEMPATH\Database\MySQLi\Connection.php on line 300.
 1 SYSTEMPATH\Database\MySQLi\Connection.php(300): mysqli->query('SELECT COUNT(*) AS `numrows`
FROM `messages`
WHERE `receiverId` = \'1f4c280d781e9380\'
AND `isRead` = 0', 0)
 2 SYSTEMPATH\Database\BaseConnection.php(908): CodeIgniter\Database\MySQLi\Connection->execute('SELECT COUNT(*) AS `numrows`
FROM `messages`
WHERE `receiverId` = \'1f4c280d781e9380\'
AND `isRead` = 0')
 3 SYSTEMPATH\Database\BaseConnection.php(825): CodeIgniter\Database\BaseConnection->simpleQuery('SELECT COUNT(*) AS `numrows`
FROM `messages`
WHERE `receiverId` = \'1f4c280d781e9380\'
AND `isRead` = 0')
 4 SYSTEMPATH\Database\BaseBuilder.php(1731): CodeIgniter\Database\BaseConnection->query('SELECT COUNT(*) AS `numrows`
FROM `messages`
WHERE `receiverId` = :receiverId:
AND `isRead` = :isRead:', [...], false)
 5 APPPATH\Models\MessageModel.php(163): CodeIgniter\Database\BaseBuilder->countAllResults()
 6 APPPATH\Controllers\Chat.php(69): App\Models\MessageModel->getUnreadCount('1f4c280d781e9380')
 7 SYSTEMPATH\CodeIgniter.php(974): App\Controllers\Chat->unreadCount()
 8 SYSTEMPATH\CodeIgniter.php(520): CodeIgniter\CodeIgniter->runController(Object(App\Controllers\Chat))
 9 SYSTEMPATH\CodeIgniter.php(363): CodeIgniter\CodeIgniter->handleRequest(null, Object(Config\Cache), false)
10 SYSTEMPATH\Boot.php(417): CodeIgniter\CodeIgniter->run()
11 SYSTEMPATH\Boot.php(68): CodeIgniter\Boot::runCodeIgniter(Object(CodeIgniter\CodeIgniter))
12 FCPATH\index.php(59): CodeIgniter\Boot::bootWeb(Object(Config\Paths))
ERROR - 2026-08-30 05:54:21 --> Table 'gbinsura_crm.messages' doesn't exist
in SYSTEMPATH\Database\MySQLi\Connection.php on line 300.
 1 SYSTEMPATH\Database\MySQLi\Connection.php(300): mysqli->query('UPDATE `messages` SET `isRead` = 1
WHERE `receiverId` = \'1f4c280d781e9380\'
AND `senderId` = \'207c49c0f2fc6493\'
AND `isRead` = 0', 0)
 2 SYSTEMPATH\Database\BaseConnection.php(908): CodeIgniter\Database\MySQLi\Connection->execute('UPDATE `messages` SET `isRead` = 1
WHERE `receiverId` = \'1f4c280d781e9380\'
AND `senderId` = \'207c49c0f2fc6493\'
AND `isRead` = 0')
 3 SYSTEMPATH\Database\BaseConnection.php(825): CodeIgniter\Database\BaseConnection->simpleQuery('UPDATE `messages` SET `isRead` = 1
WHERE `receiverId` = \'1f4c280d781e9380\'
AND `senderId` = \'207c49c0f2fc6493\'
AND `isRead` = 0')
 4 SYSTEMPATH\Database\BaseBuilder.php(2519): CodeIgniter\Database\BaseConnection->query('UPDATE `messages` SET `isRead` = :isRead.1:
WHERE `receiverId` = :receiverId:
AND `senderId` = :senderId:
AND `isRead` = :isRead:', [...], false)
 5 APPPATH\Models\MessageModel.php(200): CodeIgniter\Database\BaseBuilder->update([...])
 6 APPPATH\Controllers\Chat.php(218): App\Models\MessageModel->markConversationAsRead('1f4c280d781e9380', '207c49c0f2fc6493')
 7 SYSTEMPATH\CodeIgniter.php(974): App\Controllers\Chat->getMessages('207c49c0f2fc6493')
 8 SYSTEMPATH\CodeIgniter.php(520): CodeIgniter\CodeIgniter->runController(Object(App\Controllers\Chat))
 9 SYSTEMPATH\CodeIgniter.php(363): CodeIgniter\CodeIgniter->handleRequest(null, Object(Config\Cache), false)
10 SYSTEMPATH\Boot.php(417): CodeIgniter\CodeIgniter->run()
11 SYSTEMPATH\Boot.php(68): CodeIgniter\Boot::runCodeIgniter(Object(CodeIgniter\CodeIgniter))
12 FCPATH\index.php(59): CodeIgniter\Boot::bootWeb(Object(Config\Paths))
CRITICAL - 2026-08-30 05:54:21 --> CodeIgniter\Database\Exceptions\DatabaseException: Table 'gbinsura_crm.messages' doesn't exist
[Method: GET, Route: admin/chat/messages/207c49c0f2fc6493]
in SYSTEMPATH\Database\BaseConnection.php on line 863.
 1 SYSTEMPATH\Database\BaseBuilder.php(2519): CodeIgniter\Database\BaseConnection->query('UPDATE `messages` SET `isRead` = :isRead.1:
WHERE `receiverId` = :receiverId:
AND `senderId` = :senderId:
AND `isRead` = :isRead:', [...], false)
 2 APPPATH\Models\MessageModel.php(200): CodeIgniter\Database\BaseBuilder->update([...])
 3 APPPATH\Controllers\Chat.php(218): App\Models\MessageModel->markConversationAsRead('1f4c280d781e9380', '207c49c0f2fc6493')
 4 SYSTEMPATH\CodeIgniter.php(974): App\Controllers\Chat->getMessages('207c49c0f2fc6493')
 5 SYSTEMPATH\CodeIgniter.php(520): CodeIgniter\CodeIgniter->runController(Object(App\Controllers\Chat))
 6 SYSTEMPATH\CodeIgniter.php(363): CodeIgniter\CodeIgniter->handleRequest(null, Object(Config\Cache), false)
 7 SYSTEMPATH\Boot.php(417): CodeIgniter\CodeIgniter->run()
 8 SYSTEMPATH\Boot.php(68): CodeIgniter\Boot::runCodeIgniter(Object(CodeIgniter\CodeIgniter))
 9 FCPATH\index.php(59): CodeIgniter\Boot::bootWeb(Object(Config\Paths))
CRITICAL - 2026-08-30 05:54:21 --> [Caused by] CodeIgniter\Database\Exceptions\DatabaseException: Table 'gbinsura_crm.messages' doesn't exist
in SYSTEMPATH\Database\MySQLi\Connection.php on line 310.
 1 SYSTEMPATH\Database\BaseConnection.php(908): CodeIgniter\Database\MySQLi\Connection->execute('UPDATE `messages` SET `isRead` = 1
WHERE `receiverId` = \'1f4c280d781e9380\'
AND `senderId` = \'207c49c0f2fc6493\'
AND `isRead` = 0')
 2 SYSTEMPATH\Database\BaseConnection.php(825): CodeIgniter\Database\BaseConnection->simpleQuery('UPDATE `messages` SET `isRead` = 1
WHERE `receiverId` = \'1f4c280d781e9380\'
AND `senderId` = \'207c49c0f2fc6493\'
AND `isRead` = 0')
 3 SYSTEMPATH\Database\BaseBuilder.php(2519): CodeIgniter\Database\BaseConnection->query('UPDATE `messages` SET `isRead` = :isRead.1:
WHERE `receiverId` = :receiverId:
AND `senderId` = :senderId:
AND `isRead` = :isRead:', [...], false)
 4 APPPATH\Models\MessageModel.php(200): CodeIgniter\Database\BaseBuilder->update([...])
 5 APPPATH\Controllers\Chat.php(218): App\Models\MessageModel->markConversationAsRead('1f4c280d781e9380', '207c49c0f2fc6493')
 6 SYSTEMPATH\CodeIgniter.php(974): App\Controllers\Chat->getMessages('207c49c0f2fc6493')
 7 SYSTEMPATH\CodeIgniter.php(520): CodeIgniter\CodeIgniter->runController(Object(App\Controllers\Chat))
 8 SYSTEMPATH\CodeIgniter.php(363): CodeIgniter\CodeIgniter->handleRequest(null, Object(Config\Cache), false)
 9 SYSTEMPATH\Boot.php(417): CodeIgniter\CodeIgniter->run()
10 SYSTEMPATH\Boot.php(68): CodeIgniter\Boot::runCodeIgniter(Object(CodeIgniter\CodeIgniter))
11 FCPATH\index.php(59): CodeIgniter\Boot::bootWeb(Object(Config\Paths))
CRITICAL - 2026-08-30 05:54:21 --> [Caused by] mysqli_sql_exception: Table 'gbinsura_crm.messages' doesn't exist
in SYSTEMPATH\Database\MySQLi\Connection.php on line 300.
 1 SYSTEMPATH\Database\MySQLi\Connection.php(300): mysqli->query('UPDATE `messages` SET `isRead` = 1
WHERE `receiverId` = \'1f4c280d781e9380\'
AND `senderId` = \'207c49c0f2fc6493\'
AND `isRead` = 0', 0)
 2 SYSTEMPATH\Database\BaseConnection.php(908): CodeIgniter\Database\MySQLi\Connection->execute('UPDATE `messages` SET `isRead` = 1
WHERE `receiverId` = \'1f4c280d781e9380\'
AND `senderId` = \'207c49c0f2fc6493\'
AND `isRead` = 0')
 3 SYSTEMPATH\Database\BaseConnection.php(825): CodeIgniter\Database\BaseConnection->simpleQuery('UPDATE `messages` SET `isRead` = 1
WHERE `receiverId` = \'1f4c280d781e9380\'
AND `senderId` = \'207c49c0f2fc6493\'
AND `isRead` = 0')
 4 SYSTEMPATH\Database\BaseBuilder.php(2519): CodeIgniter\Database\BaseConnection->query('UPDATE `messages` SET `isRead` = :isRead.1:
WHERE `receiverId` = :receiverId:
AND `senderId` = :senderId:
AND `isRead` = :isRead:', [...], false)
 5 APPPATH\Models\MessageModel.php(200): CodeIgniter\Database\BaseBuilder->update([...])
 6 APPPATH\Controllers\Chat.php(218): App\Models\MessageModel->markConversationAsRead('1f4c280d781e9380', '207c49c0f2fc6493')
 7 SYSTEMPATH\CodeIgniter.php(974): App\Controllers\Chat->getMessages('207c49c0f2fc6493')
 8 SYSTEMPATH\CodeIgniter.php(520): CodeIgniter\CodeIgniter->runController(Object(App\Controllers\Chat))
 9 SYSTEMPATH\CodeIgniter.php(363): CodeIgniter\CodeIgniter->handleRequest(null, Object(Config\Cache), false)
10 SYSTEMPATH\Boot.php(417): CodeIgniter\CodeIgniter->run()
11 SYSTEMPATH\Boot.php(68): CodeIgniter\Boot::runCodeIgniter(Object(CodeIgniter\CodeIgniter))
12 FCPATH\index.php(59): CodeIgniter\Boot::bootWeb(Object(Config\Paths))
